movieId,title,genres,avg_rating,rating_count,rating_count_scaled,liked
2405,"Jewel of the Nile, The (1985)",Action|Adventure|Comedy|Romance,3.064516129032258,31,0.08928571428571427,0
322,Swimming with Sharks (1995),Comedy|Drama,3.9375,16,0.04464285714285714,1
7314,Robot Stories (2003),Drama|Sci-Fi,3.5,1,0.0,0
8951,Vera Drake (2004),Drama,3.7,5,0.011904761904761904,1
2762,"Sixth Sense, The (1999)",Drama|Horror|Mystery,3.908108108108108,185,0.5476190476190476,1
1286,Somewhere in Time (1980),Drama|Romance,3.3846153846153846,13,0.03571428571428571,0
253,Interview with the Vampire: The Vampire Chronicles (1994),Drama|Horror,3.53125,144,0.4255952380952381,1
5147,Wild Strawberries (Smultronstället) (1957),Drama,3.888888888888889,9,0.023809523809523808,1
2953,Home Alone 2: Lost in New York (1992),Children|Comedy,2.7375,40,0.11607142857142856,0
2321,Pleasantville (1998),Comedy|Drama|Fantasy,3.6544117647058822,68,0.19940476190476192,1
5971,My Neighbor Totoro (Tonari no Totoro) (1988),Animation|Children|Drama|Fantasy,4.04,25,0.07142857142857142,1
913,"Maltese Falcon, The (1941)",Film-Noir|Mystery,4.184931506849315,73,0.21428571428571427,1
1374,Star Trek II: The Wrath of Khan (1982),Action|Adventure|Sci-Fi|Thriller,3.660377358490566,106,0.3125,1
79702,Scott Pilgrim vs. the World (2010),Action|Comedy|Fantasy|Musical|Romance,3.4375,24,0.06845238095238095,0
59118,Happy-Go-Lucky (2008),Comedy|Drama,3.875,4,0.008928571428571428,1
1923,There's Something About Mary (1998),Comedy|Romance,3.5381679389312977,131,0.3869047619047619,0
2746,Little Shop of Horrors (1986),Comedy|Horror|Musical,2.9358974358974357,39,0.11309523809523808,0
4240,Just Visiting (2001),Comedy|Fantasy,1.5,2,0.002976190476190476,0
2469,Peggy Sue Got Married (1986),Comedy|Drama,3.130434782608696,23,0.06547619047619047,1
8961,"Incredibles, The (2004)",Action|Adventure|Animation|Children|Comedy,3.9207317073170733,82,0.24107142857142858,1
2355,"Bug's Life, A (1998)",Adventure|Animation|Children|Comedy,3.4742268041237114,97,0.2857142857142857,0
4816,Zoolander (2001),Comedy,3.3658536585365852,41,0.11904761904761904,0
780,Independence Day (a.k.a. ID4) (1996),Action|Adventure|Sci-Fi|Thriller,3.3974358974358974,234,0.6934523809523809,0
2706,American Pie (1999),Comedy|Romance,3.256637168141593,113,0.3333333333333333,1
1129,Escape from New York (1981),Action|Adventure|Sci-Fi|Thriller,3.09,50,0.14583333333333334,0
51084,Music and Lyrics (2007),Comedy|Romance,3.25,8,0.020833333333333332,1
903,Vertigo (1958),Drama|Mystery|Romance|Thriller,4.169117647058823,68,0.19940476190476192,1
41566,"Chronicles of Narnia: The Lion, the Witch and the Wardrobe, The (2005)",Adventure|Children|Fantasy,3.2127659574468086,47,0.13690476190476192,0
553,Tombstone (1993),Action|Drama|Western,3.65,70,0.20535714285714285,1
2133,Adventures in Babysitting (1987),Adventure|Comedy,3.2083333333333335,24,0.06845238095238095,0
1648,"House of Yes, The (1997)",Comedy|Drama,3.357142857142857,7,0.017857142857142856,1
6365,"Matrix Reloaded, The (2003)",Action|Adventure|Sci-Fi|Thriller|IMAX,3.4397590361445785,83,0.24404761904761904,0
150,Apollo 13 (1995),Adventure|Drama|IMAX,3.8841463414634148,246,0.7291666666666666,0
1394,Raising Arizona (1987),Comedy,4.082278481012659,79,0.23214285714285715,1
923,Citizen Kane (1941),Drama|Mystery,4.135416666666667,96,0.28273809523809523,0
1909,"X-Files: Fight the Future, The (1998)",Action|Crime|Mystery|Sci-Fi|Thriller,3.3189655172413794,58,0.16964285714285715,1
1633,Ulee's Gold (1997),Drama,3.5,14,0.03869047619047619,1
596,Pinocchio (1940),Animation|Children|Fantasy|Musical,3.75,64,0.1875,1
48516,"Departed, The (2006)",Crime|Drama|Thriller,3.9507042253521125,71,0.20833333333333334,0
1876,Deep Impact (1998),Drama|Sci-Fi|Thriller,2.9915254237288136,59,0.17261904761904762,0
1573,Face/Off (1997),Action|Crime|Drama|Thriller,3.3383838383838382,99,0.2916666666666667,1
908,North by Northwest (1959),Action|Adventure|Mystery|Romance|Thriller,4.2465753424657535,73,0.21428571428571427,1
1164,2 ou 3 choses que je sais d'elle (2 or 3 Things I Know About Her) (1967),Drama,4.0,1,0.0,1
383,Wyatt Earp (1994),Western,3.25,24,0.06845238095238095,0
2870,Barefoot in the Park (1967),Comedy,3.3333333333333335,6,0.01488095238095238,0
1845,Zero Effect (1998),Comedy|Mystery|Thriller,4.0,5,0.011904761904761904,0
2268,"Few Good Men, A (1992)",Crime|Drama|Thriller,3.676829268292683,82,0.24107142857142858,1
466,Hot Shots! Part Deux (1993),Action|Comedy|War,3.051470588235294,68,0.19940476190476192,0
163,Desperado (1995),Action|Romance|Western,3.5125,80,0.23511904761904762,0
1270,Back to the Future (1985),Adventure|Comedy|Sci-Fi,3.939252336448598,214,0.6339285714285714,1
367,"Mask, The (1994)",Action|Comedy|Crime|Fantasy,3.1925465838509317,161,0.47619047619047616,1
4890,Shallow Hal (2001),Comedy|Fantasy|Romance,3.3947368421052633,19,0.05357142857142856,0
2028,Saving Private Ryan (1998),Action|Drama|War,4.076502732240437,183,0.5416666666666666,1
4144,In the Mood For Love (Fa yeung nin wa) (2000),Drama|Romance,4.3125,8,0.020833333333333332,1
44199,Inside Man (2006),Crime|Drama|Thriller,4.1,30,0.0863095238095238,1
1665,Bean (1997),Comedy,2.6176470588235294,17,0.047619047619047616,0
918,Meet Me in St. Louis (1944),Musical,4.05,10,0.026785714285714284,1
2686,"Red Violin, The (Violon rouge, Le) (1998)",Drama|Mystery,3.6956521739130435,23,0.06547619047619047,1
6377,Finding Nemo (2003),Adventure|Animation|Children|Comedy,3.899159663865546,119,0.35119047619047616,1
368,Maverick (1994),Adventure|Comedy|Western,3.3266666666666667,75,0.22023809523809523,0
8131,Pursuit of Happiness (2001),Comedy|Romance,3.2142857142857144,7,0.017857142857142856,0
904,Rear Window (1954),Mystery|Thriller,4.267441860465116,86,0.25297619047619047,0
3844,Steel Magnolias (1989),Drama,3.78125,16,0.04464285714285714,1
71838,Law Abiding Citizen (2009),Drama|Thriller,3.6875,8,0.020833333333333332,1
2907,Superstar (1999),Comedy,1.8888888888888888,9,0.023809523809523808,0
370,Naked Gun 33 1/3: The Final Insult (1994),Action|Comedy,2.802469135802469,81,0.23809523809523808,0
2985,RoboCop (1987),Action|Crime|Drama|Sci-Fi|Thriller,3.2313432835820897,67,0.19642857142857142,0
919,"Wizard of Oz, The (1939)",Adventure|Children|Fantasy|Musical,4.069444444444445,108,0.31845238095238093,1
4901,Spy Game (2001),Action|Crime|Drama|Thriller,3.732142857142857,28,0.08035714285714285,1
2529,Planet of the Apes (1968),Action|Drama|Sci-Fi,3.661764705882353,68,0.19940476190476192,0
1204,Lawrence of Arabia (1962),Adventure|Drama|War,4.2,70,0.20535714285714285,1
480,Jurassic Park (1993),Action|Adventure|Sci-Fi|Thriller,3.6814946619217084,281,0.8333333333333333,1
296,Pulp Fiction (1994),Comedy|Crime|Drama|Thriller,4.221884498480243,329,0.9761904761904762,1
748,"Arrival, The (1996)",Action|Sci-Fi|Thriller,2.8125,24,0.06845238095238095,0
56775,National Treasure: Book of Secrets (2007),Action|Adventure,3.0,11,0.029761904761904757,0
2115,Indiana Jones and the Temple of Doom (1984),Action|Adventure|Fantasy,3.779279279279279,111,0.3273809523809524,0
6954,"Barbarian Invasions, The (Les invasions barbares) (2003)",Comedy|Crime|Drama|Mystery|Romance,4.0,4,0.008928571428571428,1
1185,My Left Foot (1989),Drama,4.0,25,0.07142857142857142,0
575,"Little Rascals, The (1994)",Children|Comedy,2.8846153846153846,13,0.03571428571428571,0
1643,"Mrs. Brown (a.k.a. Her Majesty, Mrs. Brown) (1997)",Drama|Romance,3.4615384615384617,13,0.03571428571428571,0
65,Bio-Dome (1996),Comedy,2.608695652173913,23,0.06547619047619047,1
2643,Superman IV: The Quest for Peace (1987),Action|Adventure|Sci-Fi,1.7857142857142858,21,0.05952380952380952,0
454,"Firm, The (1993)",Drama|Thriller,3.5510204081632653,147,0.43452380952380953,0
1603,Mimic (1997),Horror|Sci-Fi|Thriller,2.875,12,0.03273809523809523,0
1304,Butch Cassidy and the Sundance Kid (1969),Action|Western,4.117283950617284,81,0.23809523809523808,0
160,Congo (1995),Action|Adventure|Mystery|Sci-Fi,2.763157894736842,76,0.2232142857142857,1
5598,Surf Ninjas (1993),Comedy,2.25,2,0.002976190476190476,0
1246,Dead Poets Society (1989),Drama,3.9601769911504423,113,0.3333333333333333,1
1200,Aliens (1986),Action|Adventure|Horror|Sci-Fi,3.9859154929577465,142,0.41964285714285715,0
8464,Super Size Me (2004),Comedy|Documentary|Drama,3.707317073170732,41,0.11904761904761904,1
2614,Chopping Mall (a.k.a. Killbots) (1986),Action|Horror|Sci-Fi,1.8,5,0.011904761904761904,0
1089,Reservoir Dogs (1992),Crime|Mystery|Thriller,4.088,125,0.369047619047619,1
58347,Penelope (2006),Comedy|Fantasy|Romance,4.166666666666667,3,0.005952380952380952,1
2385,Home Fries (1998),Comedy|Romance,2.0714285714285716,7,0.017857142857142856,0
2478,¡Three Amigos! (1986),Comedy|Western,3.390625,32,0.09226190476190475,0
1380,Grease (1978),Comedy|Musical|Romance,3.4121621621621623,74,0.21726190476190477,0
3489,Hook (1991),Adventure|Comedy|Fantasy,3.5208333333333335,48,0.13988095238095238,1
1754,Fallen (1998),Crime|Drama|Fantasy|Thriller,3.45,20,0.05654761904761904,1
590,Dances with Wolves (1990),Adventure|Drama|Western,3.7986725663716814,226,0.6696428571428571,0
54001,Harry Potter and the Order of the Phoenix (2007),Adventure|Drama|Fantasy|IMAX,3.6857142857142855,35,0.10119047619047618,1
5294,Frailty (2001),Crime|Drama|Thriller,3.4,10,0.026785714285714284,1
524,Rudy (1993),Drama,3.242857142857143,35,0.10119047619047618,1
441,Dazed and Confused (1993),Comedy,3.611111111111111,45,0.13095238095238096,1
51662,300 (2007),Action|Fantasy|War|IMAX,3.807017543859649,57,0.16666666666666666,0
3421,Animal House (1978),Comedy,3.865079365079365,63,0.18452380952380953,1
4019,Finding Forrester (2000),Drama,3.467391304347826,46,0.13392857142857142,0
5026,"Brotherhood of the Wolf (Pacte des loups, Le) (2001)",Action|Mystery|Thriller,3.5,11,0.029761904761904757,0
2231,Rounders (1998),Drama,3.8076923076923075,26,0.0744047619047619,1
444,Even Cowgirls Get the Blues (1993),Comedy|Romance,2.25,8,0.020833333333333332,0
535,Short Cuts (1993),Drama,3.7,25,0.07142857142857142,0
3634,Seven Days in May (1964),Thriller,4.2,5,0.011904761904761904,1
431,Carlito's Way (1993),Crime|Drama,3.7386363636363638,44,0.12797619047619047,1
1371,Star Trek: The Motion Picture (1979),Adventure|Sci-Fi,2.9482758620689653,58,0.16964285714285715,0
539,Sleepless in Seattle (1993),Comedy|Drama|Romance,3.5594405594405596,143,0.4226190476190476,1
1220,"Blues Brothers, The (1980)",Action|Comedy|Musical,3.8863636363636362,88,0.2589285714285714,0
2986,RoboCop 2 (1990),Action|Crime|Sci-Fi|Thriller,2.0526315789473686,19,0.05357142857142856,0
3683,Blood Simple (1984),Crime|Drama|Film-Noir,4.068965517241379,29,0.08333333333333333,0
1833,Mercury Rising (1998),Action|Drama|Thriller,3.0,16,0.04464285714285714,1
2427,"Thin Red Line, The (1998)",Action|Drama|War,3.197674418604651,43,0.12499999999999999,0
2003,Gremlins (1984),Comedy|Horror,3.275,60,0.17559523809523808,0
1198,Raiders of the Lost Ark (Indiana Jones and the Raiders of the Lost Ark) (1981),Action|Adventure,4.1275,200,0.5922619047619048,0
3386,JFK (1991),Drama|Mystery|Thriller,3.590909090909091,33,0.09523809523809523,1
4350,Forgotten Silver (1996),Comedy|Documentary,4.166666666666667,3,0.005952380952380952,1
4034,Traffic (2000),Crime|Drama|Thriller,3.796511627906977,86,0.25297619047619047,0
7216,High Sierra (1941),Crime|Drama|Film-Noir|Thriller,3.75,2,0.002976190476190476,0
1090,Platoon (1986),Drama|War,3.6582278481012658,79,0.23214285714285715,1
5679,"Ring, The (2002)",Horror|Mystery|Thriller,3.511111111111111,45,0.13095238095238096,0
1372,Star Trek VI: The Undiscovered Country (1991),Action|Mystery|Sci-Fi,3.2244897959183674,49,0.14285714285714285,0
916,Roman Holiday (1953),Comedy|Drama|Romance,4.17741935483871,31,0.08928571428571427,1
6711,Lost in Translation (2003),Comedy|Drama|Romance,3.686046511627907,86,0.25297619047619047,0
34153,Murderball (2005),Documentary,4.666666666666667,3,0.005952380952380952,1
5952,"Lord of the Rings: The Two Towers, The (2002)",Adventure|Fantasy,4.029032258064516,155,0.4583333333333333,1
4768,"Dr. Mabuse: The Gambler (Dr. Mabuse, der Spieler) (1922)",Crime|Mystery|Thriller,4.5,2,0.002976190476190476,1
457,"Fugitive, The (1993)",Thriller,4.001915708812261,261,0.7738095238095237,1
543,So I Married an Axe Murderer (1993),Comedy|Romance|Thriller,3.288135593220339,59,0.17261904761904762,0
2455,"Fly, The (1986)",Drama|Horror|Sci-Fi|Thriller,3.3617021276595747,47,0.13690476190476192,1
6765,Under the Tuscan Sun (2003),Comedy|Drama|Romance,3.5,7,0.017857142857142856,0
107,Muppet Treasure Island (1996),Adventure|Children|Comedy|Musical,3.0285714285714285,35,0.10119047619047618,1
434,Cliffhanger (1993),Action|Adventure|Thriller,3.1048387096774195,124,0.36607142857142855,0
34,Babe (1995),Children|Drama,3.6625766871165646,163,0.48214285714285715,0
1881,Quest for Camelot (1998),Adventure|Animation|Children|Fantasy|Musical,2.625,4,0.008928571428571428,0
3682,Magnum Force (1973),Action|Crime|Drama|Thriller,3.3125,8,0.020833333333333332,0
2470,Crocodile Dundee (1986),Adventure|Comedy,3.25,62,0.18154761904761904,0
2186,Strangers on a Train (1951),Crime|Drama|Film-Noir|Thriller,4.409090909090909,22,0.062499999999999986,1
5292,Slap Shot (1977),Comedy,4.0,12,0.03273809523809523,1
31422,Are We There Yet? (2005),Children|Comedy,2.5,4,0.008928571428571428,0
2011,Back to the Future Part II (1989),Adventure|Comedy|Sci-Fi,3.533333333333333,90,0.2648809523809524,1
3114,Toy Story 2 (1999),Adventure|Animation|Children|Comedy|Fantasy,3.6989795918367347,98,0.28869047619047616,1
2174,Beetlejuice (1988),Comedy|Fantasy,3.4615384615384617,91,0.26785714285714285,0
1300,My Life as a Dog (Mitt liv som hund) (1985),Comedy|Drama,4.375,20,0.05654761904761904,1
527,Schindler's List (1993),Drama|War,4.345149253731344,268,0.7946428571428571,1
55498,Silk (2007),Adventure|Drama|Romance,2.0,1,0.0,0
832,Ransom (1996),Crime|Thriller,3.567901234567901,81,0.23809523809523808,0
91529,"Dark Knight Rises, The (2012)",Action|Adventure|Crime|IMAX,4.083333333333333,24,0.06845238095238095,1
181,Mighty Morphin Power Rangers: The Movie (1995),Action|Children,1.8571428571428572,21,0.05952380952380952,0
1224,Henry V (1989),Action|Drama|Romance|War,4.42,25,0.07142857142857142,1
4447,Legally Blonde (2001),Comedy|Romance,3.037037037037037,54,0.15773809523809523,1
3675,White Christmas (1954),Comedy|Musical|Romance,3.65,10,0.026785714285714284,1
1196,Star Wars: Episode V - The Empire Strikes Back (1980),Action|Adventure|Sci-Fi,4.161904761904762,210,0.6220238095238095,1
3006,"Insider, The (1999)",Drama|Thriller,4.021739130434782,46,0.13392857142857142,1
171,Jeffrey (1995),Comedy|Drama,3.5357142857142856,14,0.03869047619047619,0
716,Switchblade Sisters (1975),Crime,2.0,2,0.002976190476190476,0
204,Under Siege 2: Dark Territory (1995),Action,3.03125,48,0.13988095238095238,1
2788,Monty Python's And Now for Something Completely Different (1971),Comedy,4.017241379310345,29,0.08333333333333333,1
2402,Rambo: First Blood Part II (1985),Action|Adventure|Thriller,2.95,30,0.0863095238095238,0
3893,Nurse Betty (2000),Comedy|Crime|Drama|Romance|Thriller,3.4864864864864864,37,0.10714285714285714,0
33794,Batman Begins (2005),Action|Crime|IMAX,4.107142857142857,98,0.28869047619047616,1
2858,American Beauty (1999),Comedy|Drama,4.226457399103139,223,0.6607142857142857,1
1457,Fools Rush In (1997),Comedy|Drama|Romance,2.9166666666666665,18,0.050595238095238096,1
4973,"Amelie (Fabuleux destin d'Amélie Poulain, Le) (2001)",Comedy|Romance,4.278761061946903,113,0.3333333333333333,1
1219,Psycho (1960),Crime|Horror,4.116504854368932,103,0.30357142857142855,1
173,Judge Dredd (1995),Action|Crime|Sci-Fi,2.6214285714285714,70,0.20535714285714285,0
246,Hoop Dreams (1994),Documentary,4.066037735849057,53,0.15476190476190477,1
955,Bringing Up Baby (1938),Comedy|Romance,3.911764705882353,17,0.047619047619047616,1
49,When Night Is Falling (1995),Drama|Romance,4.0,3,0.005952380952380952,1
5092,Big Fat Liar (2002),Children|Comedy,2.3,5,0.011904761904761904,0
316,Stargate (1994),Action|Adventure|Sci-Fi,3.3806451612903228,155,0.4583333333333333,0
27728,Ghost in the Shell 2: Innocence (a.k.a. Innocence) (Inosensu) (2004),Action|Animation|Drama|Sci-Fi|Thriller,3.5,7,0.017857142857142856,1
1033,"Fox and the Hound, The (1981)",Animation|Children|Drama,3.6315789473684212,19,0.05357142857142856,1
1961,Rain Man (1988),Drama,3.841549295774648,142,0.41964285714285715,1
8665,"Bourne Supremacy, The (2004)",Action|Crime|Thriller,3.9121621621621623,74,0.21726190476190477,1
3471,Close Encounters of the Third Kind (1977),Adventure|Drama|Sci-Fi,3.863013698630137,73,0.21428571428571427,1
6188,Old School (2003),Comedy,3.314814814814815,27,0.07738095238095237,0
41,Richard III (1995),Drama|War,3.5961538461538463,26,0.0744047619047619,0
3173,Any Given Sunday (1999),Drama,2.9130434782608696,23,0.06547619047619047,0
1175,Delicatessen (1991),Comedy|Drama|Romance,4.096774193548387,31,0.08928571428571427,1
5995,"Pianist, The (2002)",Drama|War,4.138297872340425,47,0.13690476190476192,1
1188,Strictly Ballroom (1992),Comedy|Romance,3.7906976744186047,43,0.12499999999999999,1
3438,Teenage Mutant Ninja Turtles (1990),Action|Children|Comedy|Fantasy|Sci-Fi,2.765625,32,0.09226190476190475,0
19,Ace Ventura: When Nature Calls (1995),Comedy,2.6538461538461537,104,0.30654761904761907,1
750,Dr. Strangelove or: How I Learned to Stop Worrying and Love the Bomb (1964),Comedy|War,4.330357142857143,112,0.33035714285714285,1
3996,"Crouching Tiger, Hidden Dragon (Wo hu cang long) (2000)",Action|Drama|Romance,3.804,125,0.369047619047619,1
3671,Blazing Saddles (1974),Comedy|Western,3.8230769230769233,65,0.19047619047619047,1
508,Philadelphia (1993),Drama,3.73,100,0.29464285714285715,0
5896,New Waterford Girl (1999),Comedy,3.25,2,0.002976190476190476,0
1580,Men in Black (a.k.a. MIB) (1997),Action|Comedy|Sci-Fi,3.8146067415730336,178,0.5267857142857143,1
1704,Good Will Hunting (1997),Drama|Romance,4.07037037037037,135,0.3988095238095238,1
839,"Crow: City of Angels, The (1996)",Action|Thriller,2.8863636363636362,22,0.062499999999999986,0
494,Executive Decision (1996),Action|Adventure|Thriller,3.5568181818181817,44,0.12797619047619047,0
1302,Field of Dreams (1989),Children|Drama|Fantasy,3.8257575757575757,66,0.19345238095238096,0
1186,"Sex, Lies, and Videotape (1989)",Drama,3.4390243902439024,41,0.11904761904761904,1
4190,Elmer Gantry (1960),Drama,3.75,4,0.008928571428571428,0
2713,Lake Placid (1999),Horror|Thriller,2.6052631578947367,19,0.05357142857142856,1
5944,Star Trek: Nemesis (2002),Action|Drama|Sci-Fi|Thriller,3.090909090909091,11,0.029761904761904757,0
4855,Dirty Harry (1971),Action|Crime|Thriller,3.9107142857142856,28,0.08035714285714285,1
1678,"Joy Luck Club, The (1993)",Drama|Romance,4.0588235294117645,17,0.047619047619047616,1
64839,"Wrestler, The (2008)",Drama,3.9482758620689653,29,0.08333333333333333,1
6502,28 Days Later (2002),Action|Horror|Sci-Fi,3.4776119402985075,67,0.19642857142857142,0
901,Funny Face (1957),Comedy|Musical,4.0,7,0.017857142857142856,1
3977,Charlie's Angels (2000),Action|Comedy,2.934065934065934,91,0.26785714285714285,0
2959,Fight Club (1999),Action|Crime|Drama|Thriller,4.258373205741627,209,0.6190476190476191,1
3300,Pitch Black (2000),Horror|Sci-Fi|Thriller,3.5,33,0.09523809523809523,1
1588,George of the Jungle (1997),Children|Comedy,2.980769230769231,26,0.0744047619047619,1
661,James and the Giant Peach (1996),Adventure|Animation|Children|Fantasy|Musical,3.5677966101694913,59,0.17261904761904762,0
594,Snow White and the Seven Dwarfs (1937),Animation|Children|Drama|Fantasy|Musical,3.4444444444444446,90,0.2648809523809524,1
54272,"Simpsons Movie, The (2007)",Animation|Comedy,3.4523809523809526,21,0.05952380952380952,0
1566,Hercules (1997),Adventure|Animation|Children|Comedy|Musical,3.5555555555555554,27,0.07738095238095237,1
2353,Enemy of the State (1998),Action|Thriller,3.5733333333333333,75,0.22023809523809523,1
2096,Sleeping Beauty (1959),Animation|Children|Musical,3.7794117647058822,34,0.09821428571428571,0
6338,Daddy Day Care (2003),Children|Comedy,2.923076923076923,13,0.03571428571428571,0
110,Braveheart (1995),Action|Drama|War,3.906374501992032,251,0.7440476190476191,1
1993,Child's Play 3 (1991),Comedy|Horror|Thriller,2.1153846153846154,13,0.03571428571428571,0
1373,Star Trek V: The Final Frontier (1989),Action|Sci-Fi,2.8378378378378377,37,0.10714285714285714,0
432,City Slickers II: The Legend of Curly's Gold (1994),Adventure|Comedy|Western,2.592857142857143,70,0.20535714285714285,0
1544,"Lost World: Jurassic Park, The (1997)",Action|Adventure|Sci-Fi|Thriller,3.0,72,0.2113095238095238,0
876,Supercop 2 (Project S) (Chao ji ji hua) (1993),Action|Comedy|Crime|Thriller,3.0,2,0.002976190476190476,1
784,"Cable Guy, The (1996)",Comedy|Thriller,2.6206896551724137,58,0.16964285714285715,1
260,Star Wars: Episode IV - A New Hope (1977),Action|Adventure|Sci-Fi,4.231543624161074,298,0.8839285714285714,1
73017,Sherlock Holmes (2009),Action|Crime|Mystery|Thriller,3.84,25,0.07142857142857142,0
1856,Kurt & Courtney (1998),Documentary,3.0,4,0.008928571428571428,0
1584,Contact (1997),Drama|Sci-Fi,3.407766990291262,103,0.30357142857142855,1
5673,Punch-Drunk Love (2002),Comedy|Drama|Romance,3.3970588235294117,34,0.09821428571428571,0
3030,Yojimbo (1961),Action|Adventure,4.361111111111111,18,0.050595238095238096,1
8629,"Book of Life, The (1998)",Comedy|Fantasy,5.0,1,0.0,1
58154,"Other Boleyn Girl, The (2008)",Drama|Romance,2.6666666666666665,6,0.01488095238095238,0
76251,Kick-Ass (2010),Action|Comedy,3.3157894736842106,19,0.05357142857142856,0
77658,Cosmos (1980),Documentary,3.3333333333333335,3,0.005952380952380952,0
3535,American Psycho (2000),Crime|Horror|Mystery|Thriller,3.619565217391304,46,0.13392857142857142,1
52604,Fracture (2007),Crime|Drama|Mystery|Thriller,3.5,4,0.008928571428571428,0
1269,Arsenic and Old Lace (1944),Comedy|Mystery|Thriller,4.2,30,0.0863095238095238,1
1912,Out of Sight (1998),Comedy|Crime|Drama|Romance|Thriller,3.661764705882353,34,0.09821428571428571,0
37380,Doom (2005),Action|Horror|Sci-Fi,2.142857142857143,7,0.017857142857142856,0
2906,Random Hearts (1999),Drama|Romance,1.8,5,0.011904761904761904,0
96612,Compliance (2012),Drama|Thriller,3.5,3,0.005952380952380952,0
2692,Run Lola Run (Lola rennt) (1998),Action|Crime,4.055555555555555,90,0.2648809523809524,0
1527,"Fifth Element, The (1997)",Action|Adventure|Comedy|Sci-Fi,3.762237762237762,143,0.4226190476190476,1
293,Léon: The Professional (a.k.a. The Professional) (Léon) (1994),Action|Crime|Drama|Thriller,4.154676258992806,139,0.4107142857142857,0
898,"Philadelphia Story, The (1940)",Comedy|Drama|Romance,4.391304347826087,23,0.06547619047619047,1
2791,Airplane! (1980),Comedy,3.849462365591398,93,0.2738095238095238,1
6870,Mystic River (2003),Crime|Drama|Mystery,3.9019607843137254,51,0.1488095238095238,1
3591,Mr. Mom (1983),Comedy|Drama,3.25,14,0.03869047619047619,1
2012,Back to the Future Part III (1990),Adventure|Comedy|Sci-Fi|Western,3.1717171717171717,99,0.2916666666666667,1
926,All About Eve (1950),Drama,4.137931034482759,29,0.08333333333333333,1
1921,Pi (1998),Drama|Sci-Fi|Thriller,3.91025641025641,39,0.11309523809523808,0
4360,There's No Business Like Show Business (1954),Musical,5.0,1,0.0,1
592,Batman (1989),Action|Crime|Thriller,3.3482142857142856,224,0.6636904761904762,0
22,Copycat (1995),Crime|Drama|Horror|Mystery|Thriller,3.127450980392157,51,0.1488095238095238,0
78276,"Hail Mary ('Je vous salue, Marie') (1985)",Drama,4.0,1,0.0,1
2150,"Gods Must Be Crazy, The (1980)",Adventure|Comedy,3.4479166666666665,48,0.13988095238095238,1
3594,Center Stage (2000),Drama|Musical,3.0625,8,0.020833333333333332,0
3578,Gladiator (2000),Action|Adventure|Drama,3.8958333333333335,168,0.49702380952380953,0
290,Once Were Warriors (1994),Crime|Drama,3.888888888888889,18,0.050595238095238096,1
32,Twelve Monkeys (a.k.a. 12 Monkeys) (1995),Mystery|Sci-Fi|Thriller,3.9030837004405288,227,0.6726190476190476,1
1552,Con Air (1997),Action|Adventure|Thriller,3.216666666666667,60,0.17559523809523808,1
516,Renaissance Man (1994),Comedy|Drama,3.088235294117647,17,0.047619047619047616,0
151,Rob Roy (1995),Action|Drama|Romance|War,3.5526315789473686,57,0.16666666666666666,1
1073,Willy Wonka & the Chocolate Factory (1971),Children|Comedy|Fantasy|Musical,3.7266666666666666,150,0.44345238095238093,1
1247,"Graduate, The (1967)",Comedy|Drama|Romance,3.94,100,0.29464285714285715,1
47,Seven (a.k.a. Se7en) (1995),Mystery|Thriller,3.9783549783549783,231,0.6845238095238095,0
2541,Cruel Intentions (1999),Drama,3.5277777777777777,36,0.10416666666666666,1
647,Courage Under Fire (1996),Action|Crime|Drama|War,3.6315789473684212,38,0.1101190476190476,0
6564,Lara Croft Tomb Raider: The Cradle of Life (2003),Action|Adventure|Comedy|Romance|Thriller,2.6875,8,0.020833333333333332,1
1031,Bedknobs and Broomsticks (1971),Adventure|Children|Musical,2.96875,16,0.04464285714285714,0
101186,Populaire (2012),Comedy,4.0,1,0.0,1
5418,"Bourne Identity, The (2002)",Action|Mystery|Thriller,3.890625,96,0.28273809523809523,0
3440,Teenage Mutant Ninja Turtles III (1993),Action|Adventure|Children|Comedy|Fantasy,2.076923076923077,13,0.03571428571428571,0
7381,"Whole Ten Yards, The (2004)",Action|Comedy|Crime,2.375,4,0.008928571428571428,0
3717,Gone in 60 Seconds (2000),Action|Crime,2.8421052631578947,38,0.1101190476190476,0
1358,Sling Blade (1996),Drama,3.896103896103896,77,0.2261904761904762,0
1233,"Boot, Das (Boat, The) (1981)",Action|Drama|War,4.234939759036145,83,0.24404761904761904,1
951,His Girl Friday (1940),Comedy|Romance,3.973684210526316,19,0.05357142857142856,1
754,Gold Diggers: The Secret of Bear Mountain (1995),Adventure|Children,2.5,2,0.002976190476190476,0
1203,12 Angry Men (1957),Drama,4.241071428571429,56,0.1636904761904762,1
3915,Girlfight (2000),Drama,3.3333333333333335,3,0.005952380952380952,1
551,"Nightmare Before Christmas, The (1993)",Animation|Children|Fantasy|Musical,3.7268041237113403,97,0.2857142857142857,0
1339,Dracula (Bram Stoker's Dracula) (1992),Fantasy|Horror|Romance|Thriller,3.481818181818182,55,0.16071428571428573,0
2336,Elizabeth (1998),Drama,3.869565217391304,46,0.13392857142857142,1
1387,Jaws (1975),Action|Horror,3.7,85,0.25,1
2468,Jumpin' Jack Flash (1986),Action|Comedy|Romance|Thriller,2.7941176470588234,17,0.047619047619047616,0
778,Trainspotting (1996),Comedy|Crime|Drama,4.161764705882353,102,0.3005952380952381,1
1517,Austin Powers: International Man of Mystery (1997),Action|Adventure|Comedy,3.3940677966101696,118,0.3482142857142857,0
5690,Grave of the Fireflies (Hotaru no haka) (1988),Animation|Drama|War,4.181818181818182,22,0.062499999999999986,1
3617,Road Trip (2000),Comedy,3.0757575757575757,33,0.09523809523809523,1
1265,Groundhog Day (1993),Comedy|Fantasy|Romance,3.8323529411764707,170,0.5029761904761905,0
2040,"Computer Wore Tennis Shoes, The (1969)",Children|Comedy,2.727272727272727,11,0.029761904761904757,0
3186,"Girl, Interrupted (1999)",Drama,3.517857142857143,28,0.08035714285714285,0
8368,Harry Potter and the Prisoner of Azkaban (2004),Adventure|Fantasy|IMAX,3.780821917808219,73,0.21428571428571427,1
4980,Bill & Ted's Bogus Journey (1991),Adventure|Comedy|Fantasy|Sci-Fi,2.8,15,0.04166666666666666,0
3919,Hellraiser III: Hell on Earth (1992),Horror,2.625,4,0.008928571428571428,1
62439,My Best Friend's Girl (2008),Comedy|Romance,2.5,2,0.002976190476190476,0
589,Terminator 2: Judgment Day (1991),Action|Sci-Fi,3.897338403041825,263,0.7797619047619048,0
8966,Kinsey (2004),Drama,3.75,4,0.008928571428571428,1
3204,"Boys from Brazil, The (1978)",Action|Mystery|Thriller,3.8333333333333335,9,0.023809523809523808,1
3196,Stalag 17 (1953),Drama|War,4.147058823529412,17,0.047619047619047616,0
350,"Client, The (1994)",Drama|Mystery|Thriller,3.4510869565217392,92,0.2708333333333333,1
4420,"Barefoot Contessa, The (1954)",Drama,3.0,2,0.002976190476190476,1
3949,Requiem for a Dream (2000),Drama,3.9934210526315788,76,0.2232142857142857,0
1620,Kiss the Girls (1997),Crime|Drama|Mystery|Thriller,3.5277777777777777,18,0.050595238095238096,1
745,Wallace & Gromit: A Close Shave (1995),Animation|Children|Comedy,4.2894736842105265,38,0.1101190476190476,0
1193,One Flew Over the Cuckoo's Nest (1975),Drama,4.3076923076923075,156,0.4613095238095238,0
168,First Knight (1995),Action|Drama|Romance,3.13,50,0.14583333333333334,0
7569,You Only Live Twice (1967),Action|Adventure|Sci-Fi|Thriller,3.75,6,0.01488095238095238,1
858,"Godfather, The (1972)",Crime|Drama,4.308219178082192,219,0.6488095238095238,1
1917,Armageddon (1998),Action|Romance|Sci-Fi|Thriller,3.1130434782608694,115,0.3392857142857143,1
1268,Pump Up the Volume (1990),Comedy|Drama,3.5652173913043477,23,0.06547619047619047,0
6378,"Italian Job, The (2003)",Action|Crime,3.5555555555555554,45,0.13095238095238096,1
5459,Men in Black II (a.k.a. MIIB) (a.k.a. MIB 2) (2002),Action|Comedy|Sci-Fi,2.765625,64,0.1875,0
1674,Witness (1985),Drama|Romance|Thriller,3.894230769230769,52,0.1517857142857143,0
2730,Barry Lyndon (1975),Drama|Romance|War,3.526315789473684,19,0.05357142857142856,0
52722,Spider-Man 3 (2007),Action|Adventure|Sci-Fi|Thriller|IMAX,2.9655172413793105,29,0.08333333333333333,1
99908,Typhoon (Tae-poong) (2005),Action|Drama|Thriller,1.0,1,0.0,0
1245,Miller's Crossing (1990),Crime|Drama|Film-Noir|Thriller,3.85,30,0.0863095238095238,1
37733,"History of Violence, A (2005)",Action|Crime|Drama|Thriller,3.9047619047619047,21,0.05952380952380952,1
180,Mallrats (1995),Comedy|Romance,3.5568181818181817,44,0.12797619047619047,0
866,Bound (1996),Crime|Drama|Romance|Thriller,3.948717948717949,39,0.11309523809523808,1
2018,Bambi (1942),Animation|Children|Drama,3.6547619047619047,42,0.12202380952380952,0
2459,"Texas Chainsaw Massacre, The (1974)",Horror,2.9642857142857144,14,0.03869047619047619,1
413,Airheads (1994),Comedy,2.477272727272727,22,0.062499999999999986,0
265,Like Water for Chocolate (Como agua para chocolate) (1992),Drama|Fantasy|Romance,4.1171875,64,0.1875,1
1,Toy Story (1995),Adventure|Animation|Children|Comedy|Fantasy,3.83,250,0.7410714285714285,0
2105,Tron (1982),Action|Adventure|Sci-Fi,3.23,50,0.14583333333333334,1
307,Three Colors: Blue (Trois couleurs: Bleu) (1993),Drama,3.9069767441860463,43,0.12499999999999999,1
153,Batman Forever (1995),Action|Adventure|Comedy|Crime,2.9082278481012658,158,0.46726190476190477,0
1208,Apocalypse Now (1979),Action|Drama|War,4.136,125,0.369047619047619,1
515,"Remains of the Day, The (1993)",Drama|Romance,3.963636363636364,55,0.16071428571428573,0
34319,"Island, The (2005)",Action|Sci-Fi|Thriller,3.4782608695652173,23,0.06547619047619047,1
5059,Little Dieter Needs to Fly (1997),Documentary,4.5,1,0.0,1
2687,Tarzan (1999),Adventure|Animation|Children|Drama,3.4411764705882355,17,0.047619047619047616,1
5966,"Kiss Before Dying, A (1956)",Film-Noir|Mystery,3.25,2,0.002976190476190476,1
79132,Inception (2010),Action|Crime|Drama|Mystery|Sci-Fi|Thriller|IMAX,4.455882352941177,68,0.19940476190476192,1
97188,Sinister (2012),Horror|Thriller,3.75,2,0.002976190476190476,1
6448,"Flight of the Phoenix, The (1965)",Action|Adventure|Drama,4.0625,8,0.020833333333333332,1
8258,Citizen Toxie: The Toxic Avenger IV (2000),Action|Comedy|Horror,3.0,1,0.0,0
4886,"Monsters, Inc. (2001)",Adventure|Animation|Children|Comedy|Fantasy,3.9144144144144146,111,0.3273809523809524,1
653,Dragonheart (1996),Action|Adventure|Fantasy,2.8461538461538463,65,0.19047619047619047,1
1206,"Clockwork Orange, A (1971)",Crime|Drama|Sci-Fi|Thriller,3.9622641509433962,106,0.3125,1
26662,Kiki's Delivery Service (Majo no takkyûbin) (1989),Adventure|Animation|Children|Drama|Fantasy,4.117647058823529,17,0.047619047619047616,1
920,Gone with the Wind (1939),Drama|Romance|War,3.7974683544303796,79,0.23214285714285715,1
1060,Swingers (1996),Comedy|Drama,3.95,40,0.11607142857142856,1
32025,Walk on Water (2004),Drama|Thriller,3.5,1,0.0,0
30898,"Upside of Anger, The (2005)",Comedy|Drama|Romance,3.75,2,0.002976190476190476,1
1298,Pink Floyd: The Wall (1982),Drama|Musical,3.765625,32,0.09226190476190475,0
648,Mission: Impossible (1996),Action|Adventure|Mystery|Thriller,3.367724867724868,189,0.5595238095238095,1
2951,"Fistful of Dollars, A (Per un pugno di dollari) (1964)",Action|Western,3.888888888888889,27,0.07738095238095237,1
50,"Usual Suspects, The (1995)",Crime|Mystery|Thriller,4.457964601769912,226,0.6696428571428571,1
1327,"Amityville Horror, The (1979)",Drama|Horror|Mystery|Thriller,2.6875,16,0.04464285714285714,0
3638,Moonraker (1979),Action|Adventure|Sci-Fi|Thriller,3.0576923076923075,26,0.0744047619047619,1
5872,Die Another Day (2002),Action|Adventure|Thriller,3.1363636363636362,33,0.09523809523809523,0
741,Ghost in the Shell (Kôkaku kidôtai) (1995),Animation|Sci-Fi,4.03030303030303,33,0.09523809523809523,1
3156,Bicentennial Man (1999),Drama|Romance|Sci-Fi,3.1842105263157894,19,0.05357142857142856,0
96606,Samsara (2011),Documentary,3.875,4,0.008928571428571428,1
2694,Big Daddy (1999),Comedy,3.1219512195121952,41,0.11904761904761904,0
1673,Boogie Nights (1997),Drama,3.592857142857143,70,0.20535714285714285,0
1259,Stand by Me (1986),Adventure|Drama,3.97196261682243,107,0.31547619047619047,1
21,Get Shorty (1995),Comedy|Crime|Thriller,3.525252525252525,99,0.2916666666666667,1
77931,Stingray Sam (2009),Comedy|Musical|Sci-Fi|Western,3.0,1,0.0,0
5956,Gangs of New York (2002),Crime|Drama,3.2195121951219514,41,0.11904761904761904,0
2770,Bowfinger (1999),Comedy,3.34,50,0.14583333333333334,0
5219,Resident Evil (2002),Action|Horror|Sci-Fi|Thriller,3.375,28,0.08035714285714285,0
3896,"Way of the Gun, The (2000)",Crime|Thriller,2.888888888888889,9,0.023809523809523808,0
6464,Good Burger (1997),Children|Comedy,1.8,5,0.011904761904761904,0
2335,"Waterboy, The (1998)",Comedy,2.56,25,0.07142857142857142,0
6879,Runaway Jury (2003),Drama|Thriller,3.75,20,0.05654761904761904,1
2406,Romancing the Stone (1984),Action|Adventure|Comedy|Romance,3.5217391304347827,69,0.20238095238095238,0
3520,How to Stuff a Wild Bikini (1965),Comedy,1.0,1,0.0,0
1131,Jean de Florette (1986),Drama|Mystery,3.7666666666666666,15,0.04166666666666666,1
48082,"Science of Sleep, The (La science des rêves) (2006)",Comedy|Drama|Fantasy|Romance,4.1,10,0.026785714285714284,1
595,Beauty and the Beast (1991),Animation|Children|Fantasy|Musical|Romance|IMAX,3.7816455696202533,158,0.46726190476190477,0
2000,Lethal Weapon (1987),Action|Comedy|Crime|Drama,3.6927083333333335,96,0.28273809523809523,1
53921,"Mighty Heart, A (2007)",Drama|Thriller,3.75,2,0.002976190476190476,1
1967,Labyrinth (1986),Adventure|Fantasy|Musical,3.5232558139534884,43,0.12499999999999999,1
2006,"Mask of Zorro, The (1998)",Action|Comedy|Romance,3.581967213114754,61,0.17857142857142858,0
3751,Chicken Run (2000),Animation|Children|Comedy,3.697530864197531,81,0.23809523809523808,0
90866,Hugo (2011),Children|Drama|Mystery,3.7222222222222223,9,0.023809523809523808,1
30707,Million Dollar Baby (2004),Drama,3.8482142857142856,56,0.1636904761904762,1
4039,Annie (1982),Children|Musical,3.3214285714285716,14,0.03869047619047619,1
4963,Ocean's Eleven (2001),Crime|Thriller,3.8666666666666667,120,0.35416666666666663,0
2171,Next Stop Wonderland (1998),Comedy|Drama|Romance,3.3,5,0.011904761904761904,0
2718,Drop Dead Gorgeous (1999),Comedy,3.75,10,0.026785714285714284,0
542,Son in Law (1993),Comedy|Drama|Romance,2.55,20,0.05654761904761904,0
8931,Born Rich (2003),Documentary,2.0,1,0.0,0
353,"Crow, The (1994)",Action|Crime|Fantasy|Thriller,3.688311688311688,77,0.2261904761904762,0
3723,Hamlet (1990),Drama,3.3333333333333335,9,0.023809523809523808,1
500,Mrs. Doubtfire (1993),Comedy|Drama,3.4046242774566475,173,0.5119047619047619,1
2600,eXistenZ (1999),Action|Sci-Fi|Thriller,3.3333333333333335,30,0.0863095238095238,1
3753,"Patriot, The (2000)",Action|Drama|War,3.492857142857143,70,0.20535714285714285,1
4361,Tootsie (1982),Comedy|Romance,3.824324324324324,37,0.10714285714285714,0
3083,All About My Mother (Todo sobre mi madre) (1999),Drama,3.8333333333333335,15,0.04166666666666666,1
3793,X-Men (2000),Action|Adventure|Sci-Fi,3.7022900763358777,131,0.3869047619047619,1
3362,Dog Day Afternoon (1975),Crime|Drama,4.125,44,0.12797619047619047,0
934,Father of the Bride (1950),Comedy,3.59375,16,0.04464285714285714,0
2991,Live and Let Die (1973),Action|Adventure|Thriller,3.5892857142857144,28,0.08035714285714285,1
1752,Hard Rain (1998),Action|Crime|Thriller,2.4166666666666665,12,0.03273809523809523,0
532,Serial Mom (1994),Comedy|Crime|Horror,3.0303030303030303,33,0.09523809523809523,0
3071,Stand and Deliver (1988),Comedy|Drama,3.5384615384615383,13,0.03571428571428571,0
6566,Spy Kids 3-D: Game Over (2003),Action|Adventure|Children,1.25,8,0.020833333333333332,0
8783,"Village, The (2004)",Drama|Mystery|Thriller,3.0238095238095237,21,0.05952380952380952,1
1597,Conspiracy Theory (1997),Drama|Mystery|Romance|Thriller,3.5510204081632653,49,0.14285714285714285,0
5620,Sweet Home Alabama (2002),Comedy|Romance,3.119047619047619,21,0.05952380952380952,1
48774,Children of Men (2006),Action|Adventure|Drama|Sci-Fi|Thriller,4.069444444444445,36,0.10416666666666666,1
72226,Fantastic Mr. Fox (2009),Adventure|Animation|Children|Comedy|Crime,4.1875,16,0.04464285714285714,1
4993,"Lord of the Rings: The Fellowship of the Ring, The (2001)",Adventure|Fantasy,4.191011235955056,178,0.5267857142857143,1
65682,Underworld: Rise of the Lycans (2009),Action|Fantasy|Horror|Thriller,3.625,4,0.008928571428571428,1
7439,"Punisher, The (2004)",Action|Crime|Thriller,3.0714285714285716,7,0.017857142857142856,0
1041,Secrets & Lies (1996),Drama,4.0,34,0.09821428571428571,0
2571,"Matrix, The (1999)",Action|Sci-Fi|Thriller,4.236162361623617,271,0.8035714285714285,1
44191,V for Vendetta (2006),Action|Sci-Fi|Thriller|IMAX,4.0125,80,0.23511904761904762,1
910,Some Like It Hot (1959),Comedy|Crime,4.03,50,0.14583333333333334,1
440,Dave (1993),Comedy|Romance,3.6222222222222222,90,0.2648809523809524,0
3618,Small Time Crooks (2000),Comedy|Crime,3.4545454545454546,11,0.029761904761904757,1
909,"Apartment, The (1960)",Comedy|Drama|Romance,3.759259259259259,27,0.07738095238095237,1
1222,Full Metal Jacket (1987),Drama|War,4.059139784946237,93,0.2738095238095238,1
1232,Stalker (1979),Drama|Mystery|Sci-Fi,3.8214285714285716,14,0.03869047619047619,1
261,Little Women (1994),Drama,3.784090909090909,44,0.12797619047619047,0
1307,When Harry Met Sally... (1989),Comedy|Romance,3.7311827956989245,93,0.2738095238095238,1
66,Lawnmower Man 2: Beyond Cyberspace (1996),Action|Sci-Fi|Thriller,1.8888888888888888,9,0.023809523809523808,0
1199,Brazil (1985),Fantasy|Sci-Fi,4.25,78,0.22916666666666666,0
4388,Scary Movie 2 (2001),Comedy,2.3055555555555554,18,0.050595238095238096,0
1092,Basic Instinct (1992),Crime|Mystery|Thriller,3.44,50,0.14583333333333334,1
232,Eat Drink Man Woman (Yin shi nan nu) (1994),Comedy|Drama|Romance,4.051724137931035,29,0.08333333333333333,1
2987,Who Framed Roger Rabbit? (1988),Adventure|Animation|Children|Comedy|Crime|Fantasy|Mystery,3.6082474226804124,97,0.2857142857142857,1
61160,Star Wars: The Clone Wars (2008),Action|Adventure|Animation|Sci-Fi,3.2,5,0.011904761904761904,1
2449,"Garbage Pail Kids Movie, The (1987)",Adventure|Children|Comedy,0.5,2,0.002976190476190476,0
805,"Time to Kill, A (1996)",Drama|Thriller,3.7542372881355934,59,0.17261904761904762,0
1784,As Good as It Gets (1997),Comedy|Drama|Romance,3.8173076923076925,104,0.30654761904761907,0
1944,From Here to Eternity (1953),Drama|Romance|War,3.8333333333333335,12,0.03273809523809523,1
6016,City of God (Cidade de Deus) (2002),Action|Adventure|Crime|Drama|Thriller,4.233333333333333,60,0.17559523809523808,1
6333,X2: X-Men United (2003),Action|Adventure|Sci-Fi|Thriller,3.626984126984127,63,0.18452380952380953,1
2436,Tea with Mussolini (1999),Comedy|Drama|War,3.0,6,0.01488095238095238,0
2076,Blue Velvet (1986),Drama|Mystery|Thriller,3.7948717948717947,39,0.11309523809523808,1
7325,Starsky & Hutch (2004),Action|Comedy|Crime|Thriller,3.1,20,0.05654761904761904,0
6686,"Medallion, The (2003)",Action|Comedy|Crime|Fantasy,3.5,2,0.002976190476190476,0
2100,Splash (1984),Comedy|Fantasy|Romance,3.1506849315068495,73,0.21428571428571427,1
7160,Monster (2003),Crime|Drama,3.710526315789474,19,0.05357142857142856,0
256,Junior (1994),Comedy|Sci-Fi,2.380434782608696,46,0.13392857142857142,0
2395,Rushmore (1998),Comedy|Drama,3.8271604938271606,81,0.23809523809523808,1
1083,"Great Race, The (1965)",Comedy|Musical,3.8,10,0.026785714285714284,0
145,Bad Boys (1995),Action|Comedy|Crime|Drama|Thriller,3.1666666666666665,60,0.17559523809523808,0
69844,Harry Potter and the Half-Blood Prince (2009),Adventure|Fantasy|Mystery|Romance|IMAX,3.6041666666666665,24,0.06845238095238095,1
5878,Talk to Her (Hable con Ella) (2002),Drama|Romance,4.0,7,0.017857142857142856,1
3264,Buffy the Vampire Slayer (1992),Action|Comedy|Horror,2.875,20,0.05654761904761904,0
288,Natural Born Killers (1994),Action|Crime|Thriller,3.3254716981132075,106,0.3125,0
4159,3000 Miles to Graceland (2001),Action|Thriller,2.2142857142857144,7,0.017857142857142856,1
4262,Scarface (1983),Action|Crime|Drama,4.067164179104478,67,0.19642857142857142,0
1225,Amadeus (1984),Drama,4.1976744186046515,86,0.25297619047619047,0
1253,"Day the Earth Stood Still, The (1951)",Drama|Sci-Fi|Thriller,3.806451612903226,31,0.08928571428571427,1
329,Star Trek: Generations (1994),Adventure|Drama|Sci-Fi,3.213709677419355,124,0.36607142857142855,1
2599,Election (1999),Comedy,4.029850746268656,67,0.19642857142857142,1
106489,"Hobbit: The Desolation of Smaug, The (2013)",Adventure|Fantasy|IMAX,3.7857142857142856,7,0.017857142857142856,0
2699,Arachnophobia (1990),Comedy|Horror,2.9262295081967213,61,0.17857142857142858,1
3703,"Road Warrior, The (Mad Max 2) (1981)",Action|Adventure|Sci-Fi,3.7244897959183674,49,0.14285714285714285,1
349,Clear and Present Danger (1994),Action|Crime|Drama|Thriller,3.693798449612403,129,0.38095238095238093,0
3813,Interiors (1978),Drama,3.8333333333333335,3,0.005952380952380952,0
24,Powder (1995),Drama|Sci-Fi,3.3372093023255816,43,0.12499999999999999,1
5247,Smokey and the Bandit (1977),Action|Comedy,3.0,11,0.029761904761904757,0
85881,Win Win (2011),Comedy|Drama,4.0,3,0.005952380952380952,0
4022,Cast Away (2000),Drama,3.5904255319148937,94,0.2767857142857143,0
5378,Star Wars: Episode II - Attack of the Clones (2002),Action|Adventure|Sci-Fi|IMAX,3.211340206185567,97,0.2857142857142857,0
1212,"Third Man, The (1949)",Film-Noir|Mystery|Thriller,4.2592592592592595,27,0.07738095238095237,0
497,Much Ado About Nothing (1993),Comedy|Romance,3.732876712328767,73,0.21428571428571427,1
788,"Nutty Professor, The (1996)",Comedy|Fantasy|Romance|Sci-Fi,3.0972222222222223,108,0.31845238095238093,0
4306,Shrek (2001),Adventure|Animation|Children|Comedy|Fantasy|Romance,3.861635220125786,159,0.47023809523809523,1
1320,Alien³ (a.k.a. Alien 3) (1992),Action|Horror|Sci-Fi|Thriller,2.9934210526315788,76,0.2232142857142857,0
1729,Jackie Brown (1997),Crime|Drama|Thriller,3.67,50,0.14583333333333334,0
8939,"Final Cut, The (2004)",Sci-Fi|Thriller,3.25,4,0.008928571428571428,0
158,Casper (1995),Adventure|Children,3.109375,64,0.1875,0
924,2001: A Space Odyssey (1968),Adventure|Drama|Sci-Fi,3.903361344537815,119,0.35119047619047616,0
2739,"Color Purple, The (1985)",Drama,3.5357142857142856,28,0.08035714285714285,0
3685,Prizzi's Honor (1985),Comedy|Drama|Romance,3.357142857142857,14,0.03869047619047619,0
6078,Firefox (1982),Action|Sci-Fi|Thriller,3.8333333333333335,3,0.005952380952380952,1
50872,Ratatouille (2007),Animation|Children|Drama,3.9035087719298245,57,0.16666666666666666,1
4226,Memento (2000),Mystery|Thriller,4.184375,160,0.4732142857142857,1
2683,Austin Powers: The Spy Who Shagged Me (1999),Action|Adventure|Comedy,3.3811475409836067,122,0.3601190476190476,1
5121,Stroszek (1977),Comedy|Drama,0.5,1,0.0,0
1608,Air Force One (1997),Action|Thriller,3.401639344262295,61,0.17857142857142858,0
593,"Silence of the Lambs, The (1991)",Crime|Horror|Thriller,4.1980519480519485,308,0.9136904761904762,1
79796,Centurion (2010),Action|Adventure|Drama|Thriller|War,3.6666666666666665,3,0.005952380952380952,0
4033,Thirteen Days (2000),Drama|Thriller|War,3.6481481481481484,27,0.07738095238095237,1
7263,Miracle (2004),Drama,4.0,14,0.03869047619047619,1
114060,"Drop, The (2014)",Crime|Drama|Thriller,3.5,1,0.0,0
59369,Taken (2008),Action|Crime|Drama|Thriller,3.767857142857143,28,0.08035714285714285,0
111,Taxi Driver (1976),Crime|Drama|Thriller,3.925438596491228,114,0.3363095238095238,1
53519,Death Proof (2007),Action|Adventure|Crime|Horror|Thriller,3.1818181818181817,11,0.029761904761904757,0
1370,Die Hard 2 (1990),Action|Adventure|Thriller,3.3958333333333335,72,0.2113095238095238,0
1210,Star Wars: Episode VI - Return of the Jedi (1983),Action|Adventure|Sci-Fi,3.9898373983739837,246,0.7291666666666666,1
2140,"Dark Crystal, The (1982)",Adventure|Fantasy,3.4625,40,0.11607142857142856,1
25878,Across the Pacific (1942),Action|Adventure|Romance|War,3.75,2,0.002976190476190476,1
60069,WALL·E (2008),Adventure|Animation|Children|Romance|Sci-Fi,4.126506024096385,83,0.24404761904761904,1
1285,Heathers (1989),Comedy,3.97,50,0.14583333333333334,1
27882,Riding Giants (2004),Documentary,4.5,1,0.0,1
37741,Capote (2005),Crime|Drama,3.625,24,0.06845238095238095,0
2313,"Elephant Man, The (1980)",Drama,3.8947368421052633,38,0.1101190476190476,1
2262,About Last Night... (1986),Comedy|Drama|Romance,3.25,12,0.03273809523809523,1
46578,Little Miss Sunshine (2006),Adventure|Comedy|Drama,3.904109589041096,73,0.21428571428571427,0
1405,Beavis and Butt-Head Do America (1996),Adventure|Animation|Comedy|Crime,3.1444444444444444,45,0.13095238095238096,1
208,Waterworld (1995),Action|Adventure|Sci-Fi,2.831034482758621,145,0.42857142857142855,0
6541,"League of Extraordinary Gentlemen, The (a.k.a. LXG) (2003)",Action|Fantasy|Sci-Fi,2.6136363636363638,22,0.062499999999999986,0
4304,Startup.com (2001),Documentary,4.083333333333333,6,0.01488095238095238,1
8528,Dodgeball: A True Underdog Story (2004),Comedy,3.361111111111111,18,0.050595238095238096,1
8641,Anchorman: The Legend of Ron Burgundy (2004),Comedy,3.3333333333333335,27,0.07738095238095237,0
5377,About a Boy (2002),Comedy|Drama|Romance,3.6184210526315788,38,0.1101190476190476,1
3851,I'm the One That I Want (2000),Comedy,3.625,4,0.008928571428571428,0
7155,Calendar Girls (2003),Comedy,3.3181818181818183,11,0.029761904761904757,1
1197,"Princess Bride, The (1987)",Action|Adventure|Comedy|Fantasy|Romance,4.162251655629139,151,0.4464285714285714,0
32031,Robots (2005),Adventure|Animation|Children|Comedy|Fantasy|Sci-Fi|IMAX,2.8333333333333335,9,0.023809523809523808,0
708,"Truth About Cats & Dogs, The (1996)",Comedy|Romance,3.3588235294117648,85,0.25,0
54256,Hot Rod (2007),Comedy,4.0,5,0.011904761904761904,0
1562,Batman & Robin (1997),Action|Adventure|Fantasy|Thriller,2.1666666666666665,39,0.11309523809523808,0
59258,Baby Mama (2008),Comedy,3.5,3,0.005952380952380952,1
2644,Dracula (1931),Horror,4.076923076923077,13,0.03571428571428571,1
2093,Return to Oz (1985),Adventure|Children|Fantasy,2.5714285714285716,7,0.017857142857142856,0
442,Demolition Man (1993),Action|Adventure|Sci-Fi,3.085,100,0.29464285714285715,0
23,Assassins (1995),Action|Crime|Thriller,3.0,22,0.062499999999999986,1
2617,"Mummy, The (1999)",Action|Adventure|Comedy|Fantasy|Horror|Thriller,3.0697674418604652,86,0.25297619047619047,0
586,Home Alone (1990),Children|Comedy,3.1576923076923076,130,0.3839285714285714,0
8984,Ocean's Twelve (2004),Action|Comedy|Crime|Thriller,3.369565217391304,23,0.06547619047619047,1
2002,Lethal Weapon 3 (1992),Action|Comedy|Crime|Drama,3.1145833333333335,48,0.13988095238095238,0
4857,Fiddler on the Roof (1971),Drama|Musical,4.159090909090909,22,0.062499999999999986,1
3555,U-571 (2000),Action|Thriller|War,3.393939393939394,33,0.09523809523809523,0
2968,Time Bandits (1981),Adventure|Comedy|Fantasy|Sci-Fi,3.803921568627451,51,0.1488095238095238,0
588,Aladdin (1992),Adventure|Animation|Children|Comedy|Musical,3.7283653846153846,208,0.6160714285714286,1
43,Restoration (1995),Drama,3.607142857142857,14,0.03869047619047619,0
3199,Pal Joey (1957),Comedy|Drama|Musical|Romance,4.0,3,0.005952380952380952,1
1250,"Bridge on the River Kwai, The (1957)",Adventure|Drama|War,4.311594202898551,69,0.20238095238095238,1
104,Happy Gilmore (1996),Comedy,3.4823529411764707,85,0.25,0
2389,Psycho (1998),Crime|Horror|Thriller,2.789473684210526,19,0.05357142857142856,0
1179,"Grifters, The (1990)",Crime|Drama|Film-Noir,3.75,34,0.09821428571428571,1
382,Wolf (1994),Drama|Horror|Romance|Thriller,2.857142857142857,28,0.08035714285714285,0
2439,Affliction (1997),Drama,4.041666666666667,12,0.03273809523809523,1
1934,You Can't Take It with You (1938),Comedy|Romance,4.4,5,0.011904761904761904,1
1077,Sleeper (1973),Comedy|Sci-Fi,3.966666666666667,30,0.0863095238095238,0
1722,Tomorrow Never Dies (1997),Action|Adventure|Thriller,3.27,50,0.14583333333333334,0
1148,Wallace & Gromit: The Wrong Trousers (1993),Animation|Children|Comedy|Crime,4.1521739130434785,69,0.20238095238095238,1
2372,Fletch Lives (1989),Comedy,2.7,10,0.026785714285714284,0
105,"Bridges of Madison County, The (1995)",Drama|Romance,3.2596153846153846,52,0.1517857142857143,0
5574,"Transporter, The (2002)",Action|Crime,3.625,16,0.04464285714285714,0
2866,"Buddy Holly Story, The (1978)",Drama,3.45,10,0.026785714285714284,1
1594,In the Company of Men (1997),Comedy|Drama,3.710526315789474,19,0.05357142857142856,1
28,Persuasion (1995),Drama|Romance,4.28125,16,0.04464285714285714,1
1274,Akira (1988),Action|Adventure|Animation|Sci-Fi,3.6,35,0.10119047619047618,1
2352,"Big Chill, The (1983)",Comedy|Drama,3.9375,24,0.06845238095238095,0
3385,Volunteers (1985),Comedy,3.0,3,0.005952380952380952,0
2383,Police Academy 6: City Under Siege (1989),Comedy|Crime,1.6875,8,0.020833333333333332,0
830,"First Wives Club, The (1996)",Comedy,2.9655172413793105,29,0.08333333333333333,0
5577,Igby Goes Down (2002),Comedy|Drama,3.5714285714285716,14,0.03869047619047619,1
2485,She's All That (1999),Comedy|Romance,3.121212121212121,33,0.09523809523809523,0
6973,Final Analysis (1992),Drama|Romance|Thriller,4.0,1,0.0,1
27899,What the #$*! Do We Know!? (a.k.a. What the Bleep Do We Know!?) (2004),Comedy|Documentary|Drama,3.8333333333333335,3,0.005952380952380952,0
6565,Seabiscuit (2003),Drama,3.3666666666666667,30,0.0863095238095238,1
2932,Days of Heaven (1978),Drama,3.857142857142857,7,0.017857142857142856,0
2797,Big (1988),Comedy|Drama|Fantasy|Romance,3.5945945945945947,111,0.3273809523809524,1
1080,Monty Python's Life of Brian (1979),Comedy,4.032110091743119,109,0.3214285714285714,1
2947,Goldfinger (1964),Action|Adventure|Thriller,3.622448979591837,49,0.14285714285714285,1
509,"Piano, The (1993)",Drama|Romance,3.75,86,0.25297619047619047,0
231,Dumb & Dumber (Dumb and Dumber) (1994),Adventure|Comedy,3.0833333333333335,174,0.5148809523809523,0
247,Heavenly Creatures (1994),Crime|Drama,3.757575757575758,33,0.09523809523809523,0
4424,"Garden of the Finzi-Continis, The (Giardino dei Finzi-Contini, Il) (1970)",Drama,4.0,8,0.020833333333333332,1
7573,Never Say Never Again (1983),Action|Adventure|Thriller,3.125,4,0.008928571428571428,0
2871,Deliverance (1972),Adventure|Drama|Thriller,3.717948717948718,39,0.11309523809523808,0
87660,Too Big to Fail (2011),Drama,3.5,1,0.0,0
2114,"Outsiders, The (1983)",Drama,3.6923076923076925,26,0.0744047619047619,0
1356,Star Trek: First Contact (1996),Action|Adventure|Sci-Fi|Thriller,3.5442477876106193,113,0.3333333333333333,0
7649,Babylon 5: In the Beginning (1998),Adventure|Sci-Fi,3.3333333333333335,6,0.01488095238095238,0
5572,Barbershop (2002),Comedy,3.357142857142857,7,0.017857142857142856,1
4638,Jurassic Park III (2001),Action|Adventure|Sci-Fi|Thriller,2.925,40,0.11607142857142856,0
1125,"Return of the Pink Panther, The (1975)",Comedy|Crime,3.44,25,0.07142857142857142,1
2414,Young Sherlock Holmes (1985),Action|Adventure|Children|Fantasy|Mystery|Thriller,3.28125,16,0.04464285714285714,0
6251,Piglet's Big Movie (2003),Animation|Children,2.5,5,0.011904761904761904,0
1973,"Freddy's Dead: The Final Nightmare (Nightmare on Elm Street Part 6: Freddy's Dead, A) (1991)",Horror,1.5833333333333333,6,0.01488095238095238,0
2712,Eyes Wide Shut (1999),Drama|Mystery|Thriller,3.26056338028169,71,0.20833333333333334,1
1284,"Big Sleep, The (1946)",Crime|Film-Noir|Mystery,4.4,15,0.04166666666666666,1
8363,Soul Plane (2004),Comedy,2.5,3,0.005952380952380952,0
783,"Hunchback of Notre Dame, The (1996)",Animation|Children|Drama|Musical|Romance,3.4081632653061225,49,0.14285714285714285,0
361,It Could Happen to You (1994),Comedy|Drama|Romance,3.5294117647058822,34,0.09821428571428571,0
380,True Lies (1994),Action|Adventure|Comedy|Romance|Thriller,3.4088785046728973,214,0.6339285714285714,1
1732,"Big Lebowski, The (1998)",Comedy|Crime,3.912621359223301,103,0.30357142857142855,1
300,Quiz Show (1994),Drama,3.561797752808989,89,0.2619047619047619,0
2662,"War of the Worlds, The (1953)",Action|Drama|Sci-Fi,3.8125,24,0.06845238095238095,0
32316,"River, The (1951)",Drama|Romance,3.0,1,0.0,0
1658,"Life Less Ordinary, A (1997)",Romance|Thriller,3.625,8,0.020833333333333332,1
69604,Whatever Works (2009),Comedy|Romance,4.5,2,0.002976190476190476,1
3053,"Messenger: The Story of Joan of Arc, The (1999)",Drama|War,2.911764705882353,17,0.047619047619047616,1
1291,Indiana Jones and the Last Crusade (1989),Action|Adventure,3.902439024390244,164,0.4851190476190476,1
2989,For Your Eyes Only (1981),Action|Adventure|Thriller,3.369565217391304,23,0.06547619047619047,0
67255,"Girl with the Dragon Tattoo, The (Män som hatar kvinnor) (2009)",Crime|Drama|Mystery|Thriller,3.8333333333333335,6,0.01488095238095238,1
1974,Friday the 13th (1980),Horror|Mystery|Thriller,2.8863636363636362,22,0.062499999999999986,0
121253,The Town that Dreaded Sundown (2014),Horror|Thriller,3.5,1,0.0,0
2971,All That Jazz (1979),Drama|Fantasy|Musical,3.5384615384615383,13,0.03571428571428571,1
1367,101 Dalmatians (1996),Adventure|Children|Comedy,3.0657894736842106,38,0.1101190476190476,0
2649,Son of Frankenstein (1939),Horror,4.0,1,0.0,1
72998,Avatar (2009),Action|Adventure|Sci-Fi|IMAX,3.975,40,0.11607142857142856,1
2863,"Hard Day's Night, A (1964)",Adventure|Comedy|Musical,3.5208333333333335,24,0.06845238095238095,1
2461,Leatherface: Texas Chainsaw Massacre III (1990),Comedy|Horror|Thriller,2.0,5,0.011904761904761904,0
2369,Desperately Seeking Susan (1985),Comedy|Drama|Romance,2.90625,32,0.09226190476190475,0
110102,Captain America: The Winter Soldier (2014),Action|Adventure|Sci-Fi|IMAX,4.111111111111111,9,0.023809523809523808,1
94864,Prometheus (2012),Action|Horror|Sci-Fi|IMAX,2.95,10,0.026785714285714284,0
1059,William Shakespeare's Romeo + Juliet (1996),Drama|Romance,3.7410714285714284,56,0.1636904761904762,1
1954,Rocky (1976),Drama,3.7890625,64,0.1875,0
90914,"Devil's Double, The (2011)",Action|Drama,3.75,2,0.002976190476190476,1
3988,How the Grinch Stole Christmas (a.k.a. The Grinch) (2000),Children|Comedy|Fantasy,3.1,25,0.07142857142857142,0
1172,Cinema Paradiso (Nuovo cinema Paradiso) (1989),Drama,4.353658536585366,41,0.11904761904761904,1
3265,Hard-Boiled (Lat sau san taam) (1992),Action|Crime|Drama|Thriller,3.96875,16,0.04464285714285714,1
66934,Dr. Horrible's Sing-Along Blog (2008),Comedy|Drama|Musical|Sci-Fi,4.025,20,0.05654761904761904,1
364,"Lion King, The (1994)",Adventure|Animation|Children|Drama|Musical|IMAX,3.7594594594594595,185,0.5476190476190476,0
29,"City of Lost Children, The (Cité des enfants perdus, La) (1995)",Adventure|Drama|Fantasy|Mystery|Sci-Fi,3.9318181818181817,44,0.12797619047619047,0
2021,Dune (1984),Adventure|Sci-Fi,3.1574074074074074,54,0.15773809523809523,1
1801,"Man in the Iron Mask, The (1998)",Action|Adventure|Drama,2.55,30,0.0863095238095238,0
882,"Trigger Effect, The (1996)",Drama|Thriller,2.5416666666666665,12,0.03273809523809523,1
6539,Pirates of the Caribbean: The Curse of the Black Pearl (2003),Action|Adventure|Comedy|Fantasy,3.896,125,0.369047619047619,1
319,Shallow Grave (1994),Comedy|Drama|Thriller,3.8095238095238093,42,0.12202380952380952,1
4214,Revenge of the Nerds (1984),Comedy,3.0,20,0.05654761904761904,0
89745,"Avengers, The (2012)",Action|Adventure|Sci-Fi|IMAX,4.0476190476190474,21,0.05952380952380952,0
33679,Mr. & Mrs. Smith (2005),Action|Adventure|Comedy|Romance,3.1176470588235294,34,0.09821428571428571,0
53125,Pirates of the Caribbean: At World's End (2007),Action|Adventure|Comedy|Fantasy,3.4791666666666665,24,0.06845238095238095,0
59315,Iron Man (2008),Action|Adventure|Sci-Fi,3.8518518518518516,81,0.23809523809523808,1
585,"Brady Bunch Movie, The (1995)",Comedy,2.3295454545454546,44,0.12797619047619047,0
41997,Munich (2005),Action|Crime|Drama|Thriller,3.673076923076923,26,0.0744047619047619,0
3910,Dancer in the Dark (2000),Drama|Musical,3.975,20,0.05654761904761904,0
4216,Longtime Companion (1990),Drama,4.0,4,0.008928571428571428,1
1653,Gattaca (1997),Drama|Sci-Fi|Thriller,3.693396226415094,106,0.3125,0
104374,About Time (2013),Drama|Fantasy|Romance,3.3333333333333335,3,0.005952380952380952,0
410,Addams Family Values (1993),Children|Comedy|Fantasy,3.028735632183908,87,0.25595238095238093,0
3107,Backdraft (1991),Action|Drama,3.1627906976744184,43,0.12499999999999999,1
48560,Running With Scissors (2006),Comedy|Drama,2.375,4,0.008928571428571428,0
2058,"Negotiator, The (1998)",Action|Crime|Drama|Mystery|Thriller,3.4444444444444446,45,0.13095238095238096,0
2119,Maximum Overdrive (1986),Horror,2.8125,8,0.020833333333333332,0
1393,Jerry Maguire (1996),Drama|Romance,3.534188034188034,117,0.34523809523809523,1
74327,"First Day of the Rest of Your Life, The (Le premier jour du reste de ta vie) (2008)",Comedy|Drama,4.0,1,0.0,1
2272,One True Thing (1998),Drama,3.5,4,0.008928571428571428,1
5349,Spider-Man (2002),Action|Adventure|Sci-Fi|Thriller,3.5254237288135593,118,0.3482142857142857,0
76093,How to Train Your Dragon (2010),Adventure|Animation|Children|Fantasy|IMAX,3.9814814814814814,27,0.07738095238095237,1
1228,Raging Bull (1980),Drama,4.051282051282051,39,0.11309523809523808,0
46965,Snakes on a Plane (2006),Action|Comedy|Horror|Thriller,2.642857142857143,7,0.017857142857142856,0
69712,My Sister's Keeper (2009),Drama,3.5,7,0.017857142857142856,0
1645,"Devil's Advocate, The (1997)",Drama|Mystery|Thriller,3.23728813559322,59,0.17261904761904762,0
48304,Apocalypto (2006),Adventure|Drama|Thriller,3.6333333333333333,15,0.04166666666666666,1
2640,Superman (1978),Action|Adventure|Sci-Fi,3.2987012987012987,77,0.2261904761904762,1
428,"Bronx Tale, A (1993)",Drama,3.9642857142857144,28,0.08035714285714285,0
1036,Die Hard (1988),Action|Crime|Thriller,3.938775510204082,147,0.43452380952380953,0
355,"Flintstones, The (1994)",Children|Comedy|Fantasy,2.6770833333333335,48,0.13988095238095238,0
4310,Pearl Harbor (2001),Action|Drama|Romance|War,2.6707317073170733,41,0.11904761904761904,0
4874,K-PAX (2001),Drama|Fantasy|Mystery|Sci-Fi,3.378787878787879,33,0.09523809523809523,0
4367,Lara Croft: Tomb Raider (2001),Action|Adventure,2.5833333333333335,36,0.10416666666666666,0
2720,Inspector Gadget (1999),Action|Adventure|Children|Comedy,2.3666666666666667,15,0.04166666666666666,0
1391,Mars Attacks! (1996),Action|Comedy|Sci-Fi,3.076923076923077,91,0.26785714285714285,0
1346,Cat People (1982),Drama|Fantasy|Horror,3.3333333333333335,9,0.023809523809523808,0
7212,I Was a Male War Bride (1949),Comedy|Romance,3.6666666666666665,3,0.005952380952380952,1
4516,Johnny Be Good (1988),Comedy,2.6666666666666665,3,0.005952380952380952,0
7,Sabrina (1995),Comedy|Romance,3.423611111111111,72,0.2113095238095238,1
344,Ace Ventura: Pet Detective (1994),Comedy,3.0575,200,0.5922619047619048,0
1680,Sliding Doors (1998),Drama|Romance,3.671875,32,0.09226190476190475,1
1968,"Breakfast Club, The (1985)",Comedy|Drama,3.7989130434782608,92,0.2708333333333333,0
743,Spy Hard (1996),Comedy,2.742857142857143,35,0.10119047619047618,1
5784,Ghost Ship (2002),Horror,2.5,8,0.020833333333333332,0
4801,"Little Foxes, The (1941)",Drama,2.0,1,0.0,0
6620,American Splendor (2003),Comedy|Drama,3.8076923076923075,26,0.0744047619047619,1
3827,Space Cowboys (2000),Action|Adventure|Comedy|Sci-Fi,3.0625,32,0.09226190476190475,0
2707,Arlington Road (1999),Thriller,3.5657894736842106,38,0.1101190476190476,0
1690,Alien: Resurrection (1997),Action|Horror|Sci-Fi,2.8365384615384617,52,0.1517857142857143,0
8914,Primer (2004),Drama|Sci-Fi,3.5714285714285716,7,0.017857142857142856,0
357,Four Weddings and a Funeral (1994),Comedy|Romance,3.4525547445255476,137,0.40476190476190477,0
7153,"Lord of the Rings: The Return of the King, The (2003)",Action|Adventure|Drama|Fantasy,4.173780487804878,164,0.4851190476190476,1
1409,Michael (1996),Comedy|Drama|Fantasy|Romance,2.727272727272727,33,0.09523809523809523,0
37727,Flightplan (2005),Action|Drama|Thriller,3.3181818181818183,11,0.029761904761904757,0
3978,"Legend of Bagger Vance, The (2000)",Drama|Romance,3.0384615384615383,13,0.03571428571428571,0
26131,"Battle of Algiers, The (La battaglia di Algeri) (1966)",Drama|War,4.4,5,0.011904761904761904,1
2827,"Astronaut's Wife, The (1999)",Horror|Sci-Fi|Thriller,2.5357142857142856,14,0.03869047619047619,1
1334,"Blob, The (1958)",Horror|Sci-Fi,2.857142857142857,14,0.03869047619047619,1
2728,Spartacus (1960),Action|Drama|Romance|War,3.925925925925926,27,0.07738095238095237,1
3269,Forever Young (1992),Drama|Romance|Sci-Fi,3.0555555555555554,18,0.050595238095238096,0
1587,Conan the Barbarian (1982),Action|Adventure|Fantasy,3.4318181818181817,44,0.12797619047619047,0
412,"Age of Innocence, The (1993)",Drama,3.75,16,0.04464285714285714,0
1102,American Strays (1996),Action,2.0,1,0.0,0
99114,Django Unchained (2012),Action|Drama|Western,4.038461538461538,26,0.0744047619047619,1
971,Cat on a Hot Tin Roof (1958),Drama,4.115384615384615,13,0.03571428571428571,1
79,"Juror, The (1996)",Drama|Thriller,3.2058823529411766,34,0.09821428571428571,0
3253,Wayne's World (1992),Comedy,3.5873015873015874,63,0.18452380952380953,1
2370,"Emerald Forest, The (1985)",Action|Adventure|Drama,3.25,8,0.020833333333333332,1
2771,Brokedown Palace (1999),Drama,3.4,5,0.011904761904761904,1
303,"Quick and the Dead, The (1995)",Action|Thriller|Western,3.2962962962962963,27,0.07738095238095237,0
2134,Weird Science (1985),Comedy|Fantasy|Sci-Fi,3.2962962962962963,27,0.07738095238095237,0
6880,"Texas Chainsaw Massacre, The (2003)",Horror,2.642857142857143,7,0.017857142857142856,0
61323,Burn After Reading (2008),Comedy|Crime|Drama,3.5434782608695654,23,0.06547619047619047,0
39,Clueless (1995),Comedy|Romance,3.397887323943662,142,0.41964285714285715,0
4344,Swordfish (2001),Action|Crime|Drama,3.054054054054054,37,0.10714285714285714,1
81591,Black Swan (2010),Drama|Thriller,3.8392857142857144,28,0.08035714285714285,1
714,Dead Man (1995),Drama|Mystery|Western,3.925,20,0.05654761904761904,1
3948,Meet the Parents (2000),Comedy,3.5,66,0.19345238095238096,1
348,Bullets Over Broadway (1994),Comedy,3.813953488372093,43,0.12499999999999999,1
2990,Licence to Kill (1989),Action|Adventure|Thriller,3.0576923076923075,26,0.0744047619047619,1
3969,Pay It Forward (2000),Drama,3.314814814814815,27,0.07738095238095237,1
43560,Nanny McPhee (2005),Children|Comedy|Fantasy,3.8333333333333335,6,0.01488095238095238,1
2401,Pale Rider (1985),Western,3.5,21,0.05952380952380952,0
51277,"36th Chamber of Shaolin, The (Shao Lin san shi liu fang) (Master Killer) (1978)",Action|Adventure,4.25,2,0.002976190476190476,1
1240,"Terminator, The (1984)",Action|Sci-Fi|Thriller,3.8433734939759034,166,0.49107142857142855,0
5618,Spirited Away (Sen to Chihiro no kamikakushi) (2001),Adventure|Animation|Fantasy,4.156716417910448,67,0.19642857142857142,0
4896,Harry Potter and the Sorcerer's Stone (a.k.a. Harry Potter and the Philosopher's Stone) (2001),Adventure|Children|Fantasy,3.723684210526316,76,0.2232142857142857,0
8360,Shrek 2 (2004),Adventure|Animation|Children|Comedy|Musical|Romance,3.6266666666666665,75,0.22023809523809523,0
8644,"I, Robot (2004)",Action|Adventure|Sci-Fi|Thriller,3.638888888888889,54,0.15773809523809523,1
32587,Sin City (2005),Action|Crime|Film-Noir|Mystery|Thriller,3.986111111111111,72,0.2113095238095238,1
1127,"Abyss, The (1989)",Action|Adventure|Sci-Fi|Thriller,3.6987951807228914,83,0.24404761904761904,1
356,Forrest Gump (1994),Comedy|Drama|Romance|War,3.940652818991098,337,1.0,1
3246,Malcolm X (1992),Drama,3.7916666666666665,24,0.06845238095238095,0
6586,American Wedding (American Pie 3) (2003),Comedy,3.269230769230769,13,0.03571428571428571,0
4878,Donnie Darko (2001),Drama|Mystery|Sci-Fi|Thriller,4.045918367346939,98,0.28869047619047616,1
6440,Barton Fink (1991),Drama|Thriller,3.7333333333333334,15,0.04166666666666666,0
65514,Ip Man (2008),Action|Drama|War,4.0,5,0.011904761904761904,0
5479,K-19: The Widowmaker (2002),Action|Adventure|Drama|Thriller,3.375,8,0.020833333333333332,0
1809,Fireworks (Hana-bi) (1997),Crime|Drama,4.0,6,0.01488095238095238,1
2528,Logan's Run (1976),Action|Adventure|Sci-Fi,3.227272727272727,22,0.062499999999999986,1
5229,I Think I Do (1997),Comedy,3.5,1,0.0,0
3994,Unbreakable (2000),Drama|Sci-Fi,3.356060606060606,66,0.19345238095238096,0
766,I Shot Andy Warhol (1996),Drama,3.625,12,0.03273809523809523,0
2151,"Gods Must Be Crazy II, The (1989)",Comedy,2.35,10,0.026785714285714284,1
1747,Wag the Dog (1997),Comedy,3.25,58,0.16964285714285715,0
2054,"Honey, I Shrunk the Kids (1989)",Adventure|Children|Comedy|Fantasy|Sci-Fi,2.8214285714285716,70,0.20535714285714285,0
1120,"People vs. Larry Flynt, The (1996)",Comedy|Drama,3.8194444444444446,36,0.10416666666666666,1
2388,Steam: The Turkish Bath (Hamam) (1997),Drama|Romance,2.25,2,0.002976190476190476,1
1028,Mary Poppins (1964),Children|Comedy|Fantasy|Musical,3.7884615384615383,52,0.1517857142857143,0
33437,Unleashed (Danny the Dog) (2005),Action|Crime|Drama|Thriller,3.625,8,0.020833333333333332,1
191,"Scarlet Letter, The (1995)",Drama|Romance,2.642857142857143,7,0.017857142857142856,1
765,Jack (1996),Comedy|Drama,3.0166666666666666,30,0.0863095238095238,0
5816,Harry Potter and the Chamber of Secrets (2002),Adventure|Fantasy,3.614864864864865,74,0.21726190476190477,1
61236,Waltz with Bashir (Vals im Bashir) (2008),Animation|Documentary|Drama|War,3.8333333333333335,3,0.005952380952380952,1
6889,Brother Bear (2003),Adventure|Animation|Children,2.5,8,0.020833333333333332,0
943,"Ghost and Mrs. Muir, The (1947)",Drama|Fantasy|Romance,4.111111111111111,9,0.023809523809523808,0
4316,Ice Castles (1978),Drama,3.6666666666666665,3,0.005952380952380952,1
4787,Little Man Tate (1991),Drama,4.333333333333333,6,0.01488095238095238,1
1769,"Replacement Killers, The (1998)",Action|Crime|Thriller,2.588235294117647,17,0.047619047619047616,0
912,Casablanca (1942),Drama|Romance,4.192622950819672,122,0.3601190476190476,1
2354,"Rugrats Movie, The (1998)",Animation|Children|Comedy,2.4545454545454546,11,0.029761904761904757,0
907,"Gay Divorcee, The (1934)",Comedy|Musical|Romance,3.1,5,0.011904761904761904,1
108932,The Lego Movie (2014),Action|Adventure|Animation|Children|Comedy|Fantasy,3.388888888888889,9,0.023809523809523808,0
1035,"Sound of Music, The (1965)",Musical|Romance,3.7641509433962264,53,0.15476190476190477,1
40815,Harry Potter and the Goblet of Fire (2005),Adventure|Fantasy|Thriller|IMAX,3.9038461538461537,52,0.1517857142857143,0
1639,Chasing Amy (1997),Comedy|Drama|Romance,3.5476190476190474,84,0.24702380952380953,0
3285,"Beach, The (2000)",Adventure|Drama,3.1176470588235294,34,0.09821428571428571,0
2722,Deep Blue Sea (1999),Action|Horror|Sci-Fi|Thriller,2.590909090909091,33,0.09523809523809523,0
2799,Problem Child 2 (1991),Comedy,2.2,5,0.011904761904761904,0
26116,"Hush... Hush, Sweet Charlotte (1964)",Horror|Thriller,4.25,2,0.002976190476190476,1
26471,Eddie Murphy Delirious (1983),Comedy|Documentary,4.5,3,0.005952380952380952,1
1124,On Golden Pond (1981),Drama,3.7142857142857144,21,0.05952380952380952,0
7450,Laws of Attraction (2004),Comedy|Romance,3.25,2,0.002976190476190476,0
2926,Hairspray (1988),Comedy|Drama,3.823529411764706,17,0.047619047619047616,0
25941,Letter from an Unknown Woman (1948),Drama|Romance,4.5,1,0.0,1
1591,Spawn (1997),Action|Adventure|Sci-Fi|Thriller,2.85,30,0.0863095238095238,0
3551,Marathon Man (1976),Crime|Drama|Thriller,3.840909090909091,22,0.062499999999999986,0
66097,Coraline (2009),Animation|Fantasy|Thriller,3.727272727272727,22,0.062499999999999986,0
48,Pocahontas (1995),Animation|Children|Drama|Musical|Romance,2.8046875,64,0.1875,0
3210,Fast Times at Ridgemont High (1982),Comedy|Drama|Romance,3.3484848484848486,33,0.09523809523809523,1
7022,Battle Royale (Batoru rowaiaru) (2000),Action|Drama|Horror|Thriller,3.6956521739130435,23,0.06547619047619047,1
26158,Closely Watched Trains (Ostre sledované vlaky) (1966),Comedy|Drama|War,4.5,1,0.0,1
86911,"Hangover Part II, The (2011)",Comedy,3.0,4,0.008928571428571428,0
57669,In Bruges (2008),Comedy|Crime|Drama|Thriller,4.173913043478261,23,0.06547619047619047,0
2616,Dick Tracy (1990),Action|Crime,2.783333333333333,30,0.0863095238095238,0
3755,"Perfect Storm, The (2000)",Drama|Thriller,3.0,53,0.15476190476190477,0
1271,Fried Green Tomatoes (1991),Comedy|Crime|Drama,3.6842105263157894,38,0.1101190476190476,1
4889,Heist (2001),Crime|Drama,3.388888888888889,9,0.023809523809523808,1
597,Pretty Woman (1990),Comedy|Romance,3.372093023255814,172,0.5089285714285714,0
5299,My Big Fat Greek Wedding (2002),Comedy|Romance,3.4615384615384617,52,0.1517857142857143,1
2435,Hurlyburly (1998),Drama,2.75,4,0.008928571428571428,1
4105,"Evil Dead, The (1981)",Fantasy|Horror|Thriller,3.260869565217391,23,0.06547619047619047,0
5810,8 Mile (2002),Drama,2.9642857142857144,14,0.03869047619047619,1
8014,"Spring, Summer, Fall, Winter... and Spring (Bom yeoreum gaeul gyeoul geurigo bom) (2003)",Drama,3.8125,8,0.020833333333333332,1
674,Barbarella (1968),Adventure|Comedy|Sci-Fi,3.0625,16,0.04464285714285714,0
3219,Pacific Heights (1990),Mystery|Thriller,3.40625,16,0.04464285714285714,0
377,Speed (1994),Action|Romance|Thriller,3.420103092783505,194,0.5744047619047619,1
67073,Day of the Dead (2008),Horror,2.75,2,0.002976190476190476,0
3260,Howards End (1992),Drama,3.857142857142857,14,0.03869047619047619,1
2846,"Adventures of Milo and Otis, The (Koneko monogatari) (1986)",Adventure|Children|Comedy|Drama,4.0625,8,0.020833333333333332,1
57504,"Girl Who Leapt Through Time, The (Toki o kakeru shôjo) (2006)",Animation|Comedy|Drama|Romance|Sci-Fi,4.0,4,0.008928571428571428,0
52281,Grindhouse (2007),Action|Crime|Horror|Sci-Fi|Thriller,3.78125,16,0.04464285714285714,0
5106,Crossroads (2002),Comedy|Musical|Romance,2.3333333333333335,3,0.005952380952380952,0
1283,High Noon (1952),Drama|Western,4.095238095238095,21,0.05952380952380952,1
2075,Mephisto (1981),Drama|War,3.8333333333333335,6,0.01488095238095238,1
3897,Almost Famous (2000),Drama,3.7362637362637363,91,0.26785714285714285,0
44555,"Lives of Others, The (Das leben der Anderen) (2006)",Drama|Romance|Thriller,4.32258064516129,31,0.08928571428571427,0
1694,"Apostle, The (1997)",Drama,3.78125,16,0.04464285714285714,1
3435,Double Indemnity (1944),Crime|Drama|Film-Noir,4.365384615384615,26,0.0744047619047619,1
1262,"Great Escape, The (1963)",Action|Adventure|Drama|War,3.9926470588235294,68,0.19940476190476192,1
1079,"Fish Called Wanda, A (1988)",Comedy|Crime,3.8684210526315788,95,0.27976190476190477,0
7373,Hellboy (2004),Action|Adventure|Fantasy|Horror,3.0217391304347827,23,0.06547619047619047,0
4624,Meet the Feebles (1989),Animation|Comedy|Musical,3.2,5,0.011904761904761904,0
34150,Fantastic Four (2005),Action|Adventure|Sci-Fi,2.7142857142857144,21,0.05952380952380952,0
10,GoldenEye (1995),Action|Adventure|Thriller,3.5576923076923075,130,0.3839285714285714,0
68791,Terminator Salvation (2009),Action|Adventure|Sci-Fi|Thriller,2.6363636363636362,11,0.029761904761904757,0
93242,Gone (2012),Drama|Thriller,3.5,1,0.0,0
4370,A.I. Artificial Intelligence (2001),Adventure|Drama|Sci-Fi,3.1951219512195124,41,0.11904761904761904,0
111921,The Fault in Our Stars (2014),Drama|Romance,3.625,4,0.008928571428571428,0
2379,Police Academy 2: Their First Assignment (1985),Comedy|Crime,2.15625,16,0.04464285714285714,0
2023,"Godfather: Part III, The (1990)",Crime|Drama|Mystery|Thriller,3.2941176470588234,51,0.1488095238095238,1
25,Leaving Las Vegas (1995),Drama|Romance,3.689189189189189,111,0.3273809523809524,0
3916,Remember the Titans (2000),Drama,3.6973684210526314,38,0.1101190476190476,0
1266,Unforgiven (1992),Drama|Western,3.970149253731343,67,0.19642857142857142,0
4614,Kickboxer (1989),Action,2.6666666666666665,3,0.005952380952380952,0
7716,"Lonely Guy, The (1984)",Comedy,3.5,2,0.002976190476190476,0
608,Fargo (1996),Comedy|Crime|Drama|Thriller,4.103864734299517,207,0.613095238095238,1
1292,Being There (1979),Comedy|Drama,3.90625,48,0.13988095238095238,1
26479,"Pirates of Penzance, The (1983)",Adventure|Comedy|Musical|Romance,4.25,2,0.002976190476190476,1
71462,"Cove, The (2009)",Documentary,3.5,2,0.002976190476190476,0
5667,Tuck Everlasting (2002),Drama|Fantasy,2.8333333333333335,3,0.005952380952380952,0
34405,Serenity (2005),Action|Adventure|Sci-Fi,3.9642857142857144,42,0.12202380952380952,1
1223,"Grand Day Out with Wallace and Gromit, A (1989)",Adventure|Animation|Children|Comedy|Sci-Fi,3.9615384615384617,39,0.11309523809523808,1
16,Casino (1995),Crime|Drama,3.7325581395348837,86,0.25297619047619047,1
1234,"Sting, The (1973)",Comedy|Crime,4.306666666666667,75,0.22023809523809523,1
26055,Floating Weeds (Ukigusa) (1959),Drama,3.25,2,0.002976190476190476,0
68157,Inglourious Basterds (2009),Action|Drama|War,3.8645833333333335,48,0.13988095238095238,0
30793,Charlie and the Chocolate Factory (2005),Adventure|Children|Comedy|Fantasy|IMAX,3.488888888888889,45,0.13095238095238096,1
1252,Chinatown (1974),Crime|Film-Noir|Mystery|Thriller,4.114457831325301,83,0.24404761904761904,0
4783,"Endurance: Shackleton's Legendary Antarctic Expedition, The (2000)",Documentary,3.625,4,0.008928571428571428,1
3068,"Verdict, The (1982)",Drama|Mystery,4.0,11,0.029761904761904757,1
2071,And the Band Played On (1993),Drama,3.625,4,0.008928571428571428,1
6441,Battle of Britain (1969),War,3.3333333333333335,3,0.005952380952380952,0
565,Cronos (1993),Drama|Horror,3.0,2,0.002976190476190476,1
5218,Ice Age (2002),Adventure|Animation|Children|Comedy,3.5697674418604652,43,0.12499999999999999,1
1343,Cape Fear (1991),Thriller,3.433333333333333,45,0.13095238095238096,0
373,Red Rock West (1992),Thriller,3.8181818181818183,11,0.029761904761904757,1
1610,"Hunt for Red October, The (1990)",Action|Adventure|Thriller,3.8537735849056602,106,0.3125,1
1097,E.T. the Extra-Terrestrial (1982),Children|Drama|Sci-Fi,3.790960451977401,177,0.5238095238095238,0
1221,"Godfather: Part II, The (1974)",Crime|Drama,4.35,140,0.41369047619047616,0
3534,28 Days (2000),Drama,3.04,25,0.07142857142857142,0
1388,Jaws 2 (1978),Horror|Thriller,2.775,20,0.05654761904761904,0
899,Singin' in the Rain (1952),Comedy|Musical|Romance,4.02542372881356,59,0.17261904761904762,0
5072,Metropolis (2001),Animation|Sci-Fi,3.375,4,0.008928571428571428,1
2890,Three Kings (1999),Action|Adventure|Comedy|Drama|War,3.6180555555555554,72,0.2113095238095238,1
93,Vampire in Brooklyn (1995),Comedy|Horror|Romance,2.3666666666666667,15,0.04166666666666666,0
5151,40 Days and 40 Nights (2002),Comedy|Romance,2.607142857142857,14,0.03869047619047619,0
234,Exit to Eden (1994),Comedy,2.642857142857143,14,0.03869047619047619,0
8636,Spider-Man 2 (2004),Action|Adventure|Sci-Fi|IMAX,3.542372881355932,59,0.17261904761904762,1
2324,Life Is Beautiful (La Vita è bella) (1997),Comedy|Drama|Romance|War,4.4,85,0.25,0
2983,"Ipcress File, The (1965)",Thriller,4.5,4,0.008928571428571428,1
953,It's a Wonderful Life (1946),Drama|Fantasy|Romance,4.050724637681159,69,0.20238095238095238,1
4995,"Beautiful Mind, A (2001)",Drama|Romance,3.90990990990991,111,0.3273809523809524,1
2915,Risky Business (1983),Comedy,3.619047619047619,42,0.12202380952380952,0
5796,Casino Royale (1967),Action|Adventure|Comedy,2.1,5,0.011904761904761904,0
1249,"Femme Nikita, La (Nikita) (1990)",Action|Crime|Romance|Thriller,3.909090909090909,55,0.16071428571428573,0
1999,"Exorcist III, The (1990)",Horror,2.8333333333333335,9,0.023809523809523808,0
3516,"Bell, Book and Candle (1958)",Comedy|Fantasy|Romance,4.333333333333333,3,0.005952380952380952,0
44788,This Film Is Not Yet Rated (2006),Documentary,3.875,4,0.008928571428571428,1
2261,One Crazy Summer (1986),Comedy,3.75,6,0.01488095238095238,1
116797,The Imitation Game (2014),Drama|Thriller,4.285714285714286,7,0.017857142857142856,1
8861,Resident Evil: Apocalypse (2004),Action|Horror|Sci-Fi|Thriller,3.35,10,0.026785714285714284,1
1945,On the Waterfront (1954),Crime|Drama,4.362068965517241,29,0.08333333333333333,1
5010,Black Hawk Down (2001),Action|Drama|War,3.725,60,0.17559523809523808,1
48738,"Last King of Scotland, The (2006)",Drama|Thriller,3.973684210526316,19,0.05357142857142856,1
101864,Oblivion (2013),Action|Adventure|Sci-Fi|IMAX,3.2222222222222223,9,0.023809523809523808,0
3032,"Omega Man, The (1971)",Action|Drama|Sci-Fi|Thriller,3.375,8,0.020833333333333332,0
2585,"Lovers of the Arctic Circle, The (Los Amantes del Círculo Polar) (1998)",Drama|Romance,4.5,1,0.0,1
6274,Physical Evidence (1989),Crime|Thriller,3.0,1,0.0,0
6987,"Cabinet of Dr. Caligari, The (Cabinet des Dr. Caligari., Das) (1920)",Crime|Fantasy|Horror,3.611111111111111,9,0.023809523809523808,0
2735,"Golden Child, The (1986)",Action|Adventure|Comedy|Fantasy|Mystery,3.142857142857143,14,0.03869047619047619,1
3872,"Suddenly, Last Summer (1959)",Drama,3.3333333333333335,3,0.005952380952380952,1
1231,"Right Stuff, The (1983)",Drama,4.055555555555555,36,0.10416666666666666,1
70286,District 9 (2009),Mystery|Sci-Fi|Thriller,4.073170731707317,41,0.11904761904761904,0
415,Another Stakeout (1993),Comedy|Thriller,2.7058823529411766,17,0.047619047619047616,0
2916,Total Recall (1990),Action|Adventure|Sci-Fi|Thriller,3.6654135338345863,133,0.39285714285714285,0
2202,Lifeboat (1944),Drama|War,3.7142857142857144,7,0.017857142857142856,1
786,Eraser (1996),Action|Drama|Thriller,2.9725274725274726,91,0.26785714285714285,0
3275,"Boondock Saints, The (2000)",Action|Crime|Drama|Thriller,3.9081632653061225,49,0.14285714285714285,1
1201,"Good, the Bad and the Ugly, The (Buono, il brutto, il cattivo, Il) (1966)",Action|Adventure|Western,4.117647058823529,68,0.19940476190476192,0
59037,Speed Racer (2008),Action|Children|Sci-Fi|IMAX,2.8333333333333335,3,0.005952380952380952,0
165,Die Hard: With a Vengeance (1995),Action|Crime|Thriller,3.5427631578947367,152,0.44940476190476186,1
46948,Monster House (2006),Animation|Children|Fantasy|Mystery,2.7142857142857144,7,0.017857142857142856,0
1465,Rosewood (1997),Action|Drama,4.0,6,0.01488095238095238,0
63082,Slumdog Millionaire (2008),Crime|Drama|Romance,3.6794871794871793,39,0.11309523809523808,1
1682,"Truman Show, The (1998)",Comedy|Drama|Sci-Fi,3.83955223880597,134,0.3958333333333333,1
6709,Once Upon a Time in Mexico (2003),Action|Adventure|Crime|Thriller,3.264705882352941,17,0.047619047619047616,0
6,Heat (1995),Action|Crime|Thriller,4.019230769230769,130,0.3839285714285714,1
948,Giant (1956),Drama|Romance|Western,3.5384615384615383,13,0.03571428571428571,0
7982,"Tale of Two Sisters, A (Janghwa, Hongryeon) (2003)",Drama|Horror|Mystery|Thriller,3.8333333333333335,3,0.005952380952380952,1
2826,"13th Warrior, The (1999)",Action|Adventure|Fantasy,3.24468085106383,47,0.13690476190476192,1
1178,Paths of Glory (1957),Drama|War,4.214285714285714,14,0.03869047619047619,1
1702,Flubber (1997),Children|Comedy|Fantasy,2.2962962962962963,27,0.07738095238095237,1
1676,Starship Troopers (1997),Action|Sci-Fi,2.9466666666666668,75,0.22023809523809523,1
1214,Alien (1979),Horror|Sci-Fi,4.225,140,0.41369047619047616,1
196,Species (1995),Horror|Sci-Fi,2.7911392405063293,79,0.23214285714285715,1
7767,"Best of Youth, The (La meglio gioventù) (2003)",Drama,3.5,2,0.002976190476190476,1
3698,"Running Man, The (1987)",Action|Sci-Fi,3.25,30,0.0863095238095238,0
4277,"Lost World, The (1925)",Adventure|Sci-Fi,4.0,1,0.0,1
78041,Killers (2010),Action|Comedy,3.0,4,0.008928571428571428,0
5445,Minority Report (2002),Action|Crime|Mystery|Sci-Fi|Thriller,3.6666666666666665,105,0.30952380952380953,0
3967,Billy Elliot (2000),Drama,3.8970588235294117,34,0.09821428571428571,1
266,Legends of the Fall (1994),Drama|Romance|War|Western,3.4936708860759493,79,0.23214285714285715,1
2997,Being John Malkovich (1999),Comedy|Drama|Fantasy,3.887596899224806,129,0.38095238095238093,1
282,Nell (1994),Drama,3.1914893617021276,47,0.13690476190476192,0
7026,Summer School (1987),Comedy,3.5,3,0.005952380952380952,1
68954,Up (2009),Adventure|Animation|Children|Drama,4.028301886792453,53,0.15476190476190477,1
1136,Monty Python and the Holy Grail (1975),Adventure|Comedy|Fantasy,4.114285714285714,175,0.5178571428571428,1
1642,Indian Summer (a.k.a. Alive & Kicking) (1996),Comedy|Drama,4.0,3,0.005952380952380952,1
71520,"Invention of Lying, The (2009)",Comedy,3.2,5,0.011904761904761904,0
55442,Persepolis (2007),Animation|Drama,4.076923076923077,13,0.03571428571428571,1
3863,"Cell, The (2000)",Drama|Horror|Thriller,2.872340425531915,47,0.13690476190476192,0
1357,Shine (1996),Drama|Romance,3.75531914893617,47,0.13690476190476192,1
861,Supercop (Police Story 3: Supercop) (Jing cha gu shi III: Chao ji jing cha) (1992),Action|Comedy|Crime|Thriller,3.3461538461538463,13,0.03571428571428571,1
2922,Hang 'Em High (1968),Crime|Drama|Western,3.7,5,0.011904761904761904,0
2160,Rosemary's Baby (1968),Drama|Horror|Thriller,3.6973684210526314,38,0.1101190476190476,0
2492,20 Dates (1998),Comedy|Romance,2.625,4,0.008928571428571428,0
1408,"Last of the Mohicans, The (1992)",Action|Romance|War|Western,3.595890410958904,73,0.21428571428571427,1
2094,"Rocketeer, The (1991)",Action|Adventure|Sci-Fi,3.1354166666666665,48,0.13988095238095238,0
1971,"Nightmare on Elm Street 4: The Dream Master, A (1988)",Horror|Thriller,2.0,9,0.023809523809523808,0
2005,"Goonies, The (1985)",Action|Adventure|Children|Comedy|Fantasy,3.712962962962963,54,0.15773809523809523,0
372,Reality Bites (1994),Comedy|Drama|Romance,3.3295454545454546,44,0.12797619047619047,0
56176,Alvin and the Chipmunks (2007),Children|Comedy,2.5,1,0.0,0
2542,"Lock, Stock & Two Smoking Barrels (1998)",Comedy|Crime|Thriller,4.09375,80,0.23511904761904762,1
800,Lone Star (1996),Drama|Mystery|Western,4.0,36,0.10416666666666666,1
4161,"Mexican, The (2001)",Action|Comedy,3.05,20,0.05654761904761904,0
5135,Monsoon Wedding (2001),Comedy|Romance,4.0,16,0.04464285714285714,0
216,Billy Madison (1995),Comedy,3.234042553191489,47,0.13690476190476192,1
5250,Stir Crazy (1980),Comedy,3.5,3,0.005952380952380952,0
2551,Dead Ringers (1988),Drama|Horror|Thriller,3.75,8,0.020833333333333332,0
79242,"Kids Are All Right, The (2010)",Comedy|Drama,3.4,5,0.011904761904761904,0
38038,Wallace & Gromit in The Curse of the Were-Rabbit (2005),Adventure|Animation|Children|Comedy,3.5789473684210527,19,0.05357142857142856,0
4018,What Women Want (2000),Comedy|Romance,3.1320754716981134,53,0.15476190476190477,0
4014,Chocolat (2000),Drama|Romance,3.6862745098039214,51,0.1488095238095238,1
45447,"Da Vinci Code, The (2006)",Drama|Mystery|Thriller,3.1206896551724137,29,0.08333333333333333,0
4290,For the Boys (1991),Comedy|Drama|Musical,2.5,2,0.002976190476190476,0
4211,Reversal of Fortune (1990),Drama,3.9583333333333335,12,0.03273809523809523,1
5767,Teddy Bear (Mis) (1981),Comedy|Crime,1.0,1,0.0,0
626,"Thin Line Between Love and Hate, A (1996)",Comedy,3.5,2,0.002976190476190476,1
2399,Santa Claus: The Movie (1985),Adventure|Children|Fantasy,2.625,8,0.020833333333333332,0
719,Multiplicity (1996),Comedy,3.1333333333333333,30,0.0863095238095238,0
3256,Patriot Games (1992),Action|Thriller,3.3225806451612905,31,0.08928571428571427,1
44828,Slither (2006),Comedy|Horror|Sci-Fi,3.125,4,0.008928571428571428,0
1590,Event Horizon (1997),Horror|Sci-Fi|Thriller,2.7291666666666665,24,0.06845238095238095,0
102479,Reincarnated (2012),Adventure|Documentary,4.0,1,0.0,1
6807,Monty Python's The Meaning of Life (1983),Comedy,3.7142857142857144,42,0.12202380952380952,0
6874,Kill Bill: Vol. 1 (2003),Action|Crime|Thriller,3.86,100,0.29464285714285715,0
2628,Star Wars: Episode I - The Phantom Menace (1999),Action|Adventure|Sci-Fi,3.2312925170068025,147,0.43452380952380953,1
3067,Women on the Verge of a Nervous Breakdown (Mujeres al borde de un ataque de nervios) (1988),Comedy|Drama,3.46875,16,0.04464285714285714,0
902,Breakfast at Tiffany's (1961),Drama|Romance,3.875,52,0.1517857142857143,0
59018,"Visitor, The (2007)",Drama|Romance,3.0714285714285716,7,0.017857142857142856,0
3176,"Talented Mr. Ripley, The (1999)",Drama|Mystery|Thriller,3.513888888888889,72,0.2113095238095238,0
1952,Midnight Cowboy (1969),Drama,3.803030303030303,33,0.09523809523809523,0
4308,Moulin Rouge (2001),Drama|Musical|Romance,3.490566037735849,53,0.15476190476190477,0
546,Super Mario Bros. (1993),Action|Adventure|Children|Comedy|Fantasy|Sci-Fi,2.225806451612903,31,0.08928571428571427,0
63876,Milk (2008),Drama,3.9615384615384617,13,0.03571428571428571,1
58,"Postman, The (Postino, Il) (1994)",Comedy|Drama|Romance,4.1953125,64,0.1875,1
2747,"Little Shop of Horrors, The (1960)",Comedy|Horror,3.269230769230769,13,0.03571428571428571,1
1411,Hamlet (1996),Crime|Drama|Romance,3.7333333333333334,30,0.0863095238095238,1
1958,Terms of Endearment (1983),Comedy|Drama,3.8260869565217392,23,0.06547619047619047,1
2759,Dick (1999),Comedy,2.9375,8,0.020833333333333332,0
4343,Evolution (2001),Comedy|Sci-Fi,2.825,20,0.05654761904761904,0
1230,Annie Hall (1977),Comedy|Romance,3.945945945945946,74,0.21726190476190477,0
4967,No Man's Land (2001),Drama|War,3.923076923076923,13,0.03571428571428571,0
1213,Goodfellas (1990),Crime|Drama,4.3,150,0.44345238095238093,1
1377,Batman Returns (1992),Action|Crime,3.0725806451612905,62,0.18154761904761904,0
218,Boys on the Side (1995),Comedy|Drama,3.0476190476190474,21,0.05952380952380952,0
736,Twister (1996),Action|Adventure|Romance|Thriller,3.1123595505617976,178,0.5267857142857143,1
1797,Everest (1998),Documentary|IMAX,3.772727272727273,11,0.029761904761904757,0
4867,Riding in Cars with Boys (2001),Comedy|Drama,2.9545454545454546,11,0.029761904761904757,0
2671,Notting Hill (1999),Comedy|Romance,3.3425925925925926,54,0.15773809523809523,1
73854,"Rudolph, the Red-Nosed Reindeer (1964)",Adventure|Animation|Children|Fantasy|Musical,4.0,3,0.005952380952380952,1
3398,"Muppets Take Manhattan, The (1984)",Children|Comedy|Musical,3.75,12,0.03273809523809523,1
3105,Awakenings (1990),Drama|Mystery,3.90625,32,0.09226190476190475,1
5528,One Hour Photo (2002),Drama|Thriller,3.2884615384615383,26,0.0744047619047619,0
1007,"Apple Dumpling Gang, The (1975)",Children|Comedy|Western,2.611111111111111,9,0.023809523809523808,0
2471,Crocodile Dundee II (1988),Action|Adventure|Comedy,2.52,25,0.07142857142857142,0
1114,"Funeral, The (1996)",Crime|Drama,3.5,3,0.005952380952380952,0
541,Blade Runner (1982),Action|Sci-Fi|Thriller,4.231034482758621,145,0.42857142857142855,1
2396,Shakespeare in Love (1998),Comedy|Drama|Romance,3.8449612403100777,129,0.38095238095238093,1
345,"Adventures of Priscilla, Queen of the Desert, The (1994)",Comedy|Drama,3.9456521739130435,46,0.13392857142857142,0
31445,Employee of the Month (2004),Comedy|Drama,2.0,1,0.0,0
362,"Jungle Book, The (1994)",Adventure|Children|Romance,3.514705882352941,34,0.09821428571428571,1
1101,Top Gun (1986),Action|Romance,3.4081632653061225,98,0.28869047619047616,1
3354,Mission to Mars (2000),Sci-Fi,2.5694444444444446,36,0.10416666666666666,0
1500,Grosse Pointe Blank (1997),Comedy|Crime|Romance,3.86046511627907,86,0.25297619047619047,0
1485,Liar Liar (1997),Comedy,3.1161616161616164,99,0.2916666666666667,1
292,Outbreak (1995),Action|Drama|Sci-Fi|Thriller,3.4363057324840764,157,0.46428571428571425,0
3821,Nutty Professor II: The Klumps (2000),Comedy,2.2058823529411766,17,0.047619047619047616,0
51931,Reign Over Me (2007),Drama,3.875,8,0.020833333333333332,1
1617,L.A. Confidential (1997),Crime|Film-Noir|Mystery|Thriller,4.10077519379845,129,0.38095238095238093,1
1354,Breaking the Waves (1996),Drama|Mystery,3.738095238095238,21,0.05952380952380952,1
2237,Without Limits (1998),Drama,4.6,5,0.011904761904761904,1
2085,101 Dalmatians (One Hundred and One Dalmatians) (1961),Adventure|Animation|Children,3.1875,40,0.11607142857142856,0
49530,Blood Diamond (2006),Action|Adventure|Crime|Drama|Thriller|War,4.029411764705882,34,0.09821428571428571,1
5945,About Schmidt (2002),Comedy|Drama,3.574074074074074,27,0.07738095238095237,1
6617,Open Range (2003),Western,3.7,5,0.011904761904761904,0
552,"Three Musketeers, The (1993)",Action|Adventure|Comedy|Romance,3.325,60,0.17559523809523808,0
1488,"Devil's Own, The (1997)",Action|Drama|Thriller,2.85,20,0.05654761904761904,0
3448,"Good Morning, Vietnam (1987)",Comedy|Drama|War,3.6454545454545455,55,0.16071428571428573,1
1256,Duck Soup (1933),Comedy|Musical|War,3.890625,32,0.09226190476190475,1
252,I.Q. (1994),Comedy|Romance,3.2830188679245285,53,0.15476190476190477,1
1518,Breakdown (1997),Action|Thriller,3.40625,16,0.04464285714285714,1
1994,Poltergeist (1982),Horror|Thriller,3.534090909090909,44,0.12797619047619047,1
922,Sunset Blvd. (a.k.a. Sunset Boulevard) (1950),Drama|Film-Noir|Romance,4.3125,32,0.09226190476190475,1
7366,Jersey Girl (2004),Comedy|Drama|Romance,3.5,6,0.01488095238095238,1
969,"African Queen, The (1951)",Adventure|Comedy|Romance|War,3.950980392156863,51,0.1488095238095238,1
237,Forget Paris (1995),Comedy|Romance,3.3,30,0.0863095238095238,0
4873,Waking Life (2001),Animation|Drama|Fantasy,4.125,12,0.03273809523809523,1
2794,European Vacation (aka National Lampoon's European Vacation) (1985),Adventure|Comedy|Romance,3.272727272727273,22,0.062499999999999986,0
36,Dead Man Walking (1995),Crime|Drama,3.918918918918919,111,0.3273809523809524,1
225,Disclosure (1994),Drama|Thriller,3.482142857142857,56,0.1636904761904762,0
3481,High Fidelity (2000),Comedy|Drama|Romance,3.960674157303371,89,0.2619047619047619,0
968,Night of the Living Dead (1968),Horror|Sci-Fi|Thriller,4.071428571428571,35,0.10119047619047618,1
5440,She Wore a Yellow Ribbon (1949),Western,3.45,10,0.026785714285714284,1
280,Murder in the First (1995),Drama|Thriller,3.6,35,0.10119047619047618,1
2657,"Rocky Horror Picture Show, The (1975)",Comedy|Horror|Musical|Sci-Fi,3.269230769230769,65,0.19047619047619047,0
53993,Evan Almighty (2007),Comedy|Fantasy,2.8,5,0.011904761904761904,0
2558,Forces of Nature (1999),Comedy|Romance,2.5625,8,0.020833333333333332,0
236,French Kiss (1995),Action|Comedy|Romance,3.401639344262295,61,0.17857142857142858,0
272,"Madness of King George, The (1994)",Comedy|Drama,3.864864864864865,37,0.10714285714285714,1
656,Eddie (1996),Comedy,3.142857142857143,7,0.017857142857142856,0
194,Smoke (1995),Comedy|Drama,4.145833333333333,24,0.06845238095238095,1
1345,Carrie (1976),Drama|Fantasy|Horror|Thriller,3.4285714285714284,49,0.14285714285714285,0
7897,"Ballad of Cable Hogue, The (1970)",Comedy|Western,4.5,1,0.0,1
1862,Species II (1998),Horror|Sci-Fi,2.25,10,0.026785714285714284,0
318,"Shawshank Redemption, The (1994)",Crime|Drama,4.482428115015974,313,0.9285714285714285,1
8970,Finding Neverland (2004),Drama,3.75,38,0.1101190476190476,0
39183,Brokeback Mountain (2005),Drama|Romance,3.7857142857142856,28,0.08035714285714285,1
3498,Midnight Express (1978),Drama,3.8684210526315788,19,0.05357142857142856,1
3342,Birdy (1984),Drama|War,2.9,10,0.026785714285714284,0
1296,"Room with a View, A (1986)",Drama|Romance,4.081081081081081,37,0.10714285714285714,1
3077,42 Up (1998),Documentary,4.0,6,0.01488095238095238,1
71280,"Wreck of the Mary Deare, The (1959)",Drama|Thriller,3.5,1,0.0,0
3831,Saving Grace (2000),Comedy,3.9,5,0.011904761904761904,0
56715,Wristcutters: A Love Story (2006),Drama|Fantasy|Romance,3.8333333333333335,6,0.01488095238095238,0
26680,Cry-Baby (1990),Comedy|Musical|Romance,4.25,4,0.008928571428571428,1
4178,Of Mice and Men (1939),Drama,3.8125,8,0.020833333333333332,0
4015,"Dude, Where's My Car? (2000)",Comedy|Sci-Fi,2.272727272727273,33,0.09523809523809523,0
1235,Harold and Maude (1971),Comedy|Drama|Romance,3.9444444444444446,27,0.07738095238095237,1
6548,Bad Boys II (2003),Action|Comedy|Crime|Thriller,2.55,10,0.026785714285714284,0
36708,Family Guy Presents Stewie Griffin: The Untold Story (2005),Adventure|Animation|Comedy,3.7,5,0.011904761904761904,0
55805,Before the Devil Knows You're Dead (2007),Crime|Drama|Thriller,3.3,5,0.011904761904761904,0
4027,"O Brother, Where Art Thou? (2000)",Adventure|Comedy|Crime,3.8689320388349513,103,0.30357142857142855,1
2592,"Joyriders, The (1999)",Drama,2.0,1,0.0,0
4643,Planet of the Apes (2001),Action|Adventure|Drama|Sci-Fi,2.7857142857142856,42,0.12202380952380952,0
3141,"Two Jakes, The (1990)",Drama,2.5,2,0.002976190476190476,0
2290,Stardust Memories (1980),Comedy|Drama,3.625,8,0.020833333333333332,1
2738,Crimes of the Heart (1986),Comedy|Drama,3.3333333333333335,3,0.005952380952380952,0
6143,Trail of the Pink Panther (1982),Comedy|Crime,3.5,1,0.0,0
1242,Glory (1989),Drama|War,4.028846153846154,52,0.1517857142857143,1
3752,"Me, Myself & Irene (2000)",Adventure|Comedy,2.9743589743589745,39,0.11309523809523808,1
1030,Pete's Dragon (1977),Adventure|Animation|Children|Musical,3.2291666666666665,24,0.06845238095238095,0
3081,Sleepy Hollow (1999),Fantasy|Horror|Mystery|Romance,3.5634920634920637,63,0.18452380952380953,1
2194,"Untouchables, The (1987)",Action|Crime|Drama,3.9086021505376345,93,0.2738095238095238,0
1537,Shall We Dance? (Shall We Dansu?) (1996),Comedy|Drama|Romance,3.9642857142857144,28,0.08035714285714285,1
1605,Excess Baggage (1997),Adventure|Romance,2.2142857142857144,7,0.017857142857142856,0
4062,Mystic Pizza (1988),Comedy|Drama|Romance,3.5,8,0.020833333333333332,1
7458,Troy (2004),Action|Adventure|Drama|War,3.0921052631578947,38,0.1101190476190476,1
1299,"Killing Fields, The (1984)",Drama|War,4.324324324324325,37,0.10714285714285714,1
7836,Woodstock (1970),Documentary|Musical,4.3,5,0.011904761904761904,0
1897,High Art (1998),Drama|Romance,3.5833333333333335,12,0.03273809523809523,1
3784,"Kid, The (2000)",Comedy|Fantasy,3.357142857142857,14,0.03869047619047619,1
1396,Sneakers (1992),Action|Comedy|Crime|Drama|Sci-Fi,3.7868852459016393,61,0.17857142857142858,1
99380,"New Barbarians, The (I nuovi barbari) (1983)",Action|Sci-Fi|Thriller|Western,4.0,1,0.0,1
1911,Dr. Dolittle (1998),Comedy,2.757142857142857,35,0.10119047619047618,0
3846,Easy Money (1983),Comedy,3.0,3,0.005952380952380952,0
2977,Crazy in Alabama (1999),Comedy|Drama,1.4,5,0.011904761904761904,0
6109,One from the Heart (1982),Drama|Romance,3.0,1,0.0,0
1104,"Streetcar Named Desire, A (1951)",Drama,4.16,25,0.07142857142857142,1
3148,"Cider House Rules, The (1999)",Drama,3.375,32,0.09226190476190475,1
1261,Evil Dead II (Dead by Dawn) (1987),Action|Comedy|Fantasy|Horror,3.75,32,0.09226190476190475,0
1794,Love and Death on Long Island (1997),Comedy|Drama,3.25,4,0.008928571428571428,0
97752,Cloud Atlas (2012),Drama|Sci-Fi|IMAX,3.2083333333333335,12,0.03273809523809523,0
900,"American in Paris, An (1951)",Musical|Romance,4.029411764705882,17,0.047619047619047616,0
3039,Trading Places (1983),Comedy,3.608695652173913,46,0.13392857142857142,1
1378,Young Guns (1988),Action|Comedy|Western,3.3260869565217392,23,0.06547619047619047,1
60,"Indian in the Cupboard, The (1995)",Adventure|Children|Fantasy,3.1296296296296298,27,0.07738095238095237,0
2188,54 (1998),Drama,2.6666666666666665,6,0.01488095238095238,0
1276,Cool Hand Luke (1967),Drama,4.023809523809524,63,0.18452380952380953,1
26578,"Sacrifice, The (Offret - Sacraficatio) (1986)",Drama,4.25,2,0.002976190476190476,1
3127,Holy Smoke (1999),Comedy|Drama,3.2142857142857144,7,0.017857142857142856,0
49314,Harsh Times (2006),Action|Crime|Drama,2.5,2,0.002976190476190476,0
63131,Role Models (2008),Comedy,3.7857142857142856,7,0.017857142857142856,1
1376,Star Trek IV: The Voyage Home (1986),Adventure|Comedy|Sci-Fi,3.582089552238806,67,0.19642857142857142,0
3,Grumpier Old Men (1995),Comedy|Romance,3.176470588235294,68,0.19940476190476192,1
7042,Betty Blue (37°2 le matin) (1986),Drama|Romance,3.5,3,0.005952380952380952,1
2338,I Still Know What You Did Last Summer (1998),Horror|Mystery|Thriller,2.239130434782609,23,0.06547619047619047,0
485,Last Action Hero (1993),Action|Adventure|Comedy|Fantasy,2.7734375,64,0.1875,0
1438,Dante's Peak (1997),Action|Thriller,2.783333333333333,30,0.0863095238095238,0
2232,Cube (1997),Horror|Mystery|Sci-Fi|Thriller,3.8548387096774195,31,0.08928571428571427,1
3155,Anna and the King (1999),Drama|Romance,3.272727272727273,22,0.062499999999999986,0
7099,Nausicaä of the Valley of the Wind (Kaze no tani no Naushika) (1984),Adventure|Animation|Drama|Fantasy|Sci-Fi,4.333333333333333,15,0.04166666666666666,0
1288,This Is Spinal Tap (1984),Comedy,3.8333333333333335,69,0.20238095238095238,1
5159,Ferngully: The Last Rainforest (1992),Animation|Children|Comedy|Musical,2.95,10,0.026785714285714284,0
55118,Eastern Promises (2007),Crime|Drama|Thriller,3.6470588235294117,17,0.047619047619047616,0
3865,"Original Kings of Comedy, The (2000)",Comedy|Documentary,2.4,5,0.011904761904761904,0
7123,Naked Lunch (1991),Drama|Fantasy|Mystery|Sci-Fi,3.75,6,0.01488095238095238,1
3361,Bull Durham (1988),Comedy|Drama|Romance,3.6538461538461537,39,0.11309523809523808,0
4025,Miss Congeniality (2000),Comedy|Crime,3.2065217391304346,46,0.13392857142857142,0
420,Beverly Hills Cop III (1994),Action|Comedy|Crime|Thriller,2.5,64,0.1875,0
5,Father of the Bride Part II (1995),Comedy,3.09,50,0.14583333333333334,1
4498,"Dead Pool, The (1988)",Action|Crime|Thriller,3.5833333333333335,6,0.01488095238095238,0
3811,Breaker Morant (1980),Drama|War,3.642857142857143,7,0.017857142857142856,0
2193,Willow (1988),Action|Adventure|Fantasy,3.2916666666666665,48,0.13988095238095238,1
5541,Hot Shots! (1991),Action|Comedy|Romance|War,3.25,14,0.03869047619047619,0
1042,That Thing You Do! (1996),Comedy|Drama,3.448717948717949,39,0.11309523809523808,0
2598,Pushing Tin (1999),Comedy,2.764705882352941,17,0.047619047619047616,0
7361,Eternal Sunshine of the Spotless Mind (2004),Drama|Romance|Sci-Fi,4.028925619834711,121,0.35714285714285715,1
3704,Mad Max Beyond Thunderdome (1985),Action|Adventure|Sci-Fi,3.1923076923076925,26,0.0744047619047619,1
1446,Kolya (Kolja) (1996),Comedy|Drama,3.9166666666666665,12,0.03273809523809523,1
31878,Kung Fu Hustle (Gong fu) (2004),Action|Comedy,3.7777777777777777,18,0.050595238095238096,1
1762,Deep Rising (1998),Action|Horror|Sci-Fi,2.7142857142857144,7,0.017857142857142856,0
477,What's Love Got to Do with It? (1993),Drama|Musical,3.26,25,0.07142857142857142,0
2282,Pecker (1998),Comedy|Drama,3.1333333333333333,15,0.04166666666666666,1
9004,D.A.R.Y.L. (1985),Adventure|Children|Sci-Fi,3.0,5,0.011904761904761904,0
281,Nobody's Fool (1994),Comedy|Drama|Romance,3.7,15,0.04166666666666666,1
8376,Napoleon Dynamite (2004),Comedy,3.625,28,0.08035714285714285,1
1293,Gandhi (1982),Drama,3.8958333333333335,48,0.13988095238095238,1
3627,Carnival of Souls (1962),Horror|Thriller,3.8125,8,0.020833333333333332,1
5612,Trapped (2002),Action|Thriller,3.4,5,0.011904761904761904,1
1248,Touch of Evil (1958),Crime|Film-Noir|Thriller,4.4,30,0.0863095238095238,1
102,Mr. Wrong (1996),Comedy,2.6,10,0.026785714285714284,0
471,"Hudsucker Proxy, The (1994)",Comedy,3.5673076923076925,52,0.1517857142857143,1
88,Black Sheep (1996),Comedy,2.9516129032258065,31,0.08928571428571427,1
3649,American Gigolo (1980),Drama,3.0,3,0.005952380952380952,1
3418,Thelma & Louise (1991),Adventure|Crime|Drama,3.515873015873016,63,0.18452380952380953,0
2577,Metroland (1997),Comedy|Drama,4.0,1,0.0,1
390,Faster Pussycat! Kill! Kill! (1965),Action|Crime|Drama,3.857142857142857,7,0.017857142857142856,1
6458,"Blue Max, The (1966)",Adventure|Drama|War,1.5,2,0.002976190476190476,0
4903,In the Bedroom (2001),Drama,3.875,20,0.05654761904761904,1
8154,"Dolce Vita, La (1960)",Drama,3.7777777777777777,9,0.023809523809523808,1
7090,Hero (Ying xiong) (2002),Action|Adventure|Drama,4.0588235294117645,34,0.09821428571428571,0
5293,Changing Lanes (2002),Drama|Thriller,3.3055555555555554,18,0.050595238095238096,0
2407,Cocoon (1985),Comedy|Sci-Fi,3.3513513513513513,37,0.10714285714285714,0
6947,Master and Commander: The Far Side of the World (2003),Adventure|Drama|War,3.7555555555555555,45,0.13095238095238096,0
1748,Dark City (1998),Adventure|Film-Noir|Sci-Fi|Thriller,3.767857142857143,56,0.1636904761904762,0
3254,Wayne's World 2 (1993),Comedy,2.4107142857142856,28,0.08035714285714285,1
5015,Monster's Ball (2001),Drama|Romance,3.425925925925926,27,0.07738095238095237,0
2146,St. Elmo's Fire (1985),Drama|Romance,2.909090909090909,11,0.029761904761904757,0
2463,Ruthless People (1986),Comedy,3.5625,24,0.06845238095238095,0
555,True Romance (1993),Crime|Thriller,3.763157894736842,76,0.2232142857142857,1
2490,Payback (1999),Action|Thriller,3.25,50,0.14583333333333334,0
4978,Lantana (2001),Drama|Mystery|Thriller,3.95,10,0.026785714285714284,0
2371,Fletch (1985),Comedy|Crime|Mystery,3.4482758620689653,29,0.08333333333333333,1
46972,Night at the Museum (2006),Action|Comedy|Fantasy|IMAX,3.25,14,0.03869047619047619,1
520,Robin Hood: Men in Tights (1993),Comedy,2.942857142857143,70,0.20535714285714285,0
5266,Panic Room (2002),Thriller,3.175675675675676,37,0.10714285714285714,1
1027,Robin Hood: Prince of Thieves (1991),Adventure|Drama,3.1785714285714284,42,0.12202380952380952,0
7073,"Shot in the Dark, A (1964)",Comedy|Crime|Mystery,4.166666666666667,3,0.005952380952380952,0
3326,What Planet Are You From? (2000),Comedy|Sci-Fi,3.0625,8,0.020833333333333332,0
3113,End of Days (1999),Action|Fantasy|Horror|Mystery|Thriller,3.0,25,0.07142857142857142,0
31696,Constantine (2005),Action|Fantasy|Horror|Thriller,3.2941176470588234,17,0.047619047619047616,0
2167,Blade (1998),Action|Horror|Thriller,3.425,60,0.17559523809523808,0
3444,Bloodsport (1988),Action,3.5,7,0.017857142857142856,0
2289,"Player, The (1992)",Comedy|Crime|Drama,3.8780487804878048,41,0.11904761904761904,1
128695,The Dark Valley (2014),Western,3.0,1,0.0,0
8949,Sideways (2004),Comedy|Drama|Romance,3.9210526315789473,38,0.1101190476190476,0
96079,Skyfall (2012),Action|Adventure|Thriller|IMAX,4.166666666666667,12,0.03273809523809523,1
95,Broken Arrow (1996),Action|Adventure|Thriller,3.1861702127659575,94,0.2767857142857143,1
2716,Ghostbusters (a.k.a. Ghost Busters) (1984),Action|Comedy|Sci-Fi,3.816326530612245,147,0.43452380952380953,1
50003,DOA: Dead or Alive (2006),Action|Adventure,1.0,2,0.002976190476190476,0
186,Nine Months (1995),Comedy|Romance,3.0258620689655173,58,0.16964285714285715,0
41569,King Kong (2005),Action|Adventure|Drama|Fantasy|Thriller,3.393939393939394,33,0.09523809523809523,0
55069,"4 Months, 3 Weeks and 2 Days (4 luni, 3 saptamâni si 2 zile) (2007)",Drama,4.1,5,0.011904761904761904,1
3298,Boiler Room (2000),Crime|Drama|Thriller,3.25,22,0.062499999999999986,0
4322,Eight Men Out (1988),Drama,3.9166666666666665,6,0.01488095238095238,1
1395,Tin Men (1987),Comedy|Drama,3.4411764705882355,17,0.047619047619047616,1
8810,AVP: Alien vs. Predator (2004),Action|Horror|Sci-Fi|Thriller,2.738095238095238,21,0.05952380952380952,0
2673,Eternity and a Day (Mia aoniotita kai mia mera) (1998),Drama,4.5,2,0.002976190476190476,1
3035,Mister Roberts (1955),Comedy|Drama|War,3.909090909090909,22,0.062499999999999986,1
3798,What Lies Beneath (2000),Drama|Horror|Mystery,3.129032258064516,31,0.08928571428571427,0
4975,Vanilla Sky (2001),Mystery|Romance|Sci-Fi|Thriller,3.5128205128205128,39,0.11309523809523808,0
3852,"Tao of Steve, The (2000)",Comedy,3.6818181818181817,11,0.029761904761904757,0
3999,Vertical Limit (2000),Action|Adventure,2.7666666666666666,15,0.04166666666666666,0
1955,Kramer vs. Kramer (1979),Drama,3.896551724137931,29,0.08333333333333333,0
1009,Escape to Witch Mountain (1975),Adventure|Children|Fantasy,2.6666666666666665,9,0.023809523809523808,0
1713,Mouse Hunt (1997),Children|Comedy,2.875,8,0.020833333333333332,0
198,Strange Days (1995),Action|Crime|Drama|Mystery|Sci-Fi|Thriller,3.5135135135135136,37,0.10714285714285714,0
1997,"Exorcist, The (1973)",Horror|Mystery,3.65625,64,0.1875,0
77833,Armadillo (2010),Documentary|Drama,3.0,3,0.005952380952380952,0
58301,Funny Games U.S. (2007),Drama|Thriller,4.333333333333333,3,0.005952380952380952,1
1431,Beverly Hills Ninja (1997),Action|Comedy,3.0,18,0.050595238095238096,1
2366,King Kong (1933),Action|Adventure|Fantasy|Horror,3.413793103448276,29,0.08333333333333333,1
2607,Get Real (1998),Drama|Romance,3.0,1,0.0,0
2732,Jules and Jim (Jules et Jim) (1961),Drama|Romance,3.892857142857143,14,0.03869047619047619,1
1805,Wild Things (1998),Crime|Drama|Mystery|Thriller,3.0697674418604652,43,0.12499999999999999,0
2622,William Shakespeare's A Midsummer Night's Dream (1999),Comedy|Fantasy,3.4,25,0.07142857142857142,0
339,While You Were Sleeping (1995),Comedy|Romance,3.457894736842105,95,0.27976190476190477,1
27846,"Corporation, The (2003)",Documentary,4.1875,8,0.020833333333333332,0
2431,Patch Adams (1998),Comedy|Drama,2.8,30,0.0863095238095238,0
3175,Galaxy Quest (1999),Adventure|Comedy|Sci-Fi,3.6802325581395348,86,0.25297619047619047,1
30810,"Life Aquatic with Steve Zissou, The (2004)",Adventure|Comedy|Fantasy,3.977272727272727,22,0.062499999999999986,1
59615,Indiana Jones and the Kingdom of the Crystal Skull (2008),Action|Adventure|Comedy|Sci-Fi,3.1964285714285716,28,0.08035714285714285,0
1132,Manon of the Spring (Manon des sources) (1986),Drama,4.166666666666667,15,0.04166666666666666,0
65037,Ben X (2007),Drama,4.0,1,0.0,1
7285,Thirteen (2003),Drama,3.6875,8,0.020833333333333332,0
3457,Waking the Dead (2000),Drama|Thriller,3.0,3,0.005952380952380952,0
2394,"Prince of Egypt, The (1998)",Animation|Musical,3.739130434782609,23,0.06547619047619047,0
54286,"Bourne Ultimatum, The (2007)",Action|Crime|Thriller,3.7830188679245285,53,0.15476190476190477,1
63113,Quantum of Solace (2008),Action|Adventure|Thriller,3.119047619047619,21,0.05952380952380952,0
7147,Big Fish (2003),Drama|Fantasy|Romance,3.9347826086956523,46,0.13392857142857142,0
5954,25th Hour (2002),Crime|Drama,3.8055555555555554,18,0.050595238095238096,1
122308,Ricky Gervais: Out of England - The Stand-Up Special (2008),Comedy,3.5,1,0.0,0
6344,101 Reykjavik (101 Reykjavík) (2000),Comedy|Drama|Romance,1.75,2,0.002976190476190476,0
2433,"Civil Action, A (1998)",Drama,3.611111111111111,27,0.07738095238095237,0
3959,"Time Machine, The (1960)",Action|Adventure|Sci-Fi,3.75,14,0.03869047619047619,1
327,Tank Girl (1995),Action|Comedy|Sci-Fi,3.108108108108108,37,0.10714285714285714,0
2546,"Deep End of the Ocean, The (1999)",Drama,2.75,8,0.020833333333333332,1
2467,"Name of the Rose, The (Name der Rose, Der) (1986)",Crime|Drama|Mystery|Thriller,3.9074074074074074,27,0.07738095238095237,0
223,Clerks (1994),Comedy,3.971774193548387,124,0.36607142857142855,0
60161,Futurama: The Beast with a Billion Backs (2008),Action|Animation|Comedy|Romance|Sci-Fi,3.7,5,0.011904761904761904,1
18,Four Rooms (1995),Comedy,3.375,28,0.08035714285714285,1
6702,Dickie Roberts: Former Child Star (2003),Comedy,2.25,2,0.002976190476190476,0
2347,"Pope of Greenwich Village, The (1984)",Drama,3.5,4,0.008928571428571428,1
257,Just Cause (1995),Mystery|Thriller,3.3035714285714284,28,0.08035714285714285,0
34155,Saraband (2003),Drama,2.0,1,0.0,0
6615,Freddy vs. Jason (2003),Action|Horror|Thriller,1.75,4,0.008928571428571428,0
43708,Block Party (a.k.a. Dave Chappelle's Block Party) (2005),Comedy|Documentary,3.5,5,0.011904761904761904,0
598,Window to Paris (Okno v Parizh) (1994),Comedy|Fantasy,3.8333333333333335,3,0.005952380952380952,0
48043,"Fountain, The (2006)",Drama|Fantasy|Romance,3.75,14,0.03869047619047619,1
106918,"Secret Life of Walter Mitty, The (2013)",Adventure|Comedy|Drama,4.125,4,0.008928571428571428,0
879,"Relic, The (1997)",Horror|Thriller,2.8076923076923075,13,0.03571428571428571,0
1390,My Fellow Americans (1996),Comedy,3.25,10,0.026785714285714284,0
3745,Titan A.E. (2000),Action|Adventure|Animation|Children|Sci-Fi,3.276315789473684,38,0.1101190476190476,1
2082,"Mighty Ducks, The (1992)",Children|Comedy,2.8653846153846154,26,0.0744047619047619,0
53000,28 Weeks Later (2007),Horror|Sci-Fi|Thriller,3.625,12,0.03273809523809523,1
97304,Argo (2012),Drama|Thriller,3.857142857142857,14,0.03869047619047619,0
6753,Secondhand Lions (2003),Children|Comedy|Drama,3.9705882352941178,17,0.047619047619047616,1
7939,Through a Glass Darkly (Såsom i en spegel) (1961),Drama,4.25,2,0.002976190476190476,0
2750,Radio Days (1987),Comedy|Drama,3.9166666666666665,6,0.01488095238095238,1
1441,Benny & Joon (1993),Comedy|Romance,3.635135135135135,37,0.10714285714285714,0
5103,"Sandlot, The (1993)",Children|Comedy|Drama,3.8055555555555554,18,0.050595238095238096,0
4446,Final Fantasy: The Spirits Within (2001),Adventure|Animation|Fantasy|Sci-Fi,3.1296296296296298,27,0.07738095238095237,1
333,Tommy Boy (1995),Comedy,3.4782608695652173,46,0.13392857142857142,0
3623,Mission: Impossible II (2000),Action|Adventure|Thriller,2.9675324675324677,77,0.2261904761904762,0
5507,xXx (2002),Action|Crime|Thriller,2.775,20,0.05654761904761904,0
110501,The Raid 2: Berandal (2014),Action|Crime|Thriller,3.6666666666666665,3,0.005952380952380952,0
450,With Honors (1994),Comedy|Drama,3.3095238095238093,21,0.05952380952380952,0
161,Crimson Tide (1995),Drama|Thriller|War,3.69140625,128,0.37797619047619047,1
7444,13 Going on 30 (2004),Comedy|Fantasy|Romance,3.1578947368421053,19,0.05357142857142856,0
5604,"Man in the White Suit, The (1951)",Comedy|Sci-Fi,4.25,2,0.002976190476190476,1
7445,Man on Fire (2004),Action|Crime|Drama|Mystery|Thriller,3.71875,32,0.09226190476190475,0
5791,Frida (2002),Drama|Romance,3.9444444444444446,9,0.023809523809523808,0
4031,All the Pretty Horses (2000),Drama|Romance|Western,2.6818181818181817,11,0.029761904761904757,0
3712,Soapdish (1991),Comedy,3.45,10,0.026785714285714284,1
3255,"League of Their Own, A (1992)",Comedy|Drama,3.5121951219512195,41,0.11904761904761904,0
7173,Along Came Polly (2004),Comedy|Romance,3.1333333333333333,15,0.04166666666666666,0
1687,"Jackal, The (1997)",Action|Thriller,3.12,25,0.07142857142857142,1
38600,Factotum (2005),Drama,3.5,2,0.002976190476190476,0
4822,Max Keeble's Big Move (2001),Children|Comedy,2.0,2,0.002976190476190476,0
1965,Repo Man (1984),Comedy|Sci-Fi,3.735294117647059,34,0.09821428571428571,0
27873,Metallica: Some Kind of Monster (2004),Documentary,4.25,2,0.002976190476190476,1
56835,Pledge This! (2006),Comedy,1.0,1,0.0,0
4799,"It's a Mad, Mad, Mad, Mad World (1963)",Comedy,3.0,8,0.020833333333333332,0
1760,Spice World (1997),Comedy,1.7777777777777777,9,0.023809523809523808,0
48780,"Prestige, The (2006)",Drama|Mystery|Sci-Fi|Thriller,4.1,60,0.17559523809523808,0
1445,McHale's Navy (1997),Comedy|War,2.227272727272727,11,0.029761904761904757,0
1183,"English Patient, The (1996)",Drama|Romance|War,3.634831460674157,89,0.2619047619047619,0
45,To Die For (1995),Comedy|Drama|Thriller,3.409090909090909,44,0.12797619047619047,1
33164,House of Wax (2005),Horror|Thriller,1.75,6,0.01488095238095238,0
6301,Straw Dogs (1971),Drama|Thriller,3.227272727272727,11,0.029761904761904757,1
3203,Dead Calm (1989),Thriller,3.4375,16,0.04464285714285714,0
580,Princess Caraboo (1994),Drama,3.625,4,0.008928571428571428,0
1449,Waiting for Guffman (1996),Comedy,4.05,30,0.0863095238095238,1
64030,Transporter 3 (2008),Action|Adventure|Crime|Thriller,3.125,4,0.008928571428571428,0
27904,"Scanner Darkly, A (2006)",Animation|Drama|Mystery|Sci-Fi|Thriller,3.5357142857142856,14,0.03869047619047619,1
965,"39 Steps, The (1935)",Drama|Mystery|Thriller,4.071428571428571,14,0.03869047619047619,0
90649,Mr. Nice (2010),Comedy|Drama,3.0,1,0.0,0
1428,Angel Baby (1995),Drama,4.0,2,0.002976190476190476,0
76293,Date Night (2010),Action|Comedy|Romance,2.8333333333333335,3,0.005952380952380952,0
84152,Limitless (2011),Sci-Fi|Thriller,3.72,25,0.07142857142857142,1
2169,Dead Man on Campus (1998),Comedy,3.25,6,0.01488095238095238,1
3986,"6th Day, The (2000)",Action|Sci-Fi|Thriller,2.75,28,0.08035714285714285,0
3608,Pee-wee's Big Adventure (1985),Adventure|Comedy,3.240740740740741,27,0.07738095238095237,0
3408,Erin Brockovich (2000),Drama,3.6901408450704225,71,0.20833333333333334,0
106487,"Hunger Games: Catching Fire, The (2013)",Action|Adventure|Sci-Fi|IMAX,3.3333333333333335,9,0.023809523809523808,1
4979,"Royal Tenenbaums, The (2001)",Comedy|Drama,3.767857142857143,56,0.1636904761904762,1
6286,"Man Without a Past, The (Mies vailla menneisyyttä) (2002)",Comedy|Crime|Drama,3.9166666666666665,6,0.01488095238095238,0
276,Milk Money (1994),Comedy|Romance,2.9166666666666665,24,0.06845238095238095,0
3334,Key Largo (1948),Crime|Drama|Film-Noir|Thriller,3.5416666666666665,12,0.03273809523809523,1
2501,October Sky (1999),Drama,3.942857142857143,35,0.10119047619047618,1
4016,"Emperor's New Groove, The (2000)",Adventure|Animation|Children|Comedy|Fantasy,3.8666666666666667,30,0.0863095238095238,1
5244,Shogun Assassin (1980),Action|Adventure,3.5,1,0.0,0
31804,Night Watch (Nochnoy dozor) (2004),Action|Fantasy|Horror|Mystery|Sci-Fi|Thriller,3.357142857142857,7,0.017857142857142856,1
3707,9 1/2 Weeks (Nine 1/2 Weeks) (1986),Drama|Romance,2.85,10,0.026785714285714284,1
8981,Closer (2004),Drama|Romance,3.375,16,0.04464285714285714,0
1947,West Side Story (1961),Drama|Musical|Romance,3.891304347826087,46,0.13392857142857142,1
1241,Dead Alive (Braindead) (1992),Comedy|Fantasy|Horror,3.40625,16,0.04464285714285714,0
4815,Hearts in Atlantis (2001),Drama,3.2,10,0.026785714285714284,1
852,Tin Cup (1996),Comedy|Drama|Romance,2.9206349206349205,63,0.18452380952380953,0
5617,Secretary (2002),Comedy|Drama|Romance,3.8636363636363638,22,0.062499999999999986,1
8042,Mean Streets (1973),Crime|Drama,3.875,8,0.020833333333333332,1
1194,Cheech and Chong's Up in Smoke (1978),Comedy,3.6666666666666665,15,0.04166666666666666,0
89343,Red State (2011),Horror|Thriller,3.0,2,0.002976190476190476,0
54881,"King of Kong, The (2007)",Documentary,4.0,7,0.017857142857142856,0
757,Ashes of Time (Dung che sai duk) (1994),Drama,3.75,2,0.002976190476190476,1
3271,Of Mice and Men (1992),Drama,3.763157894736842,19,0.05357142857142856,0
86332,Thor (2011),Action|Adventure|Drama|Fantasy|IMAX,3.7666666666666666,15,0.04166666666666666,1
30749,Hotel Rwanda (2004),Drama|War,3.9516129032258065,31,0.08928571428571427,0
305,Ready to Wear (Pret-A-Porter) (1994),Comedy,2.5869565217391304,23,0.06547619047619047,0
100277,Tabu (2012),Drama|Romance,2.75,2,0.002976190476190476,0
306,Three Colors: Red (Trois couleurs: Rouge) (1994),Drama,4.097560975609756,41,0.11904761904761904,0
4372,Crazy/Beautiful (2001),Drama|Romance,3.05,10,0.026785714285714284,1
31658,Howl's Moving Castle (Hauru no ugoku shiro) (2004),Adventure|Animation|Fantasy|Romance,4.035714285714286,28,0.08035714285714285,0
58972,Nim's Island (2008),Adventure|Comedy|Fantasy,2.0,1,0.0,0
53121,Shrek the Third (2007),Adventure|Animation|Children|Comedy|Fantasy,3.3333333333333335,9,0.023809523809523808,1
1282,Fantasia (1940),Animation|Children|Fantasy|Musical,3.694915254237288,59,0.17261904761904762,0
6658,10 (1979),Comedy|Romance,3.625,4,0.008928571428571428,1
4285,Frankie and Johnny (1991),Comedy|Romance,3.3,5,0.011904761904761904,1
2125,Ever After: A Cinderella Story (1998),Comedy|Drama|Romance,3.789473684210526,38,0.1101190476190476,0
5505,"Good Girl, The (2002)",Comedy|Drama,3.6,15,0.04166666666666666,0
2142,"American Tail: Fievel Goes West, An (1991)",Adventure|Animation|Children|Musical|Western,2.4444444444444446,9,0.023809523809523808,0
5388,Insomnia (2002),Action|Crime|Drama|Mystery|Thriller,3.6346153846153846,26,0.0744047619047619,1
2502,Office Space (1999),Comedy|Crime,3.981132075471698,106,0.3125,1
5303,Joe Versus the Volcano (1990),Comedy|Romance,3.611111111111111,9,0.023809523809523808,1
3515,Me Myself I (2000),Comedy|Romance,2.9375,8,0.020833333333333332,1
1010,"Love Bug, The (1969)",Children|Comedy,3.264705882352941,17,0.047619047619047616,0
2572,10 Things I Hate About You (1999),Comedy|Romance,3.5350877192982457,57,0.16666666666666666,0
224,Don Juan DeMarco (1995),Comedy|Drama|Romance,3.261904761904762,42,0.12202380952380952,1
4899,Black Knight (2001),Adventure|Comedy|Fantasy,2.5,6,0.01488095238095238,0
2255,Young Doctors in Love (1982),Comedy,3.2,5,0.011904761904761904,0
66171,Push (2009),Sci-Fi|Thriller,3.0,2,0.002976190476190476,0
1003,Extreme Measures (1996),Drama|Thriller,3.125,8,0.020833333333333332,0
2316,Practical Magic (1998),Drama|Fantasy|Mystery|Romance,3.1785714285714284,14,0.03869047619047619,0
1191,Madonna: Truth or Dare (1991),Documentary|Musical,2.6,5,0.011904761904761904,0
3355,"Ninth Gate, The (1999)",Fantasy|Horror|Mystery|Thriller,3.026315789473684,19,0.05357142857142856,1
2398,Miracle on 34th Street (1947),Comedy|Drama,3.5925925925925926,27,0.07738095238095237,1
36525,Just Like Heaven (2005),Comedy|Fantasy|Romance,3.7857142857142856,7,0.017857142857142856,0
1777,"Wedding Singer, The (1998)",Comedy|Romance,3.4130434782608696,69,0.20238095238095238,1
62,Mr. Holland's Opus (1995),Drama,3.6804123711340204,97,0.2857142857142857,1
1135,Private Benjamin (1980),Comedy,2.9782608695652173,23,0.06547619047619047,0
315,"Specialist, The (1994)",Action|Drama|Thriller,2.9056603773584904,53,0.15476190476190477,0
41688,Cowards Bend the Knee (a.k.a. The Blue Hands) (2003),Drama|Romance,4.0,1,0.0,1
2525,Alligator (1980),Action|Horror|Sci-Fi,2.25,4,0.008928571428571428,0
1703,For Richer or Poorer (1997),Comedy,3.4,5,0.011904761904761904,1
4487,Cocktail (1988),Drama|Romance,2.65625,16,0.04464285714285714,0
2143,Legend (1985),Adventure|Fantasy|Romance,3.1315789473684212,19,0.05357142857142856,1
2567,EDtv (1999),Comedy,3.0294117647058822,17,0.047619047619047616,1
80489,"Town, The (2010)",Crime|Drama|Thriller,3.95,10,0.026785714285714284,0
609,Homeward Bound II: Lost in San Francisco (1996),Adventure|Children,2.5,6,0.01488095238095238,0
70,From Dusk Till Dawn (1996),Action|Comedy|Horror|Thriller,3.0873015873015874,63,0.18452380952380953,0
52952,This Is England (2006),Drama,3.9545454545454546,11,0.029761904761904757,0
3450,Grumpy Old Men (1993),Comedy,3.2777777777777777,36,0.10416666666666666,1
1017,Swiss Family Robinson (1960),Adventure|Children,3.5588235294117645,17,0.047619047619047616,1
1407,Scream (1996),Comedy|Horror|Mystery|Thriller,3.2261904761904763,84,0.24702380952380953,1
207,"Walk in the Clouds, A (1995)",Drama|Romance,3.727272727272727,22,0.062499999999999986,0
6934,"Matrix Revolutions, The (2003)",Action|Adventure|Sci-Fi|Thriller|IMAX,3.08,50,0.14583333333333334,0
3504,Network (1976),Comedy|Drama,3.870967741935484,31,0.08928571428571427,1
39444,"Weather Man, The (2005)",Comedy|Drama,3.5,11,0.029761904761904757,0
2475,52 Pick-Up (1986),Action|Mystery|Thriller,3.25,4,0.008928571428571428,0
78420,"House on Telegraph Hill, The (1951)",Drama|Film-Noir|Mystery|Thriller,3.5,1,0.0,0
25757,"Jazz Singer, The (1927)",Drama|Musical|Romance,3.0,1,0.0,0
4390,Rape Me (Baise-moi) (2000),Crime|Drama|Thriller,2.75,4,0.008928571428571428,0
42734,Hoodwinked! (2005),Animation|Children|Comedy,3.5,3,0.005952380952380952,0
3593,Battlefield Earth (2000),Action|Sci-Fi,1.4423076923076923,26,0.0744047619047619,0
3101,Fatal Attraction (1987),Drama|Thriller,3.4153846153846152,65,0.19047619047619047,0
836,Chain Reaction (1996),Action|Adventure|Thriller,2.8333333333333335,21,0.05952380952380952,0
49647,Charlotte's Web (2006),Children|Comedy|Drama|Fantasy,2.5,1,0.0,0
117,"Young Poisoner's Handbook, The (1995)",Crime|Drama,3.375,4,0.008928571428571428,0
185,"Net, The (1995)",Action|Crime|Thriller,3.1486486486486487,111,0.3273809523809524,1
928,Rebecca (1940),Drama|Mystery|Romance|Thriller,3.9375,24,0.06845238095238095,1
6942,Love Actually (2003),Comedy|Drama|Romance,3.673076923076923,52,0.1517857142857143,0
2020,Dangerous Liaisons (1988),Drama|Romance,4.057142857142857,35,0.10119047619047618,1
6779,"Same Time, Next Year (1978)",Comedy|Drama|Romance,3.875,4,0.008928571428571428,1
91658,"Girl with the Dragon Tattoo, The (2011)",Drama|Thriller,4.117647058823529,17,0.047619047619047616,1
5500,Top Secret! (1984),Comedy,3.0625,8,0.020833333333333332,0
82667,I Saw the Devil (Akmareul boatda) (2010),Crime|Thriller,4.5,1,0.0,1
2702,Summer of Sam (1999),Drama,3.3666666666666667,15,0.04166666666666666,1
55577,Saw IV (2007),Crime|Horror|Thriller,2.9285714285714284,7,0.017857142857142856,0
2109,"Jerk, The (1979)",Comedy,3.6184210526315788,38,0.1101190476190476,0
4844,Bandits (2001),Comedy|Crime|Romance,3.5294117647058822,17,0.047619047619047616,0
3235,Where the Buffalo Roam (1980),Comedy,3.0,2,0.002976190476190476,1
1095,Glengarry Glen Ross (1992),Drama,3.8,35,0.10119047619047618,0
8379,"Dresser, The (1983)",Drama,4.5,2,0.002976190476190476,1
1625,"Game, The (1997)",Drama|Mystery|Thriller,3.948051948051948,77,0.2261904761904762,0
1037,"Lawnmower Man, The (1992)",Action|Horror|Sci-Fi|Thriller,2.467391304347826,46,0.13392857142857142,0
70344,Cold Souls (2009),Comedy|Drama,2.0,1,0.0,0
33836,Bewitched (2005),Comedy|Fantasy|Romance,2.9285714285714284,7,0.017857142857142856,0
6279,"Good Thief, The (2002)",Crime|Drama,3.75,2,0.002976190476190476,1
4121,Innerspace (1987),Action|Adventure|Comedy|Sci-Fi,3.5,14,0.03869047619047619,1
2263,"Seventh Sign, The (1988)",Drama|Fantasy|Thriller,2.7857142857142856,7,0.017857142857142856,0
337,What's Eating Gilbert Grape (1993),Drama,3.6493506493506493,77,0.2261904761904762,1
5527,Possession (2002),Drama|Romance,3.3333333333333335,3,0.005952380952380952,0
1641,"Full Monty, The (1997)",Comedy|Drama,3.5933333333333333,75,0.22023809523809523,1
461,Go Fish (1994),Drama|Romance,2.7,10,0.026785714285714284,0
1569,My Best Friend's Wedding (1997),Comedy|Romance,3.2708333333333335,48,0.13988095238095238,0
55820,No Country for Old Men (2007),Crime|Drama,4.011111111111111,45,0.13095238095238096,0
1019,"20,000 Leagues Under the Sea (1954)",Adventure|Drama|Sci-Fi,3.4642857142857144,28,0.08035714285714285,0
1792,U.S. Marshals (1998),Action|Crime|Thriller,2.9814814814814814,27,0.07738095238095237,0
2690,"Ideal Husband, An (1999)",Comedy|Romance,3.9285714285714284,14,0.03869047619047619,0
6959,Timeline (2003),Action|Adventure|Sci-Fi,2.9375,8,0.020833333333333332,0
2042,D2: The Mighty Ducks (1994),Children|Comedy,2.6944444444444446,18,0.050595238095238096,0
521,Romeo Is Bleeding (1993),Crime|Thriller,3.3181818181818183,11,0.029761904761904757,0
63,Don't Be a Menace to South Central While Drinking Your Juice in the Hood (1996),Comedy|Crime,2.730769230769231,13,0.03571428571428571,0
6762,Yossi & Jagger (2002),Drama|Romance,5.0,1,0.0,1
7419,After Hours (1985),Comedy|Thriller,4.416666666666667,6,0.01488095238095238,1
5553,Stakeout (1987),Comedy|Crime|Romance|Thriller,3.7,5,0.011904761904761904,1
4085,Beverly Hills Cop (1984),Action|Comedy|Crime|Drama,3.775,40,0.11607142857142856,0
2867,Fright Night (1985),Comedy|Horror|Thriller,3.7142857142857144,7,0.017857142857142856,0
3247,Sister Act (1992),Comedy|Crime,2.6666666666666665,33,0.09523809523809523,0
77665,Marmaduke (2010),Comedy,1.0,1,0.0,0
1382,Marked for Death (1990),Action|Drama,2.375,4,0.008928571428571428,0
79357,Mr. Nobody (2009),Drama|Fantasy|Romance|Sci-Fi,4.25,2,0.002976190476190476,1
1825,"Player's Club, The (1998)",Comedy|Drama,2.5,2,0.002976190476190476,0
1719,"Sweet Hereafter, The (1997)",Drama,4.325,20,0.05654761904761904,1
63992,Twilight (2008),Drama|Fantasy|Romance|Thriller,2.375,8,0.020833333333333332,1
5004,"Party, The (1968)",Comedy,4.125,4,0.008928571428571428,0
4641,Ghost World (2001),Comedy|Drama,3.9,20,0.05654761904761904,1
8798,Collateral (2004),Action|Crime|Drama|Thriller,3.7432432432432434,37,0.10714285714285714,1
3350,"Raisin in the Sun, A (1961)",Drama,4.0,6,0.01488095238095238,1
4349,Catch-22 (1970),Comedy|War,3.7142857142857144,7,0.017857142857142856,1
2392,Jack Frost (1998),Children|Comedy|Drama,2.7857142857142856,7,0.017857142857142856,0
4148,Hannibal (2001),Horror|Thriller,3.1625,40,0.11607142857142856,0
5049,48 Hrs. (1982),Action|Comedy|Crime|Drama,3.8125,24,0.06845238095238095,0
599,"Wild Bunch, The (1969)",Adventure|Western,3.7857142857142856,14,0.03869047619047619,1
6936,Elf (2003),Children|Comedy|Fantasy,3.421875,32,0.09226190476190475,0
76,Screamers (1995),Action|Sci-Fi|Thriller,3.433333333333333,15,0.04166666666666666,0
96281,ParaNorman (2012),Adventure|Animation|Comedy,3.125,4,0.008928571428571428,0
2110,Dead Men Don't Wear Plaid (1982),Comedy|Crime|Thriller,3.1944444444444446,18,0.050595238095238096,1
78499,Toy Story 3 (2010),Adventure|Animation|Children|Comedy|Fantasy|IMAX,4.081081081081081,37,0.10714285714285714,1
2302,My Cousin Vinny (1992),Comedy,3.4466666666666668,75,0.22023809523809523,1
43908,London (2005),Drama,2.25,2,0.002976190476190476,0
71535,Zombieland (2009),Action|Comedy|Horror,3.54,25,0.07142857142857142,0
5254,Blade II (2002),Action|Horror|Thriller,3.3125,24,0.06845238095238095,1
7060,Jesus Christ Superstar (1973),Drama|Musical,2.8,5,0.011904761904761904,0
2061,Full Tilt Boogie (1997),Documentary,4.5,1,0.0,1
3396,"Muppet Movie, The (1979)",Adventure|Children|Comedy|Musical,3.6481481481481484,27,0.07738095238095237,0
6413,"Electric Horseman, The (1979)",Comedy|Western,3.25,2,0.002976190476190476,0
3527,Predator (1987),Action|Sci-Fi|Thriller,3.630434782608696,69,0.20238095238095238,1
57640,Hellboy II: The Golden Army (2008),Action|Adventure|Fantasy|Sci-Fi,3.5,13,0.03571428571428571,1
6003,Confessions of a Dangerous Mind (2002),Comedy|Crime|Drama|Thriller,3.5,15,0.04166666666666666,0
6281,Phone Booth (2002),Drama|Thriller,3.3472222222222223,36,0.10416666666666666,1
30812,"Aviator, The (2004)",Drama,3.847826086956522,23,0.06547619047619047,1
103384,"Lone Ranger, The (2013)",Action|Adventure|Western|IMAX,2.5,1,0.0,0
107980,"Railway Man, The (2013)",Drama,3.5,1,0.0,0
5903,Equilibrium (2002),Action|Sci-Fi|Thriller,3.7333333333333334,30,0.0863095238095238,1
2874,"Pajama Game, The (1957)",Comedy|Musical|Romance,2.75,4,0.008928571428571428,0
4011,Snatch (2000),Comedy|Crime|Thriller,3.960674157303371,89,0.2619047619047619,1
36517,"Constant Gardener, The (2005)",Drama|Thriller,3.8333333333333335,18,0.050595238095238096,1
3052,Dogma (1999),Adventure|Comedy|Fantasy,3.554054054054054,74,0.21726190476190477,0
2410,Rocky III (1982),Action|Drama,2.9791666666666665,24,0.06845238095238095,1
3274,Single White Female (1992),Drama|Thriller,3.05,10,0.026785714285714284,1
53953,1408 (2007),Drama|Horror|Thriller,3.7,15,0.04166666666666666,1
141,"Birdcage, The (1996)",Comedy,3.42,100,0.29464285714285715,0
6404,"White Sheik, The (Sceicco bianco, Lo) (1952)",Comedy|Romance,3.25,2,0.002976190476190476,1
7460,Coffee and Cigarettes (2003),Comedy|Drama,4.2,5,0.011904761904761904,1
1963,Take the Money and Run (1969),Comedy|Crime,3.909090909090909,22,0.062499999999999986,0
4254,Crocodile Dundee in Los Angeles (2001),Comedy|Drama,2.3125,8,0.020833333333333332,0
4329,Rio Bravo (1959),Western,4.333333333333333,6,0.01488095238095238,1
2908,Boys Don't Cry (1999),Drama,3.6666666666666665,39,0.11309523809523808,0
340,"War, The (1994)",Adventure|Drama|War,3.5,8,0.020833333333333332,0
68237,Moon (2009),Drama|Mystery|Sci-Fi|Thriller,3.625,24,0.06845238095238095,0
46976,Stranger than Fiction (2006),Comedy|Drama|Fantasy|Romance,3.878787878787879,33,0.09523809523809523,0
7013,"Night of the Hunter, The (1955)",Drama|Film-Noir|Thriller,4.428571428571429,7,0.017857142857142856,1
4720,"Others, The (2001)",Drama|Horror|Mystery|Thriller,3.6808510638297873,47,0.13690476190476192,0
7072,Stagecoach (1939),Action|Drama|Romance|Western,3.8,5,0.011904761904761904,0
90268,Hell (2011),Horror|Sci-Fi|Thriller,3.0,1,0.0,0
2288,"Thing, The (1982)",Action|Horror|Sci-Fi|Thriller,3.656862745098039,51,0.1488095238095238,1
2077,"Journey of Natty Gann, The (1985)",Adventure|Children,3.5,6,0.01488095238095238,1
1029,Dumbo (1941),Animation|Children|Drama|Musical,3.7872340425531914,47,0.13690476190476192,1
2792,Airplane II: The Sequel (1982),Comedy,3.0,23,0.06547619047619047,0
61240,Let the Right One In (Låt den rätte komma in) (2008),Drama|Fantasy|Horror|Romance,4.0,20,0.05654761904761904,1
60333,Encounters at the End of the World (2008),Documentary,2.5,2,0.002976190476190476,1
668,Song of the Little Road (Pather Panchali) (1955),Drama,5.0,5,0.011904761904761904,1
61465,Bangkok Dangerous (2008),Action|Crime|Thriller,2.2,5,0.011904761904761904,0
2454,"Fly, The (1958)",Horror|Mystery|Sci-Fi,3.033333333333333,15,0.04166666666666666,0
84392,"Lincoln Lawyer, The (2011)",Crime|Drama|Thriller,3.875,8,0.020833333333333332,1
6872,"House of the Dead, The (2003)",Action|Horror,0.6666666666666666,3,0.005952380952380952,0
112,Rumble in the Bronx (Hont faan kui) (1995),Action|Adventure|Comedy|Crime,3.43859649122807,57,0.16666666666666666,0
782,"Fan, The (1996)",Drama|Thriller,2.625,20,0.05654761904761904,0
86559,Raw Meat (Death Line) (1973),Horror,3.0,1,0.0,0
3266,Man Bites Dog (C'est arrivé près de chez vous) (1992),Comedy|Crime|Drama|Thriller,3.8181818181818183,11,0.029761904761904757,1
1611,My Own Private Idaho (1991),Drama|Romance,3.5384615384615383,13,0.03571428571428571,0
1025,"Sword in the Stone, The (1963)",Animation|Children|Fantasy|Musical,3.6666666666666665,36,0.10416666666666666,1
71450,Capitalism: A Love Story (2009),Documentary,3.75,2,0.002976190476190476,1
58025,Jumper (2008),Action|Adventure|Drama|Sci-Fi|Thriller,2.8125,8,0.020833333333333332,0
3365,"Searchers, The (1956)",Drama|Western,4.142857142857143,7,0.017857142857142856,1
5665,Knockaround Guys (2002),Action|Comedy|Crime,2.6666666666666665,3,0.005952380952380952,0
2047,"Gnome-Mobile, The (1967)",Adventure|Children|Fantasy|Musical,2.0,1,0.0,0
267,Major Payne (1995),Comedy,3.235294117647059,17,0.047619047619047616,0
6787,All the President's Men (1976),Drama|Thriller,4.166666666666667,27,0.07738095238095237,1
4265,Driven (2001),Action|Thriller,2.5,5,0.011904761904761904,0
183,Mute Witness (1994),Comedy|Horror|Thriller,3.5,2,0.002976190476190476,0
1779,Sphere (1998),Sci-Fi|Thriller,2.925925925925926,27,0.07738095238095237,0
25947,Unfaithfully Yours (1948),Comedy,2.25,2,0.002976190476190476,0
1066,Shall We Dance (1937),Comedy|Musical|Romance,3.642857142857143,7,0.017857142857142856,1
8633,"Last Starfighter, The (1984)",Action|Adventure|Comedy|Sci-Fi,3.25,10,0.026785714285714284,0
2447,Varsity Blues (1999),Comedy|Drama,2.8636363636363638,11,0.029761904761904757,0
1924,Plan 9 from Outer Space (1959),Horror|Sci-Fi,2.8181818181818183,11,0.029761904761904757,0
6593,Freaky Friday (2003),Children|Comedy|Fantasy,3.0454545454545454,11,0.029761904761904757,0
45183,"Protector, The (a.k.a. Warrior King) (Tom yum goong) (2005)",Action|Comedy|Crime|Thriller,3.6666666666666665,3,0.005952380952380952,0
99,Heidi Fleiss: Hollywood Madam (1995),Documentary,2.5,4,0.008928571428571428,0
2840,Stigmata (1999),Drama|Thriller,2.8035714285714284,28,0.08035714285714285,1
999,2 Days in the Valley (1996),Crime|Film-Noir,3.3541666666666665,24,0.06845238095238095,1
3316,Reindeer Games (2000),Action|Thriller,2.388888888888889,9,0.023809523809523808,1
8366,Saved! (2004),Comedy|Drama,3.269230769230769,13,0.03571428571428571,0
1353,"Mirror Has Two Faces, The (1996)",Comedy|Drama|Romance,3.2777777777777777,9,0.023809523809523808,0
55290,Gone Baby Gone (2007),Crime|Drama|Mystery,3.8333333333333335,12,0.03273809523809523,0
43871,Firewall (2006),Crime|Drama|Thriller,2.875,4,0.008928571428571428,0
3469,Inherit the Wind (1960),Drama,4.071428571428571,7,0.017857142857142856,0
45722,Pirates of the Caribbean: Dead Man's Chest (2006),Action|Adventure|Fantasy,3.611111111111111,54,0.15773809523809523,0
3230,"Odessa File, The (1974)",Thriller,5.0,1,0.0,1
1047,"Long Kiss Goodnight, The (1996)",Action|Drama|Thriller,3.338235294117647,34,0.09821428571428571,0
7008,Last Tango in Paris (Ultimo tango a Parigi) (1972),Drama|Romance,4.166666666666667,3,0.005952380952380952,1
111362,X-Men: Days of Future Past (2014),Action|Adventure|Sci-Fi,3.45,10,0.026785714285714284,1
103,Unforgettable (1996),Mystery|Sci-Fi|Thriller,2.8333333333333335,3,0.005952380952380952,0
3677,Baraka (1992),Documentary,4.6,5,0.011904761904761904,1
25741,"Phantom Carriage, The (Körkarlen) (1921)",Drama,4.0,2,0.002976190476190476,1
1416,Evita (1996),Drama|Musical,3.2419354838709675,31,0.08928571428571427,1
534,Shadowlands (1993),Drama|Romance,4.071428571428571,21,0.05952380952380952,0
635,"Family Thing, A (1996)",Comedy|Drama,3.9166666666666665,6,0.01488095238095238,1
91673,Albert Nobbs (2011),Drama,3.5,2,0.002976190476190476,1
426,Body Snatchers (1993),Horror|Sci-Fi|Thriller,3.3684210526315788,19,0.05357142857142856,0
3484,"Skulls, The (2000)",Thriller,2.85,20,0.05654761904761904,0
8815,Exorcist: The Beginning (2004),Horror|Thriller,2.3333333333333335,6,0.01488095238095238,0
1799,Suicide Kings (1997),Comedy|Crime|Drama|Mystery|Thriller,3.3,10,0.026785714285714284,0
53550,Rescue Dawn (2006),Action|Adventure|Drama|War,4.3,5,0.011904761904761904,1
849,Escape from L.A. (1996),Action|Adventure|Sci-Fi|Thriller,2.8026315789473686,38,0.1101190476190476,0
1883,Bulworth (1998),Comedy|Drama|Romance,3.3055555555555554,18,0.050595238095238096,1
3862,About Adam (2000),Comedy,3.5,2,0.002976190476190476,1
4239,Blow (2001),Crime|Drama,3.697674418604651,43,0.12499999999999999,0
8531,White Chicks (2004),Action|Comedy|Crime,2.5,3,0.005952380952380952,0
4958,Behind Enemy Lines (2001),Action|Drama|War,3.3333333333333335,6,0.01488095238095238,0
1171,Bob Roberts (1992),Comedy,3.5,16,0.04464285714285714,0
3259,Far and Away (1992),Adventure|Drama|Romance,3.3,10,0.026785714285714284,1
3462,Modern Times (1936),Comedy|Drama|Romance,4.204545454545454,22,0.062499999999999986,1
8130,"Girl Next Door, The (1999)",Documentary,3.5,1,0.0,0
2265,Nothing But Trouble (1991),Adventure|Comedy,2.4,5,0.011904761904761904,0
36397,Valiant (2005),Adventure|Animation|Children|Comedy|Fantasy|War,3.25,2,0.002976190476190476,0
4881,"Man Who Wasn't There, The (2001)",Crime|Drama,3.760869565217391,23,0.06547619047619047,1
11,"American President, The (1995)",Comedy|Drama|Romance,3.747311827956989,93,0.2738095238095238,1
3251,Agnes of God (1985),Drama|Mystery,3.142857142857143,7,0.017857142857142856,1
69732,Lady Death (2004),Action|Animation|Horror,5.0,1,0.0,1
36553,In Old Chicago (1937),Action|Drama|Musical|War,3.5,1,0.0,0
1904,Henry Fool (1997),Comedy|Drama,3.5714285714285716,7,0.017857142857142856,1
7369,Scooby-Doo 2: Monsters Unleashed (2004),Action|Adventure|Children|Comedy|Mystery,1.8,5,0.011904761904761904,0
2700,"South Park: Bigger, Longer and Uncut (1999)",Animation|Comedy|Musical,3.782051282051282,78,0.22916666666666666,0
3185,Snow Falling on Cedars (1999),Drama,3.409090909090909,11,0.029761904761904757,0
3468,"Hustler, The (1961)",Drama,3.8448275862068964,29,0.08333333333333333,1
4270,"Mummy Returns, The (2001)",Action|Adventure|Comedy|Thriller,3.0,39,0.11309523809523808,0
7624,School Ties (1992),Drama,3.625,4,0.008928571428571428,1
577,Andre (1994),Adventure|Children|Drama,2.9,5,0.011904761904761904,0
5073,"Son's Room, The (Stanza del figlio, La) (2001)",Drama,4.5,2,0.002976190476190476,1
3044,Dead Again (1991),Mystery|Romance|Thriller,3.85,20,0.05654761904761904,0
26614,"Bourne Identity, The (1988)",Action|Adventure|Drama|Mystery|Thriller,4.194444444444445,18,0.050595238095238096,0
3168,Easy Rider (1969),Adventure|Drama,3.6153846153846154,26,0.0744047619047619,0
8874,Shaun of the Dead (2004),Comedy|Horror,3.78,50,0.14583333333333334,1
3624,Shanghai Noon (2000),Action|Adventure|Comedy|Western,3.317073170731707,41,0.11904761904761904,0
474,In the Line of Fire (1993),Action|Thriller,3.795698924731183,93,0.2738095238095238,0
3801,Anatomy of a Murder (1959),Drama|Mystery,4.25,14,0.03869047619047619,1
77843,"Disappearance of Alice Creed, The (2009)",Thriller,3.8333333333333335,3,0.005952380952380952,1
7802,"Warriors, The (1979)",Action|Adventure|Crime|Thriller,3.5,6,0.01488095238095238,1
8492,"Christmas Carol, A (Scrooge) (1951)",Drama|Fantasy,3.6666666666666665,3,0.005952380952380952,0
4992,Kate & Leopold (2001),Comedy|Romance,2.933333333333333,15,0.04166666666666666,0
2726,"Killing, The (1956)",Crime|Film-Noir,4.083333333333333,6,0.01488095238095238,1
1644,I Know What You Did Last Summer (1997),Horror|Mystery|Thriller,2.588235294117647,34,0.09821428571428571,1
2144,Sixteen Candles (1984),Comedy|Romance,3.776315789473684,38,0.1101190476190476,0
1980,Friday the 13th Part VII: The New Blood (1988),Horror,2.25,2,0.002976190476190476,0
3556,"Virgin Suicides, The (1999)",Drama|Romance,3.65,40,0.11607142857142856,1
4135,"Monster Squad, The (1987)",Adventure|Comedy|Horror,3.0,4,0.008928571428571428,0
3676,Eraserhead (1977),Drama|Horror,3.6944444444444446,18,0.050595238095238096,1
1878,Woo (1998),Comedy|Romance,2.0,2,0.002976190476190476,0
85,Angels and Insects (1995),Drama|Romance,2.8125,8,0.020833333333333332,0
38061,Kiss Kiss Bang Bang (2005),Comedy|Crime|Mystery|Thriller,4.0,23,0.06547619047619047,0
2539,Analyze This (1999),Comedy,3.2560975609756095,41,0.11904761904761904,0
4278,Triumph of the Will (Triumph des Willens) (1934),Documentary,3.125,4,0.008928571428571428,0
5666,"Rules of Attraction, The (2002)",Comedy|Drama|Romance|Thriller,2.5,2,0.002976190476190476,0
6886,Beyond Borders (2003),Drama|Romance|War,4.0,1,0.0,1
60684,Watchmen (2009),Action|Drama|Mystery|Sci-Fi|Thriller|IMAX,3.652173913043478,23,0.06547619047619047,0
3966,Detour (1945),Crime|Film-Noir,3.875,4,0.008928571428571428,0
1953,"French Connection, The (1971)",Action|Crime|Thriller,3.765957446808511,47,0.13690476190476192,1
2532,Conquest of the Planet of the Apes (1972),Action|Sci-Fi,2.7142857142857144,7,0.017857142857142856,0
1916,Buffalo '66 (a.k.a. Buffalo 66) (1998),Drama|Romance,3.5,16,0.04464285714285714,1
1693,Amistad (1997),Drama|Mystery,3.7037037037037037,27,0.07738095238095237,1
1882,Godzilla (1998),Action|Sci-Fi|Thriller,2.111111111111111,27,0.07738095238095237,0
6323,Identity (2003),Crime|Horror|Mystery|Thriller,3.761904761904762,21,0.05952380952380952,1
3825,Coyote Ugly (2000),Comedy|Drama|Romance,2.9423076923076925,26,0.0744047619047619,0
273,Mary Shelley's Frankenstein (Frankenstein) (1994),Drama|Horror|Sci-Fi,3.25,46,0.13392857142857142,0
5060,M*A*S*H (a.k.a. MASH) (1970),Comedy|Drama|War,3.9295774647887325,71,0.20833333333333334,1
85213,"Sunset Limited, The (2011)",Drama,4.166666666666667,3,0.005952380952380952,1
628,Primal Fear (1996),Crime|Drama|Mystery|Thriller,3.75,48,0.13988095238095238,1
1022,Cinderella (1950),Animation|Children|Fantasy|Musical|Romance,3.5948275862068964,58,0.16964285714285715,1
8950,"Machinist, The (Maquinista, El) (2004)",Mystery|Thriller,3.683333333333333,30,0.0863095238095238,1
1189,"Thin Blue Line, The (1988)",Documentary,4.125,16,0.04464285714285714,1
2072,"'burbs, The (1989)",Comedy,2.8157894736842106,19,0.05357142857142856,0
4848,Mulholland Drive (2001),Crime|Drama|Film-Noir|Mystery|Thriller,4.03,50,0.14583333333333334,1
549,Thirty-Two Short Films About Glenn Gould (1993),Drama|Musical,3.2142857142857144,7,0.017857142857142856,0
39446,Saw II (2005),Horror|Thriller,3.25,20,0.05654761904761904,1
8908,Ladder 49 (2004),Action|Drama|Thriller,2.6666666666666665,3,0.005952380952380952,0
1681,Mortal Kombat: Annihilation (1997),Action|Adventure|Fantasy,2.2,5,0.011904761904761904,0
4466,Above the Law (1988),Action|Crime|Drama,2.5,3,0.005952380952380952,0
6226,"Lost Honor of Katharina Blum, The (Verlorene Ehre der Katharina Blum oder: Wie Gewalt entstehen und wohin sie führen kann, Die) (1975)",Drama,3.5,1,0.0,0
69481,"Hurt Locker, The (2008)",Action|Drama|Thriller|War,3.8157894736842106,19,0.05357142857142856,0
587,Ghost (1990),Comedy|Drama|Fantasy|Romance|Thriller,3.387218045112782,133,0.39285714285714285,0
56367,Juno (2007),Comedy|Drama|Romance,3.9482758620689653,58,0.16964285714285715,1
8958,Ray (2004),Drama,3.9038461538461537,26,0.0744047619047619,0
4846,Iron Monkey (Siu nin Wong Fei-hung ji: Tit Ma Lau) (1993),Action|Comedy,4.083333333333333,6,0.01488095238095238,0
107410,Guest from the Future (Gostya iz buduschego) (1985),Adventure|Drama|Sci-Fi,5.0,1,0.0,1
25788,Scarface (1932),Crime|Drama,3.6666666666666665,3,0.005952380952380952,1
3341,Born Yesterday (1950),Comedy,3.0,4,0.008928571428571428,0
492,Manhattan Murder Mystery (1993),Comedy|Mystery,3.5652173913043477,23,0.06547619047619047,1
2921,High Plains Drifter (1973),Western,3.6363636363636362,11,0.029761904761904757,0
673,Space Jam (1996),Adventure|Animation|Children|Comedy|Fantasy|Sci-Fi,2.619565217391304,46,0.13392857142857142,0
3733,"Paper Chase, The (1973)",Drama,3.5,6,0.01488095238095238,0
1381,Grease 2 (1982),Comedy|Musical|Romance,2.0681818181818183,22,0.062499999999999986,1
2046,Flight of the Navigator (1986),Adventure|Children|Sci-Fi,3.48,25,0.07142857142857142,0
5792,Roger Dodger (2002),Comedy|Drama,3.8,5,0.011904761904761904,0
2641,Superman II (1980),Action|Sci-Fi,3.097560975609756,41,0.11904761904761904,0
1721,Titanic (1997),Drama|Romance,3.24822695035461,141,0.41666666666666663,1
472,I'll Do Anything (1994),Comedy|Drama,3.4,5,0.011904761904761904,1
1226,"Quiet Man, The (1952)",Drama|Romance,4.25,6,0.01488095238095238,0
2278,Ronin (1998),Action|Crime|Thriller,3.5760869565217392,46,0.13392857142857142,1
3160,Magnolia (1999),Drama,3.711864406779661,59,0.17261904761904762,1
733,"Rock, The (1996)",Action|Adventure|Thriller,3.759375,160,0.4732142857142857,1
8771,Sherlock Holmes: Terror by Night (1946),Crime|Mystery|Thriller,3.5,1,0.0,0
64,Two if by Sea (1996),Comedy|Romance,2.9285714285714284,7,0.017857142857142856,1
6432,"Courtship of Eddie's Father, The (1963)",Comedy,3.0,2,0.002976190476190476,0
3545,Cabaret (1972),Drama|Musical,4.076923076923077,13,0.03571428571428571,1
8369,Mindhunters (2004),Action|Crime|Horror|Mystery|Thriller,3.1,5,0.011904761904761904,1
3074,Jeremiah Johnson (1972),Western,3.5,2,0.002976190476190476,0
4994,"Majestic, The (2001)",Comedy|Drama|Romance,3.1875,8,0.020833333333333332,0
1616,"Peacemaker, The (1997)",Action|Thriller|War,3.525,20,0.05654761904761904,0
1278,Young Frankenstein (1974),Comedy|Fantasy,4.0,71,0.20833333333333334,1
53129,Mr. Brooks (2007),Crime|Drama|Thriller,4.357142857142857,7,0.017857142857142856,1
2596,SLC Punk! (1998),Comedy|Drama,4.3125,8,0.020833333333333332,1
511,"Program, The (1993)",Action|Drama,3.0,8,0.020833333333333332,0
34048,War of the Worlds (2005),Action|Adventure|Sci-Fi|Thriller,3.0277777777777777,36,0.10416666666666666,0
1046,Beautiful Thing (1996),Drama|Romance,3.7,5,0.011904761904761904,0
2067,Doctor Zhivago (1965),Drama|Romance|War,4.104166666666667,24,0.06845238095238095,1
34162,Wedding Crashers (2005),Comedy|Romance,3.5,39,0.11309523809523808,0
6159,All the Real Girls (2003),Drama|Romance,3.25,4,0.008928571428571428,0
1061,Sleepers (1996),Thriller,3.65,40,0.11607142857142856,1
2793,"American Werewolf in Paris, An (1997)",Comedy|Horror|Romance|Thriller,2.3333333333333335,12,0.03273809523809523,0
2148,House (1986),Comedy|Fantasy|Horror,2.6666666666666665,3,0.005952380952380952,0
94959,Moonrise Kingdom (2012),Comedy|Drama|Romance,4.2,10,0.026785714285714284,1
2946,Help! (1965),Comedy|Musical,3.2333333333333334,15,0.04166666666666666,0
6373,Bruce Almighty (2003),Comedy|Drama|Fantasy|Romance,3.4054054054054053,37,0.10714285714285714,1
6650,Kind Hearts and Coronets (1949),Comedy|Drama,4.071428571428571,7,0.017857142857142856,1
125916,Fifty Shades of Grey (2015),Drama,0.5,1,0.0,0
64957,"Curious Case of Benjamin Button, The (2008)",Drama|Fantasy|Mystery|Romance,3.652173913043478,23,0.06547619047619047,1
3749,"Time Regained (Temps retrouvé, Le) (1999)",Drama,3.25,2,0.002976190476190476,0
44665,Lucky Number Slevin (2006),Crime|Drama|Mystery,4.12,25,0.07142857142857142,1
986,Fly Away Home (1996),Adventure|Children,3.4583333333333335,12,0.03273809523809523,0
8228,"Maltese Falcon, The (a.k.a. Dangerous Female) (1931)",Mystery,4.2272727272727275,11,0.029761904761904757,1
7219,They Drive by Night (1940),Drama,3.25,2,0.002976190476190476,0
448,Fearless (1993),Drama,4.147058823529412,17,0.047619047619047616,1
68159,State of Play (2009),Crime|Drama|Thriller,3.857142857142857,7,0.017857142857142856,1
2912,"Limey, The (1999)",Crime|Drama|Thriller,3.55,20,0.05654761904761904,0
998,Set It Off (1996),Action|Crime,3.5,6,0.01488095238095238,0
58803,21 (2008),Crime|Drama|Romance|Thriller,3.409090909090909,11,0.029761904761904757,0
1476,Private Parts (1997),Comedy|Drama,3.515625,32,0.09226190476190475,0
68358,Star Trek (2009),Action|Adventure|Sci-Fi|IMAX,4.03921568627451,51,0.1488095238095238,1
4770,"Glass House, The (2001)",Thriller,3.3333333333333335,3,0.005952380952380952,1
71156,"Men Who Stare at Goats, The (2009)",Action|Comedy|Drama,3.2,5,0.011904761904761904,0
802,Phenomenon (1996),Drama|Romance,3.3846153846153846,65,0.19047619047619047,1
562,Welcome to the Dollhouse (1995),Comedy|Drama,3.8793103448275863,29,0.08333333333333333,1
71899,Mary and Max (2009),Animation|Comedy|Drama,4.107142857142857,14,0.03869047619047619,1
1064,Aladdin and the King of Thieves (1996),Animation|Children|Comedy|Fantasy|Musical|Romance,2.975,20,0.05654761904761904,0
5992,"Hours, The (2002)",Drama|Romance,3.86,25,0.07142857142857142,1
808,Alaska (1996),Adventure|Children,2.8,5,0.011904761904761904,0
1461,Vegas Vacation (National Lampoon's Las Vegas Vacation) (1997),Comedy,2.6666666666666665,12,0.03273809523809523,0
193,Showgirls (1995),Drama,2.086206896551724,29,0.08333333333333333,0
1981,Friday the 13th Part VIII: Jason Takes Manhattan (1989),Horror,2.4375,8,0.020833333333333332,0
994,Big Night (1996),Comedy|Drama,3.923076923076923,26,0.0744047619047619,1
58559,"Dark Knight, The (2008)",Action|Crime|Drama|IMAX,4.365979381443299,97,0.2857142857142857,1
4333,Throw Momma from the Train (1987),Comedy|Crime,2.25,12,0.03273809523809523,0
914,My Fair Lady (1964),Comedy|Drama|Musical|Romance,3.903225806451613,62,0.18154761904761904,0
54259,Stardust (2007),Adventure|Comedy|Fantasy|Romance,3.52,25,0.07142857142857142,1
3082,"World Is Not Enough, The (1999)",Action|Adventure|Thriller,3.3260869565217392,46,0.13392857142857142,0
1344,Cape Fear (1962),Crime|Drama|Thriller,4.125,20,0.05654761904761904,1
5481,Austin Powers in Goldmember (2002),Comedy,2.864864864864865,37,0.10714285714285714,0
6957,Bad Santa (2003),Comedy|Crime,3.5714285714285716,21,0.05952380952380952,1
2026,Disturbing Behavior (1998),Horror|Thriller,1.875,4,0.008928571428571428,0
56757,Sweeney Todd: The Demon Barber of Fleet Street (2007),Drama|Horror|Musical|Thriller,3.4782608695652173,23,0.06547619047619047,0
8860,Cellular (2004),Action|Crime|Drama|Mystery|Thriller,2.9375,8,0.020833333333333332,0
182,Moonlight and Valentino (1995),Drama|Romance,3.2142857142857144,7,0.017857142857142856,0
3735,Serpico (1973),Crime|Drama,3.9411764705882355,17,0.047619047619047616,0
8784,Garden State (2004),Comedy|Drama|Romance,3.8979591836734695,49,0.14285714285714285,1
4865,From Hell (2001),Crime|Horror|Mystery|Thriller,3.6346153846153846,26,0.0744047619047619,0
1701,Deconstructing Harry (1997),Comedy|Drama,3.3666666666666667,15,0.04166666666666666,0
3972,"Legend of Drunken Master, The (Jui kuen II) (1994)",Action|Comedy,3.675,20,0.05654761904761904,0
52,Mighty Aphrodite (1995),Comedy|Drama|Romance,3.78125,48,0.13988095238095238,1
5404,84 Charing Cross Road (1987),Drama|Romance,3.75,2,0.002976190476190476,0
3243,Encino Man (1992),Comedy,2.5357142857142856,14,0.03869047619047619,0
7032,Revenge (1990),Drama|Romance|Thriller,3.25,2,0.002976190476190476,1
6478,"Life and Times of Judge Roy Bean, The (1972)",Comedy|Western,2.875,4,0.008928571428571428,0
1957,Chariots of Fire (1981),Drama,3.6818181818181817,33,0.09523809523809523,1
3543,Diner (1982),Comedy|Drama,3.8,10,0.026785714285714284,0
2060,BASEketball (1998),Comedy,2.875,12,0.03273809523809523,0
2763,"Thomas Crown Affair, The (1999)",Action|Mystery,3.5945945945945947,74,0.21726190476190477,1
308,Three Colors: White (Trzy kolory: Bialy) (1994),Comedy|Drama,4.130434782608695,23,0.06547619047619047,1
2247,Married to the Mob (1988),Comedy,2.8666666666666667,15,0.04166666666666666,0
3451,Guess Who's Coming to Dinner (1967),Drama,3.769230769230769,13,0.03571428571428571,1
2269,Indecent Proposal (1993),Drama|Romance,2.5416666666666665,12,0.03273809523809523,0
44195,Thank You for Smoking (2006),Comedy|Drama,3.841463414634146,41,0.11904761904761904,0
60072,Wanted (2008),Action|Thriller,2.8055555555555554,18,0.050595238095238096,0
317,"Santa Clause, The (1994)",Comedy|Drama|Fantasy,3.244186046511628,86,0.25297619047619047,1
3785,Scary Movie (2000),Comedy|Horror,2.630952380952381,42,0.12202380952380952,0
1267,"Manchurian Candidate, The (1962)",Crime|Thriller|War,4.107142857142857,42,0.12202380952380952,1
6857,Ninja Scroll (Jûbei ninpûchô) (1995),Action|Adventure|Animation|Fantasy,4.181818181818182,11,0.029761904761904757,1
2581,Never Been Kissed (1999),Comedy|Romance,2.85,40,0.11607142857142856,0
2121,Cujo (1983),Horror|Thriller,3.1923076923076925,13,0.03571428571428571,0
214,Before the Rain (Pred dozhdot) (1994),Drama|War,4.1,10,0.026785714285714284,1
2384,Babe: Pig in the City (1998),Adventure|Children|Drama,3.1964285714285716,28,0.08035714285714285,0
7347,Secret Window (2004),Mystery|Thriller,3.1666666666666665,15,0.04166666666666666,0
540,Sliver (1993),Thriller,3.0344827586206895,29,0.08333333333333333,0
779,'Til There Was You (1997),Drama|Romance,4.0,1,0.0,1
1589,Cop Land (1997),Action|Crime|Drama|Thriller,3.183333333333333,30,0.0863095238095238,0
801,Harriet the Spy (1996),Children|Comedy,3.2,5,0.011904761904761904,0
845,"Day the Sun Turned Cold, The (Tianguo niezi) (1994)",Drama,5.0,1,0.0,1
3918,Hellbound: Hellraiser II (1988),Horror,2.5,11,0.029761904761904757,0
4616,Lean on Me (1989),Drama,3.3333333333333335,15,0.04166666666666666,0
473,In the Army Now (1994),Comedy|War,2.357142857142857,7,0.017857142857142856,0
5128,Queen of the Damned (2002),Fantasy|Horror,1.9375,8,0.020833333333333332,0
973,Meet John Doe (1941),Comedy|Drama,3.7,5,0.011904761904761904,1
2,Jumanji (1995),Adventure|Children|Fantasy,3.194915254237288,118,0.3482142857142857,0
79333,Watch Out for the Automobile (Beregis avtomobilya) (1966),Comedy|Crime|Romance,0.5,1,0.0,0
2333,Gods and Monsters (1998),Drama,3.5434782608695654,23,0.06547619047619047,0
5989,Catch Me If You Can (2002),Crime|Drama,3.753086419753086,81,0.23809523809523808,0
5464,Road to Perdition (2002),Crime|Drama,3.7916666666666665,48,0.13988095238095238,1
842,Tales from the Crypt Presents: Bordello of Blood (1996),Comedy|Horror,2.8125,8,0.020833333333333332,0
6218,Bend It Like Beckham (2002),Comedy|Drama|Romance,3.421875,32,0.09226190476190475,0
149,Amateur (1994),Crime|Drama|Thriller,4.2,10,0.026785714285714284,1
942,Laura (1944),Crime|Film-Noir|Mystery,4.222222222222222,27,0.07738095238095237,1
42015,Casanova (2005),Action|Adventure|Comedy|Drama|Romance,3.75,2,0.002976190476190476,1
3952,"Contender, The (2000)",Drama|Thriller,3.59375,16,0.04464285714285714,1
2944,"Dirty Dozen, The (1967)",Action|Drama|War,4.263888888888889,36,0.10416666666666666,1
6863,School of Rock (2003),Comedy|Musical,3.5344827586206895,58,0.16964285714285715,1
31225,Coach Carter (2005),Drama,3.5,7,0.017857142857142856,1
6764,"Rundown, The (2003)",Action|Adventure|Comedy,3.357142857142857,14,0.03869047619047619,0
2294,Antz (1998),Adventure|Animation|Children|Comedy|Fantasy,3.173076923076923,52,0.1517857142857143,0
2924,Drunken Master (Jui kuen) (1978),Action|Comedy,4.041666666666667,12,0.03273809523809523,0
100390,Identity Thief (2013),Comedy|Crime,2.5,3,0.005952380952380952,0
3147,"Green Mile, The (1999)",Crime|Drama,4.0285714285714285,105,0.30952380952380953,0
55444,Control (2007),Drama,4.142857142857143,7,0.017857142857142856,1
2918,Ferris Bueller's Day Off (1986),Comedy,3.9419642857142856,112,0.33035714285714285,0
5255,Sorority Boys (2002),Comedy,2.625,4,0.008928571428571428,0
2877,Tommy (1975),Drama|Musical,3.4375,8,0.020833333333333332,0
80,"White Balloon, The (Badkonake sefid) (1995)",Children|Drama,3.75,4,0.008928571428571428,0
5171,"Time Machine, The (2002)",Action|Adventure|Sci-Fi,2.861111111111111,18,0.050595238095238096,0
2162,"NeverEnding Story II: The Next Chapter, The (1990)",Adventure|Children|Fantasy,2.5,9,0.023809523809523808,0
4151,"Taste of Others, The (Le goût des autres) (2000)",Comedy|Drama|Romance,4.0,2,0.002976190476190476,1
7380,Ella Enchanted (2004),Comedy|Fantasy|Romance,3.5,3,0.005952380952380952,1
2701,Wild Wild West (1999),Action|Comedy|Sci-Fi|Western,2.3666666666666667,45,0.13095238095238096,0
952,Around the World in 80 Days (1956),Adventure|Comedy,3.3,15,0.04166666666666666,1
64034,"Boy in the Striped Pajamas, The (Boy in the Striped Pyjamas, The) (2008)",Drama|War,3.5,6,0.01488095238095238,0
475,In the Name of the Father (1993),Drama,3.8875,40,0.11607142857142856,1
671,Mystery Science Theater 3000: The Movie (1996),Comedy|Sci-Fi,3.3846153846153846,26,0.0744047619047619,1
2010,Metropolis (1927),Drama|Sci-Fi,3.8676470588235294,34,0.09821428571428571,1
222,Circle of Friends (1995),Drama|Romance,3.293103448275862,29,0.08333333333333333,1
2420,"Karate Kid, The (1984)",Drama,3.4210526315789473,38,0.1101190476190476,0
1084,Bonnie and Clyde (1967),Crime|Drama,3.9186046511627906,43,0.12499999999999999,1
56805,Walk Hard: The Dewey Cox Story (2007),Comedy|Musical,3.375,4,0.008928571428571428,1
8361,"Day After Tomorrow, The (2004)",Action|Adventure|Drama|Sci-Fi|Thriller,3.0,27,0.07738095238095237,1
2329,American History X (1998),Crime|Drama,4.154545454545454,110,0.3244047619047619,1
1663,Stripes (1981),Comedy|War,3.7346938775510203,49,0.14285714285714285,0
3452,Romeo Must Die (2000),Action|Crime|Romance|Thriller,3.0238095238095237,21,0.05952380952380952,0
72407,"Twilight Saga: New Moon, The (2009)",Drama|Fantasy|Horror|Romance|Thriller,1.8,5,0.011904761904761904,0
5225,And Your Mother Too (Y tu mamá también) (2001),Drama|Romance,4.120689655172414,29,0.08333333333333333,1
4061,"Man in the Moon, The (1991)",Drama|Romance,3.625,4,0.008928571428571428,1
930,Notorious (1946),Film-Noir|Romance|Thriller,4.208333333333333,24,0.06845238095238095,1
2524,"Towering Inferno, The (1974)",Action|Adventure|Drama|Thriller,3.3333333333333335,9,0.023809523809523808,0
31364,Memories of Murder (Salinui chueok) (2003),Crime|Drama|Mystery|Thriller,3.625,4,0.008928571428571428,0
1273,Down by Law (1986),Comedy|Drama|Film-Noir,3.933333333333333,15,0.04166666666666666,0
74795,Green Zone (2010),Action|Drama|Thriller|War,3.3333333333333335,3,0.005952380952380952,0
3526,Parenthood (1989),Comedy|Drama,3.6041666666666665,24,0.06845238095238095,1
6291,Lilya 4-Ever (Lilja 4-ever) (2002),Crime|Drama,4.0,6,0.01488095238095238,1
52973,Knocked Up (2007),Comedy|Drama|Romance,3.7903225806451615,31,0.08928571428571427,0
1753,Half Baked (1998),Comedy,3.2083333333333335,12,0.03273809523809523,1
4266,"Forsaken, The (2001)",Horror,2.875,4,0.008928571428571428,0
58162,Run Fatboy Run (2007),Comedy|Romance,3.75,2,0.002976190476190476,1
4558,Twins (1988),Comedy,3.111111111111111,18,0.050595238095238096,0
2605,Entrapment (1999),Crime|Thriller,3.2564102564102564,39,0.11309523809523808,1
8491,White Heat (1949),Crime|Drama|Film-Noir,3.875,4,0.008928571428571428,1
3033,Spaceballs (1987),Comedy|Sci-Fi,3.4516129032258065,62,0.18154761904761904,0
3301,"Whole Nine Yards, The (2000)",Comedy|Crime,3.3833333333333333,30,0.0863095238095238,1
3422,She's Gotta Have It (1986),Comedy|Romance,3.5,5,0.011904761904761904,0
1162,"Ruling Class, The (1972)",Comedy|Drama,3.6666666666666665,6,0.01488095238095238,1
34538,Asylum (2005),Romance|Thriller,2.0,1,0.0,0
73323,"Girl Who Kicked the Hornet's Nest, The (Luftslottet som sprängdes) (2009)",Action|Crime|Mystery,3.3333333333333335,9,0.023809523809523808,1
793,My Life and Times With Antonin Artaud (En compagnie d'Antonin Artaud) (1993),Drama,4.5,2,0.002976190476190476,1
7143,"Last Samurai, The (2003)",Action|Adventure|Drama|War,3.7549019607843137,51,0.1488095238095238,1
85774,Senna (2010),Documentary,4.5,2,0.002976190476190476,1
74448,"Royal Scandal, The (2001)",Crime|Mystery,4.0,1,0.0,1
2507,Breakfast of Champions (1999),Comedy|Sci-Fi,2.75,6,0.01488095238095238,0
47044,Miami Vice (2006),Action|Crime|Drama|Thriller,4.166666666666667,6,0.01488095238095238,0
74545,"Ghost Writer, The (2010)",Drama|Mystery|Thriller,3.0,6,0.01488095238095238,0
60941,"Midnight Meat Train, The (2008)",Horror|Mystery|Thriller,2.5,2,0.002976190476190476,0
2391,"Simple Plan, A (1998)",Crime|Drama|Thriller,3.697674418604651,43,0.12499999999999999,0
4228,Heartbreakers (2001),Comedy|Crime|Romance,3.2777777777777777,9,0.023809523809523808,1
2688,"General's Daughter, The (1999)",Crime|Drama|Mystery|Thriller,3.403225806451613,31,0.08928571428571427,1
3270,"Cutting Edge, The (1992)",Comedy|Drama|Romance,3.5416666666666665,12,0.03273809523809523,0
3708,Firestarter (1984),Horror|Thriller,2.5555555555555554,9,0.023809523809523808,0
3037,Little Big Man (1970),Western,4.176470588235294,17,0.047619047619047616,1
215,Before Sunrise (1995),Drama|Romance,3.8,25,0.07142857142857142,1
5025,Orange County (2002),Comedy,2.730769230769231,13,0.03571428571428571,1
3503,Solaris (Solyaris) (1972),Drama|Mystery|Sci-Fi,3.625,12,0.03273809523809523,1
4701,Rush Hour 2 (2001),Action|Comedy,2.9,25,0.07142857142857142,0
4887,"One, The (2001)",Action|Sci-Fi|Thriller,3.0,7,0.017857142857142856,1
5009,Ali (2001),Drama,3.142857142857143,14,0.03869047619047619,0
4081,Back to the Beach (1987),Comedy,2.5,1,0.0,0
1111,Microcosmos (Microcosmos: Le peuple de l'herbe) (1996),Documentary,3.9285714285714284,7,0.017857142857142856,0
227,Drop Zone (1994),Action|Thriller,3.232142857142857,28,0.08035714285714285,0
48696,Little Children (2006),Drama|Romance,4.0,9,0.023809523809523808,1
100383,Side Effects (2013),Crime|Drama|Mystery|Thriller,4.5,2,0.002976190476190476,1
8507,Freaks (1932),Crime|Drama|Horror,4.166666666666667,3,0.005952380952380952,1
342,Muriel's Wedding (1994),Comedy,3.456896551724138,58,0.16964285714285715,0
8495,Animal Factory (2000),Crime|Drama,3.25,2,0.002976190476190476,0
5319,Nine Queens (Nueve reinas) (2000),Crime|Thriller,4.333333333333333,3,0.005952380952380952,1
100169,After Porn Ends (2010),Documentary,3.25,2,0.002976190476190476,0
2993,Thunderball (1965),Action|Adventure|Thriller,3.5357142857142856,14,0.03869047619047619,1
258,"Kid in King Arthur's Court, A (1995)",Adventure|Children|Comedy|Fantasy|Romance,2.1363636363636362,11,0.029761904761904757,0
53996,Transformers (2007),Action|Sci-Fi|Thriller|IMAX,3.1911764705882355,34,0.09821428571428571,0
112138,22 Jump Street (2014),Action|Comedy|Crime,3.7142857142857144,7,0.017857142857142856,1
5630,Red Dragon (2002),Crime|Mystery|Thriller,3.477272727272727,22,0.062499999999999986,0
4974,Not Another Teen Movie (2001),Comedy,2.8461538461538463,13,0.03571428571428571,1
6951,"Cat in the Hat, The (2003)",Children|Comedy,1.1,5,0.011904761904761904,0
4741,Together (Tillsammans) (2000),Comedy|Drama|Romance,4.8,5,0.011904761904761904,1
818,"Very Brady Sequel, A (1996)",Comedy,2.7142857142857144,14,0.03869047619047619,0
490,Malice (1993),Thriller,3.088235294117647,17,0.047619047619047616,0
1966,Metropolitan (1990),Comedy,3.5,6,0.01488095238095238,0
27820,"Story of the Weeping Camel, The (Geschichte vom weinenden Kamel, Die) (2003)",Documentary|Drama,3.75,2,0.002976190476190476,0
3868,"Naked Gun: From the Files of Police Squad!, The (1988)",Action|Comedy|Crime|Romance,3.3404255319148937,47,0.13690476190476192,1
2124,"Addams Family, The (1991)",Children|Comedy|Fantasy,3.391891891891892,37,0.10714285714285714,0
4177,"Mirror Crack'd, The (1980)",Crime|Mystery|Thriller,2.5,2,0.002976190476190476,0
6368,Cinemania (2002),Documentary,3.9,5,0.011904761904761904,1
1995,Poltergeist II: The Other Side (1986),Horror|Thriller,2.1875,8,0.020833333333333332,1
3100,"River Runs Through It, A (1992)",Drama,3.66,25,0.07142857142857142,0
162,Crumb (1994),Documentary,4.021739130434782,23,0.06547619047619047,1
3045,Peter's Friends (1992),Comedy|Drama,3.5,5,0.011904761904761904,1
44900,Beauty and the Bastard (Tyttö sinä olet tähti) (2005),Drama|Musical|Romance,3.5,3,0.005952380952380952,0
1783,Palmetto (1998),Crime|Drama|Mystery|Romance|Thriller,3.142857142857143,7,0.017857142857142856,1
4880,Life as a House (2001),Drama,3.5555555555555554,9,0.023809523809523808,1
678,Some Folks Call It a Sling Blade (1993),Drama|Thriller,4.1875,16,0.04464285714285714,0
3499,Misery (1990),Drama|Horror|Thriller,3.7916666666666665,36,0.10416666666666666,0
568,Bhaji on the Beach (1993),Comedy|Drama,4.0,3,0.005952380952380952,1
64716,Seven Pounds (2008),Drama,3.6538461538461537,13,0.03571428571428571,1
5449,Mr. Deeds (2002),Comedy|Romance,2.5,17,0.047619047619047616,0
5387,Enough (2002),Drama|Thriller,3.3333333333333335,3,0.005952380952380952,0
3062,"Longest Day, The (1962)",Action|Drama|War,3.5384615384615383,13,0.03571428571428571,0
4125,Leonard Part 6 (1987),Comedy|Sci-Fi,0.6666666666666666,3,0.005952380952380952,0
1960,"Last Emperor, The (1987)",Drama,3.945945945945946,37,0.10714285714285714,1
99855,"World's Greatest Athlete, The (1973)",Comedy|Romance,3.5,1,0.0,0
5650,Strange Brew (1983),Comedy,3.6785714285714284,14,0.03869047619047619,1
2132,Who's Afraid of Virginia Woolf? (1966),Drama,3.875,16,0.04464285714285714,0
90057,Take Shelter (2011),Drama,4.125,4,0.008928571428571428,0
2761,"Iron Giant, The (1999)",Adventure|Animation|Children|Drama|Sci-Fi,3.8625,40,0.11607142857142856,1
53974,License to Wed (2007),Comedy|Romance,3.0,3,0.005952380952380952,0
5959,Narc (2002),Crime|Drama|Thriller,3.2916666666666665,12,0.03273809523809523,0
61250,"House Bunny, The (2008)",Comedy,3.3333333333333335,3,0.005952380952380952,0
5177,"Magnificent Ambersons, The (1942)",Drama|Romance,3.5833333333333335,6,0.01488095238095238,0
5682,"Grey Zone, The (2001)",Drama,3.5,3,0.005952380952380952,0
5663,Below (2002),Horror,2.25,2,0.002976190476190476,1
2642,Superman III (1983),Action|Adventure|Sci-Fi,2.76,25,0.07142857142857142,0
2580,Go (1999),Comedy|Crime,3.715686274509804,51,0.1488095238095238,1
4467,"Adventures of Baron Munchausen, The (1988)",Adventure|Comedy|Fantasy,3.775,20,0.05654761904761904,0
44,Mortal Kombat (1995),Action|Adventure|Fantasy,2.7,60,0.17559523809523808,0
4119,Housekeeping (1987),Comedy|Drama,4.0,1,0.0,1
60126,Get Smart (2008),Action|Comedy,3.05,10,0.026785714285714284,0
7647,Noises Off... (1992),Comedy,4.5,1,0.0,1
4719,Osmosis Jones (2001),Action|Animation|Comedy|Crime|Drama|Romance|Thriller,3.4166666666666665,6,0.01488095238095238,0
2834,"Very Thought of You, The (1998)",Comedy|Romance,2.0,2,0.002976190476190476,0
1258,"Shining, The (1980)",Horror,3.7954545454545454,132,0.3898809523809524,0
3405,"Night to Remember, A (1958)",Action|Drama,3.8,5,0.011904761904761904,1
78836,Enter the Void (2009),Drama,3.6666666666666665,3,0.005952380952380952,0
2949,Dr. No (1962),Action|Adventure|Thriller,3.9705882352941178,34,0.09821428571428571,1
69757,(500) Days of Summer (2009),Comedy|Drama|Romance,3.9166666666666665,30,0.0863095238095238,0
2560,Ravenous (1999),Horror|Thriller,3.5,12,0.03273809523809523,0
1459,Absolute Power (1997),Mystery|Thriller,3.4411764705882355,17,0.047619047619047616,0
2116,"Lord of the Rings, The (1978)",Adventure|Animation|Children|Fantasy,3.380952380952381,21,0.05952380952380952,1
2137,Charlotte's Web (1973),Animation|Children,3.5925925925925926,27,0.07738095238095237,1
6979,WarGames (1983),Drama|Sci-Fi|Thriller,3.7083333333333335,24,0.06845238095238095,0
88125,Harry Potter and the Deathly Hallows: Part 2 (2011),Action|Adventure|Drama|Fantasy|Mystery|IMAX,3.891304347826087,23,0.06547619047619047,1
2291,Edward Scissorhands (1990),Drama|Fantasy|Romance,3.7227272727272727,110,0.3244047619047619,1
2424,You've Got Mail (1998),Comedy|Romance,2.984848484848485,66,0.19345238095238096,0
31685,Hitch (2005),Comedy|Romance,3.638888888888889,18,0.050595238095238096,0
3152,"Last Picture Show, The (1971)",Drama,4.277777777777778,9,0.023809523809523808,1
724,"Craft, The (1996)",Drama|Fantasy|Horror|Thriller,3.2916666666666665,36,0.10416666666666666,0
704,"Quest, The (1996)",Action|Adventure,2.8181818181818183,11,0.029761904761904757,0
118512,Bring It On: In It To Win It (2007),Comedy,4.0,1,0.0,1
4499,Dirty Rotten Scoundrels (1988),Comedy,3.65625,16,0.04464285714285714,0
3873,Cat Ballou (1965),Comedy|Western,3.3846153846153846,13,0.03571428571428571,0
2861,For Love of the Game (1999),Comedy|Drama,2.9166666666666665,12,0.03273809523809523,0
3013,Bride of Re-Animator (1990),Comedy|Horror,3.3333333333333335,3,0.005952380952380952,0
1672,"Rainmaker, The (1997)",Drama,3.8421052631578947,19,0.05357142857142856,0
7305,Black Widow (1987),Crime|Drama|Mystery|Thriller,4.25,2,0.002976190476190476,1
6805,Crying Freeman (1995),Action|Crime|Thriller,3.0,1,0.0,0
2108,L.A. Story (1991),Comedy|Romance,3.5945945945945947,37,0.10714285714285714,0
81229,Red (2010),Action|Comedy,4.125,8,0.020833333333333332,1
135,Down Periscope (1996),Comedy,2.6666666666666665,30,0.0863095238095238,0
1844,Live Flesh (Carne trémula) (1997),Drama|Romance,3.8333333333333335,3,0.005952380952380952,1
86320,Melancholia (2011),Drama|Sci-Fi,3.3333333333333335,6,0.01488095238095238,1
7346,"Girl Next Door, The (2004)",Comedy|Romance,3.0714285714285716,14,0.03869047619047619,0
34338,"Aristocrats, The (2005)",Comedy|Documentary,3.0,2,0.002976190476190476,0
2925,"Conformist, The (Conformista, Il) (1970)",Drama,4.6,5,0.011904761904761904,1
4079,Amazon Women on the Moon (1987),Comedy|Sci-Fi,2.8333333333333335,6,0.01488095238095238,0
915,Sabrina (1954),Comedy|Romance,3.86,25,0.07142857142857142,1
62081,Eagle Eye (2008),Action|Crime|Thriller|IMAX,2.8333333333333335,6,0.01488095238095238,0
6754,Underworld (2003),Action|Fantasy|Horror,3.1,20,0.05654761904761904,1
249,Immortal Beloved (1994),Drama|Romance,3.703125,32,0.09226190476190475,1
7367,"Ladykillers, The (2004)",Comedy|Crime,3.1666666666666665,12,0.03273809523809523,0
54734,Sydney White (2007),Comedy,3.375,4,0.008928571428571428,0
1100,Days of Thunder (1990),Action|Drama|Romance,2.6666666666666665,21,0.05952380952380952,0
2513,Pet Sematary (1989),Horror,3.409090909090909,11,0.029761904761904757,0
7420,Viva Las Vegas (1964),Comedy|Musical|Romance,2.8333333333333335,3,0.005952380952380952,0
3524,Arthur (1981),Comedy|Romance,3.0,15,0.04166666666666666,0
4069,"Wedding Planner, The (2001)",Comedy|Romance,2.8181818181818183,22,0.062499999999999986,0
1592,Air Bud (1997),Children|Comedy,3.125,8,0.020833333333333332,1
2531,Battle for the Planet of the Apes (1973),Action|Sci-Fi,2.5,8,0.020833333333333332,0
48412,"Guardian, The (2006)",Action|Adventure|Drama,3.6666666666666665,6,0.01488095238095238,0
4366,Atlantis: The Lost Empire (2001),Adventure|Animation|Children|Fantasy,3.5588235294117645,17,0.047619047619047616,0
1093,"Doors, The (1991)",Drama,3.441860465116279,43,0.12499999999999999,0
25789,Shanghai Express (1932),Adventure|Drama|Romance,5.0,1,0.0,1
7324,Hidalgo (2004),Adventure|Drama,3.392857142857143,14,0.03869047619047619,0
2872,Excalibur (1981),Adventure|Fantasy,3.62,25,0.07142857142857142,0
3701,Alien Nation (1988),Crime|Drama|Sci-Fi|Thriller,3.3666666666666667,15,0.04166666666666666,0
2070,Tender Mercies (1983),Drama|Romance|Western,4.0,10,0.026785714285714284,0
6006,Just Married (2003),Comedy|Romance,2.642857142857143,7,0.017857142857142856,0
2306,Holy Man (1998),Comedy,3.1666666666666665,3,0.005952380952380952,1
1012,Old Yeller (1957),Children|Drama,3.8125,24,0.06845238095238095,0
39715,American Pie Presents: Band Camp (American Pie 4: Band Camp) (2005),Comedy,2.0833333333333335,6,0.01488095238095238,0
34072,"March of the Penguins (Marche de l'empereur, La) (2005)",Documentary,3.923076923076923,13,0.03571428571428571,1
3908,Urban Legends: Final Cut (2000),Horror,2.5,6,0.01488095238095238,0
51255,Hot Fuzz (2007),Action|Comedy|Crime|Mystery,3.972972972972973,37,0.10714285714285714,1
1088,Dirty Dancing (1987),Drama|Musical|Romance,3.0,57,0.16666666666666666,1
2091,Return from Witch Mountain (1978),Children|Sci-Fi,3.111111111111111,9,0.023809523809523808,0
1085,"Old Man and the Sea, The (1958)",Adventure|Drama,3.6666666666666665,6,0.01488095238095238,0
2019,Seven Samurai (Shichinin no samurai) (1954),Action|Adventure|Drama,4.467741935483871,62,0.18154761904761904,1
83302,Last Night (2010),Drama|Romance,4.0,1,0.0,1
7981,Infernal Affairs (Mou gaan dou) (2002),Crime|Drama|Thriller,4.357142857142857,7,0.017857142857142856,1
1619,Seven Years in Tibet (1997),Adventure|Drama|War,3.6857142857142855,35,0.10119047619047618,1
3889,Highlander: Endgame (Highlander IV) (2000),Action|Adventure|Fantasy,2.611111111111111,9,0.023809523809523808,0
4065,Foxy Brown (1974),Action|Crime|Drama,2.75,2,0.002976190476190476,0
41573,"Family Stone, The (2005)",Comedy|Drama|Romance,3.25,6,0.01488095238095238,0
2948,From Russia with Love (1963),Action|Adventure|Thriller,3.828125,32,0.09226190476190475,0
43936,16 Blocks (2006),Crime|Thriller,3.1875,8,0.020833333333333332,0
1044,Surviving Picasso (1996),Drama,4.0,3,0.005952380952380952,0
2710,"Blair Witch Project, The (1999)",Drama|Horror|Thriller,2.8369565217391304,92,0.2708333333333333,1
2087,Peter Pan (1953),Animation|Children|Fantasy|Musical,3.5135135135135136,37,0.10714285714285714,1
946,To Be or Not to Be (1942),Comedy|Drama|War,3.8181818181818183,11,0.029761904761904757,1
6236,Fear Strikes Out (1957),Drama,3.5,1,0.0,0
17,Sense and Sensibility (1995),Drama|Romance,4.025252525252525,99,0.2916666666666667,1
41025,"Good Woman, A (2004)",Comedy|Drama|Romance,4.0,2,0.002976190476190476,1
105579,Zombie Apocalypse (2011),Action|Horror|Sci-Fi,1.0,1,0.0,0
1392,Citizen Ruth (1996),Comedy|Drama,3.5,9,0.023809523809523808,1
405,Highlander III: The Sorcerer (a.k.a. Highlander: The Final Dimension) (1994),Action|Fantasy,2.433333333333333,15,0.04166666666666666,1
1350,"Omen, The (1976)",Horror|Mystery|Thriller,3.5,25,0.07142857142857142,0
8626,Dr. Terror's House of Horrors (1965),Horror|Sci-Fi,2.5,1,0.0,0
6537,Terminator 3: Rise of the Machines (2003),Action|Adventure|Sci-Fi,3.1666666666666665,48,0.13988095238095238,0
33072,F for Fake (Vérités et mensonges) (1973),Documentary|Mystery,3.5,1,0.0,0
4317,Love Potion #9 (1992),Comedy|Romance,3.25,2,0.002976190476190476,0
4898,Novocaine (2001),Comedy|Crime|Mystery|Thriller,4.0,1,0.0,1
2851,Saturn 3 (1980),Adventure|Sci-Fi|Thriller,3.375,4,0.008928571428571428,1
59336,Redbelt (2008),Action|Drama,3.8333333333333335,3,0.005952380952380952,1
62801,Lone Wolf and Cub: Baby Cart to Hades (Kozure Ôkami: Shinikazeni mukau ubaguruma) (1972),Action|Drama,4.0,1,0.0,1
3744,Shaft (2000),Action|Crime|Thriller,2.45,10,0.026785714285714284,0
8011,"Weather Underground, The (2002)",Documentary,3.75,2,0.002976190476190476,1
58295,"Bank Job, The (2008)",Action|Crime|Thriller,3.65,10,0.026785714285714284,1
2456,"Fly II, The (1989)",Horror|Sci-Fi,2.142857142857143,7,0.017857142857142856,0
1333,"Birds, The (1963)",Horror|Thriller,3.6944444444444446,54,0.15773809523809523,1
2279,Urban Legend (1998),Horror|Thriller,2.7666666666666666,15,0.04166666666666666,0
34542,Grizzly Man (2005),Documentary,3.4285714285714284,7,0.017857142857142856,0
4128,"Lost Boys, The (1987)",Comedy|Horror|Thriller,3.515151515151515,33,0.09523809523809523,1
785,Kingpin (1996),Comedy,3.2653061224489797,49,0.14285714285714285,0
5502,Signs (2002),Horror|Sci-Fi|Thriller,3.209090909090909,55,0.16071428571428573,0
3108,"Fisher King, The (1991)",Comedy|Drama|Fantasy|Romance,3.7794117647058822,34,0.09821428571428571,1
2038,"Cat from Outer Space, The (1978)",Children|Comedy|Sci-Fi,3.142857142857143,7,0.017857142857142856,0
853,Dingo (1991),Drama,1.0,1,0.0,0
4610,"January Man, The (1989)",Comedy|Crime|Mystery|Thriller,3.5,1,0.0,0
1932,"Great Ziegfeld, The (1936)",Drama|Musical,2.75,4,0.008928571428571428,0
122,Boomerang (1992),Comedy|Romance,2.96875,16,0.04464285714285714,0
5852,Saturday the 14th (1981),Comedy|Horror,2.0,1,0.0,0
6370,"Spanish Apartment, The (L'auberge espagnole) (2002)",Comedy|Drama|Romance,3.6363636363636362,11,0.029761904761904757,1
41285,Match Point (2005),Crime|Drama|Romance,4.136363636363637,11,0.029761904761904757,1
4210,Manhunter (1986),Action|Crime|Drama|Horror|Thriller,3.0833333333333335,6,0.01488095238095238,0
2561,True Crime (1999),Crime|Thriller,3.0555555555555554,9,0.023809523809523808,0
6337,Owning Mahowny (2003),Crime|Drama|Thriller,2.25,2,0.002976190476190476,0
2565,"King and I, The (1956)",Drama|Musical|Romance,3.6538461538461537,13,0.03571428571428571,1
44633,"Devil and Daniel Johnston, The (2005)",Documentary,3.75,2,0.002976190476190476,1
1689,"Man Who Knew Too Little, The (1997)",Comedy|Crime|Thriller,3.0,8,0.020833333333333332,1
108795,Wonder Woman (2009),Action|Adventure|Animation|Fantasy,5.0,1,0.0,1
4721,American Outlaws (2001),Action|Comedy|Western,2.25,6,0.01488095238095238,0
5955,Antwone Fisher (2002),Drama,4.0,8,0.020833333333333332,1
7786,Genghis Blues (1999),Documentary,4.0,1,0.0,1
1907,Mulan (1998),Adventure|Animation|Children|Comedy|Drama|Musical|Romance,3.519230769230769,26,0.0744047619047619,0
762,Striptease (1996),Comedy|Crime,2.2788461538461537,52,0.1517857142857143,0
4615,Last Exit to Brooklyn (1989),Drama,3.8333333333333335,3,0.005952380952380952,1
3576,"Hidden, The (1987)",Action|Horror|Sci-Fi,3.0833333333333335,6,0.01488095238095238,1
6966,Darkman (1990),Action|Crime|Fantasy|Sci-Fi|Thriller,3.4375,8,0.020833333333333332,1
7007,"Last Boy Scout, The (1991)",Action|Comedy|Crime|Drama|Thriller,2.75,4,0.008928571428571428,0
1078,Bananas (1971),Comedy|War,3.8541666666666665,24,0.06845238095238095,0
2138,Watership Down (1978),Adventure|Animation|Children|Drama|Fantasy,3.5277777777777777,18,0.050595238095238096,0
491,"Man Without a Face, The (1993)",Drama,3.5606060606060606,33,0.09523809523809523,0
2745,"Mission, The (1986)",Drama,4.0,12,0.03273809523809523,0
2421,"Karate Kid, Part II, The (1986)",Action|Adventure|Drama,2.6451612903225805,31,0.08928571428571427,0
1342,Candyman (1992),Horror|Thriller,2.75,16,0.04464285714285714,0
277,Miracle on 34th Street (1994),Drama,3.4,40,0.11607142857142856,1
2717,Ghostbusters II (1989),Comedy|Fantasy|Sci-Fi,2.8513513513513513,37,0.10714285714285714,0
2122,Children of the Corn (1984),Horror|Thriller,2.7916666666666665,12,0.03273809523809523,0
514,"Ref, The (1994)",Comedy,3.45,20,0.05654761904761904,1
63859,Bolt (2008),Action|Adventure|Animation|Children|Comedy,3.642857142857143,7,0.017857142857142856,0
45186,Mission: Impossible III (2006),Action|Adventure|Thriller,3.4705882352941178,17,0.047619047619047616,0
27815,"Chorus, The (Choristes, Les) (2004)",Drama,3.8125,8,0.020833333333333332,1
663,Kids in the Hall: Brain Candy (1996),Comedy,3.411764705882353,17,0.047619047619047616,0
1081,Victor/Victoria (1982),Comedy|Musical|Romance,3.4047619047619047,21,0.05952380952380952,0
44397,"Hills Have Eyes, The (2006)",Drama|Horror|Thriller,2.9,5,0.011904761904761904,0
64622,"Reader, The (2008)",Drama|Romance,4.0,10,0.026785714285714284,1
4299,"Knight's Tale, A (2001)",Action|Comedy|Romance,3.3484848484848486,33,0.09523809523809523,0
3809,What About Bob? (1991),Comedy,3.046875,32,0.09226190476190475,0
8969,Bridget Jones: The Edge of Reason (2004),Comedy|Drama|Romance,2.6666666666666665,15,0.04166666666666666,0
61449,"Burning Plain, The (2008)",Drama|Romance,2.0,1,0.0,0
4571,Bill & Ted's Excellent Adventure (1989),Adventure|Comedy|Sci-Fi,3.3947368421052633,38,0.1101190476190476,0
67788,Confessions of a Shopaholic (2009),Comedy|Romance,4.0,2,0.002976190476190476,0
5460,"Powerpuff Girls, The (2002)",Action|Animation|Children|Comedy,4.0,2,0.002976190476190476,0
1301,Forbidden Planet (1956),Drama|Sci-Fi,4.5588235294117645,17,0.047619047619047616,1
43914,Winter Passing (2005),Drama,2.75,2,0.002976190476190476,0
2081,"Little Mermaid, The (1989)",Animation|Children|Comedy|Musical|Romance,3.4,80,0.23511904761904762,1
6975,Funny Games (1997),Drama|Horror|Thriller,4.0,4,0.008928571428571428,1
33493,Star Wars: Episode III - Revenge of the Sith (2005),Action|Adventure|Sci-Fi,3.4745762711864407,59,0.17261904761904762,0
6322,Confidence (2003),Crime|Thriller,3.75,6,0.01488095238095238,1
27193,Taxi 2 (2000),Action|Comedy,2.5,3,0.005952380952380952,0
1840,He Got Game (1998),Drama,3.625,8,0.020833333333333332,1
637,Sgt. Bilko (1996),Comedy,2.732142857142857,28,0.08035714285714285,0
7842,Dune (2000),Drama|Fantasy|Sci-Fi,4.083333333333333,12,0.03273809523809523,1
1978,Friday the 13th Part V: A New Beginning (1985),Horror,1.8125,8,0.020833333333333332,0
54999,Shoot 'Em Up (2007),Action|Comedy|Crime,3.5,5,0.011904761904761904,1
25911,"Woman in the Window, The (1944)",Crime|Film-Noir|Thriller,5.0,1,0.0,1
3917,Hellraiser (1987),Horror,3.3333333333333335,12,0.03273809523809523,0
4356,Gentlemen Prefer Blondes (1953),Comedy|Musical|Romance,3.7,5,0.011904761904761904,1
4480,"Blob, The (1988)",Horror|Sci-Fi,3.4285714285714284,7,0.017857142857142856,1
52328,Sunshine (2007),Adventure|Drama|Sci-Fi|Thriller,4.0,15,0.04166666666666666,0
711,Flipper (1996),Adventure|Children,2.7142857142857144,21,0.05952380952380952,0
106100,Dallas Buyers Club (2013),Drama,3.4444444444444446,9,0.023809523809523808,0
103723,Mean Girls 2 (2011),Comedy,1.75,2,0.002976190476190476,0
60137,"Rape of Europa, The (2006)",Documentary,3.5,1,0.0,0
169,Free Willy 2: The Adventure Home (1995),Adventure|Children|Drama,2.0952380952380953,21,0.05952380952380952,0
8399,We're Not Married! (1952),Comedy|Romance,3.0,1,0.0,0
26326,"Holy Mountain, The (Montaña sagrada, La) (1973)",Drama,4.5,3,0.005952380952380952,1
1290,Some Kind of Wonderful (1987),Drama|Romance,3.5384615384615383,13,0.03571428571428571,0
4383,"Crimson Rivers, The (Rivières pourpres, Les) (2000)",Crime|Drama|Mystery|Thriller,3.7,5,0.011904761904761904,0
6296,"Mighty Wind, A (2003)",Comedy|Musical,3.6666666666666665,15,0.04166666666666666,0
89492,Moneyball (2011),Drama,4.03125,16,0.04464285714285714,1
3273,Scream 3 (2000),Comedy|Horror|Mystery|Thriller,2.4444444444444446,36,0.10416666666666666,0
6993,Hannah and Her Sisters (1986),Comedy|Drama|Romance,3.7142857142857144,14,0.03869047619047619,0
2504,200 Cigarettes (1999),Comedy|Drama,2.6666666666666665,9,0.023809523809523808,1
70293,Julie & Julia (2009),Comedy|Drama|Romance,4.0,2,0.002976190476190476,1
6708,Matchstick Men (2003),Comedy|Crime|Drama,3.3275862068965516,29,0.08333333333333333,1
5444,Lilo & Stitch (2002),Adventure|Animation|Children|Sci-Fi,3.4038461538461537,26,0.0744047619047619,0
4029,State and Main (2000),Comedy|Drama,3.75,18,0.050595238095238096,1
1885,"Opposite of Sex, The (1998)",Comedy|Drama|Romance,3.706896551724138,29,0.08333333333333333,1
8574,"Claymation Christmas Celebration, A (1987)",Animation|Children|Comedy|Musical,4.0,1,0.0,1
57532,Meet the Spartans (2008),Comedy,0.5,1,0.0,0
709,Oliver & Company (1988),Adventure|Animation|Children|Comedy|Musical,3.0555555555555554,18,0.050595238095238096,1
7505,"Kingdom, The (Riget) (1994)",Drama|Horror|Mystery,5.0,2,0.002976190476190476,1
4814,Don't Say a Word (2001),Thriller,3.2,5,0.011904761904761904,0
531,"Secret Garden, The (1993)",Children|Drama,3.4767441860465116,43,0.12499999999999999,1
259,Kiss of Death (1995),Crime|Drama|Thriller,3.0,5,0.011904761904761904,0
206,Unzipped (1995),Documentary,2.5,2,0.002976190476190476,1
55814,"Diving Bell and the Butterfly, The (Scaphandre et le papillon, Le) (2007)",Drama,3.8,10,0.026785714285714284,0
3802,Freejack (1992),Action|Sci-Fi,2.375,8,0.020833333333333332,0
667,Bloodsport 2 (a.k.a. Bloodsport II: The Next Kumite) (1996),Action,2.8,5,0.011904761904761904,0
8807,Harold and Kumar Go to White Castle (2004),Adventure|Comedy,3.55,20,0.05654761904761904,1
2393,Star Trek: Insurrection (1998),Action|Drama|Romance|Sci-Fi,3.2903225806451615,31,0.08928571428571427,1
4494,Critters 3 (1991),Comedy|Sci-Fi,1.5,1,0.0,0
435,Coneheads (1993),Comedy|Sci-Fi,2.6619718309859155,71,0.20833333333333334,0
3005,"Bone Collector, The (1999)",Thriller,3.3125,32,0.09226190476190475,1
26084,"Music Man, The (1962)",Children|Comedy|Musical|Romance,3.5714285714285716,7,0.017857142857142856,0
6619,Uptown Girls (2003),Comedy,2.5,3,0.005952380952380952,0
697,Feeling Minnesota (1996),Drama|Romance,2.0,5,0.011904761904761904,0
2495,"Fantastic Planet, The (Planète sauvage, La) (1973)",Animation|Sci-Fi,3.0,7,0.017857142857142856,0
45720,"Devil Wears Prada, The (2006)",Comedy|Drama,3.4,20,0.05654761904761904,0
69122,"Hangover, The (2009)",Comedy|Crime,3.6486486486486487,37,0.10714285714285714,1
32291,Melinda and Melinda (2004),Comedy|Drama,2.857142857142857,7,0.017857142857142856,0
4103,Empire of the Sun (1987),Action|Adventure|Drama|War,4.0,20,0.05654761904761904,1
3480,Lucas (1986),Drama|Romance,2.7777777777777777,9,0.023809523809523808,0
91077,"Descendants, The (2011)",Comedy|Drama,3.7,5,0.011904761904761904,1
3360,Hoosiers (a.k.a. Best Shot) (1986),Drama|Romance,3.88,25,0.07142857142857142,0
2992,Rawhead Rex (1986),Horror|Thriller,1.9,5,0.011904761904761904,0
933,To Catch a Thief (1955),Crime|Mystery|Romance|Thriller,4.025,20,0.05654761904761904,1
3993,Quills (2000),Drama|Romance,3.6363636363636362,11,0.029761904761904757,0
1227,Once Upon a Time in America (1984),Crime|Drama,4.052631578947368,19,0.05357142857142856,0
2325,Orgazmo (1997),Comedy,3.4444444444444446,9,0.023809523809523808,0
46530,Superman Returns (2006),Action|Adventure|Sci-Fi|IMAX,3.217391304347826,23,0.06547619047619047,1
4369,"Fast and the Furious, The (2001)",Action|Crime|Thriller,3.051282051282051,39,0.11309523809523808,0
7778,"Unsaid, The (2001)",Crime|Drama|Mystery,2.0,1,0.0,0
3686,Flatliners (1990),Horror|Sci-Fi|Thriller,3.423076923076923,13,0.03571428571428571,1
3763,F/X (1986),Action|Crime|Thriller,3.5789473684210527,19,0.05357142857142856,0
6664,Commando (1985),Action|Adventure,3.1666666666666665,9,0.023809523809523808,1
49220,For Your Consideration (2006),Comedy,2.1666666666666665,3,0.005952380952380952,0
4113,"Glass Menagerie, The (1987)",Drama,3.0,2,0.002976190476190476,0
49396,Tenacious D in The Pick of Destiny (2006),Adventure|Comedy|Musical,3.25,6,0.01488095238095238,1
5013,Gosford Park (2001),Comedy|Drama|Mystery,3.514705882352941,34,0.09821428571428571,0
1975,Friday the 13th Part 2 (1981),Horror,2.8333333333333335,6,0.01488095238095238,0
1244,Manhattan (1979),Comedy|Drama|Romance,4.257142857142857,35,0.10119047619047618,1
2083,"Muppet Christmas Carol, The (1992)",Children|Comedy|Musical,3.473684210526316,19,0.05357142857142856,0
55267,Dan in Real Life (2007),Comedy|Drama|Romance,3.611111111111111,9,0.023809523809523808,1
4220,"Longest Yard, The (1974)",Comedy,3.375,4,0.008928571428571428,0
32596,Sahara (2005),Action|Adventure|Comedy,2.9,5,0.011904761904761904,0
2064,Roger & Me (1989),Documentary,3.7241379310344827,29,0.08333333333333333,1
44709,Akeelah and the Bee (2006),Drama,4.166666666666667,3,0.005952380952380952,1
27478,Ali G Indahouse (2002),Comedy,2.1666666666666665,3,0.005952380952380952,0
8864,Mr. 3000 (2004),Comedy|Drama,4.0,1,0.0,1
1626,Fire Down Below (1997),Action|Drama|Thriller,2.2,5,0.011904761904761904,0
2428,"Faculty, The (1998)",Horror|Sci-Fi,2.5217391304347827,23,0.06547619047619047,0
55363,"Assassination of Jesse James by the Coward Robert Ford, The (2007)",Crime|Drama|Western,3.125,12,0.03273809523809523,0
233,Exotica (1994),Drama,3.65625,16,0.04464285714285714,1
4094,Critical Condition (1987),Comedy,4.0,1,0.0,1
1096,Sophie's Choice (1982),Drama,3.888888888888889,18,0.050595238095238096,1
2611,"Winslow Boy, The (1999)",Drama,4.375,8,0.020833333333333332,1
1277,Cyrano de Bergerac (1990),Comedy|Drama|Romance,3.8333333333333335,24,0.06845238095238095,1
4146,"Million Dollar Hotel, The (2001)",Drama|Mystery|Romance,3.6666666666666665,3,0.005952380952380952,1
538,Six Degrees of Separation (1993),Drama,3.574074074074074,27,0.07738095238095237,0
3430,Death Wish (1974),Action|Crime|Drama,3.0625,8,0.020833333333333332,0
46723,Babel (2006),Drama|Thriller,3.857142857142857,21,0.05952380952380952,1
3849,"Spiral Staircase, The (1946)",Thriller,4.0,2,0.002976190476190476,1
1686,Red Corner (1997),Crime|Thriller,3.0,5,0.011904761904761904,0
3174,Man on the Moon (1999),Comedy|Drama,3.6973684210526314,38,0.1101190476190476,0
80463,"Social Network, The (2010)",Drama,3.890625,32,0.09226190476190475,0
1150,"Return of Martin Guerre, The (Retour de Martin Guerre, Le) (1982)",Drama,3.9,10,0.026785714285714284,1
6059,"Recruit, The (2003)",Action|Thriller,3.6,10,0.026785714285714284,1
5152,We Were Soldiers (2002),Action|Drama|War,3.5,13,0.03571428571428571,0
6213,Tears of the Sun (2003),Action|Drama|Thriller,3.0,9,0.023809523809523808,0
40732,"Descent, The (2005)",Adventure|Drama|Horror|Thriller,3.5,10,0.026785714285714284,1
537,Sirens (1994),Drama,3.0,13,0.03571428571428571,0
1888,Hope Floats (1998),Comedy|Drama|Romance,3.1333333333333333,15,0.04166666666666666,0
2476,Heartbreak Ridge (1986),Action|War,3.107142857142857,14,0.03869047619047619,0
1949,"Man for All Seasons, A (1966)",Drama,4.153846153846154,13,0.03571428571428571,1
61132,Tropic Thunder (2008),Action|Adventure|Comedy|War,3.7222222222222223,18,0.050595238095238096,1
4727,Captain Corelli's Mandolin (2001),Drama|Romance|War,2.7222222222222223,9,0.023809523809523808,0
6785,Seven Brides for Seven Brothers (1954),Comedy|Musical|Romance|Western,3.6666666666666665,3,0.005952380952380952,0
1190,Tie Me Up! Tie Me Down! (¡Átame!) (1990),Crime|Drama|Romance,3.625,8,0.020833333333333332,0
2357,Central Station (Central do Brasil) (1998),Drama,3.7222222222222223,9,0.023809523809523808,0
1324,Amityville: Dollhouse (1996),Horror,1.6666666666666667,3,0.005952380952380952,0
3087,Scrooged (1988),Comedy|Fantasy|Romance,3.2413793103448274,29,0.08333333333333333,1
1202,Withnail & I (1987),Comedy,3.8076923076923075,13,0.03571428571428571,1
6350,Laputa: Castle in the Sky (Tenkû no shiro Rapyuta) (1986),Action|Adventure|Animation|Children|Fantasy|Sci-Fi,4.107142857142857,28,0.08035714285714285,0
1260,M (1931),Crime|Film-Noir|Thriller,4.113636363636363,22,0.062499999999999986,0
1545,Ponette (1996),Drama,4.125,4,0.008928571428571428,1
8972,National Treasure (2004),Action|Adventure|Drama|Mystery|Thriller,3.4516129032258065,31,0.08928571428571427,0
184,Nadja (1994),Drama,3.8333333333333335,6,0.01488095238095238,1
4321,City Slickers (1991),Comedy|Western,3.661290322580645,31,0.08928571428571427,1
50005,Curse of the Golden Flower (Man cheng jin dai huang jin jia) (2006),Action|Drama,3.0,2,0.002976190476190476,0
1884,Fear and Loathing in Las Vegas (1998),Adventure|Comedy|Drama,3.985294117647059,34,0.09821428571428571,1
48385,Borat: Cultural Learnings of America for Make Benefit Glorious Nation of Kazakhstan (2006),Comedy,3.6481481481481484,54,0.15773809523809523,0
688,Operation Dumbo Drop (1995),Action|Adventure|Comedy|War,2.477272727272727,22,0.062499999999999986,0
2080,Lady and the Tramp (1955),Animation|Children|Comedy|Romance,3.566666666666667,45,0.13095238095238096,0
7149,Something's Gotta Give (2003),Comedy|Drama|Romance,3.107142857142857,14,0.03869047619047619,1
5205,Motel Hell (1980),Comedy|Horror,3.0,1,0.0,0
2375,"Money Pit, The (1986)",Comedy,2.84375,16,0.04464285714285714,0
9010,Love Me If You Dare (Jeux d'enfants) (2003),Drama|Romance,4.75,2,0.002976190476190476,1
54995,Planet Terror (2007),Action|Horror|Sci-Fi,3.84375,16,0.04464285714285714,0
1251,8 1/2 (8½) (1963),Drama|Fantasy,3.630434782608696,23,0.06547619047619047,0
2027,Jane Austen's Mafia! (1998),Comedy|Crime,2.9166666666666665,6,0.01488095238095238,0
104218,Grown Ups 2 (2013),Comedy,1.75,2,0.002976190476190476,0
51935,Shooter (2007),Action|Drama|Thriller,3.772727272727273,11,0.029761904761904757,1
3729,Shaft (1971),Action|Crime|Drama|Thriller,3.0,5,0.011904761904761904,0
4673,Tango & Cash (1989),Action|Comedy|Crime|Thriller,2.3666666666666667,15,0.04166666666666666,0
61024,Pineapple Express (2008),Action|Comedy|Crime,3.1363636363636362,11,0.029761904761904757,0
5991,Chicago (2002),Comedy|Crime|Drama|Musical,3.6363636363636362,44,0.12797619047619047,0
5475,Z (1969),Drama|Mystery|Thriller,3.6666666666666665,3,0.005952380952380952,0
1094,"Crying Game, The (1992)",Drama|Romance|Thriller,3.795918367346939,49,0.14285714285714285,1
4224,Exit Wounds (2001),Action|Thriller,2.0,5,0.011904761904761904,0
3840,Pumpkinhead (1988),Horror,3.6666666666666665,3,0.005952380952380952,0
4168,Get Over It (2001),Comedy|Romance,2.75,4,0.008928571428571428,0
27808,Spanglish (2004),Comedy|Drama|Romance,3.5,13,0.03571428571428571,0
1788,Men with Guns (1997),Action|Drama,4.166666666666667,6,0.01488095238095238,1
44613,Take the Lead (2006),Drama,3.0,1,0.0,0
55908,"Man from Earth, The (2007)",Drama|Sci-Fi,4.208333333333333,12,0.03273809523809523,0
761,"Phantom, The (1996)",Action|Adventure,3.09375,16,0.04464285714285714,1
446,Farewell My Concubine (Ba wang bie ji) (1993),Drama|Romance,3.625,16,0.04464285714285714,1
3979,Little Nicky (2000),Comedy,2.375,20,0.05654761904761904,0
455,Free Willy (1993),Adventure|Children|Drama,2.6875,40,0.11607142857142856,1
2927,Brief Encounter (1946),Drama|Romance,4.166666666666667,9,0.023809523809523808,1
3404,Titanic (1953),Action|Drama,3.0,8,0.020833333333333332,1
4124,Jaws: The Revenge (1987),Horror|Thriller,1.4,5,0.011904761904761904,0
1970,"Nightmare on Elm Street 3: Dream Warriors, A (1987)",Horror|Thriller,2.375,12,0.03273809523809523,0
47200,Crank (2006),Action|Thriller,2.7777777777777777,9,0.023809523809523808,0
3507,"Odd Couple, The (1968)",Comedy,4.0588235294117645,17,0.047619047619047616,1
5110,Super Troopers (2001),Comedy|Crime|Mystery,3.8181818181818183,22,0.062499999999999986,1
6587,Gigli (2003),Comedy|Crime|Romance,0.8333333333333334,3,0.005952380952380952,0
79293,Salt (2010),Action|Thriller,3.0833333333333335,6,0.01488095238095238,0
5291,Rashomon (Rashômon) (1950),Crime|Drama|Mystery,3.775,20,0.05654761904761904,1
7728,"Postman Always Rings Twice, The (1946)",Crime|Drama|Film-Noir|Thriller,3.5,2,0.002976190476190476,0
100,City Hall (1996),Drama|Thriller,3.217391304347826,23,0.06547619047619047,0
164,Devil in a Blue Dress (1995),Crime|Film-Noir|Mystery|Thriller,3.5,21,0.05952380952380952,0
3984,Diamonds Are Forever (1971),Action|Adventure|Thriller,4.115384615384615,13,0.03571428571428571,1
1499,Anaconda (1997),Action|Adventure|Thriller,2.396551724137931,29,0.08333333333333333,0
47610,"Illusionist, The (2006)",Drama|Fantasy|Mystery|Romance,3.948717948717949,39,0.11309523809523808,0
7438,Kill Bill: Vol. 2 (2004),Action|Drama|Thriller,3.974747474747475,99,0.2916666666666667,1
4102,Eddie Murphy Raw (1987),Comedy|Documentary,3.75,4,0.008928571428571428,1
7360,Dawn of the Dead (2004),Action|Drama|Horror|Thriller,3.7222222222222223,27,0.07738095238095237,0
6297,Holes (2003),Adventure|Children|Comedy|Mystery,3.4411764705882355,17,0.047619047619047616,0
4577,Casualties of War (1989),Drama|War,2.5,2,0.002976190476190476,0
1731,Mr. Magoo (1997),Comedy,1.5833333333333333,6,0.01488095238095238,0
2891,"Happy, Texas (1999)",Comedy,3.2777777777777777,9,0.023809523809523808,0
2711,My Life So Far (1999),Drama,3.3333333333333335,3,0.005952380952380952,1
2795,National Lampoon's Vacation (1983),Comedy,3.9166666666666665,24,0.06845238095238095,1
2013,"Poseidon Adventure, The (1972)",Action|Adventure|Drama,3.433333333333333,30,0.0863095238095238,1
5669,Bowling for Columbine (2002),Documentary,3.712962962962963,54,0.15773809523809523,1
4246,Bridget Jones's Diary (2001),Comedy|Drama|Romance,3.397727272727273,44,0.12797619047619047,1
6217,"Safety of Objects, The (2001)",Drama,3.0,2,0.002976190476190476,0
6773,"Triplets of Belleville, The (Les triplettes de Belleville) (2003)",Animation|Comedy|Fantasy,3.8260869565217392,23,0.06547619047619047,1
33124,Before the Fall (NaPolA - Elite für den Führer) (2004),Drama|War,4.25,2,0.002976190476190476,1
95628,Red's Dream (1987),Animation|Children,3.5,1,0.0,0
33158,xXx: State of the Union (2005),Action|Crime|Thriller,2.5,3,0.005952380952380952,0
4713,Altered States (1980),Drama|Sci-Fi,3.1818181818181817,11,0.029761904761904757,1
20,Money Train (1995),Action|Comedy|Crime|Drama|Thriller,2.7666666666666666,15,0.04166666666666666,0
83374,"Warrior's Way, The (2010)",Action|Fantasy|Western,2.5,1,0.0,0
8957,Saw (2004),Horror|Mystery|Thriller,3.138888888888889,36,0.10416666666666666,0
519,RoboCop 3 (1993),Action|Crime|Drama|Sci-Fi|Thriller,2.5,24,0.06845238095238095,0
6503,Charlie's Angels: Full Throttle (2003),Action|Adventure|Comedy|Crime|Thriller,2.619047619047619,21,0.05952380952380952,0
68952,Drag Me to Hell (2009),Comedy|Horror,3.0714285714285716,7,0.017857142857142856,0
1614,In & Out (1997),Comedy,3.230769230769231,13,0.03571428571428571,1
30820,"Woodsman, The (2004)",Drama,3.5,4,0.008928571428571428,1
1962,Driving Miss Daisy (1989),Drama,3.6710526315789473,38,0.1101190476190476,1
35347,Animal Farm (1954),Animation|Drama,4.0,2,0.002976190476190476,1
97,"Hate (Haine, La) (1995)",Crime|Drama,3.7916666666666665,12,0.03273809523809523,1
1810,Primary Colors (1998),Comedy|Drama,3.763157894736842,19,0.05357142857142856,1
2579,Following (1998),Crime|Mystery|Thriller,4.285714285714286,7,0.017857142857142856,1
81932,"Fighter, The (2010)",Drama,3.9166666666666665,18,0.050595238095238096,1
109733,Captain EO (1986),Adventure|Children|Comedy|Musical|Sci-Fi,3.0,1,0.0,0
3661,Puppet Master II (1991),Horror|Sci-Fi|Thriller,1.625,4,0.008928571428571428,0
3629,"Gold Rush, The (1925)",Adventure|Comedy|Romance,4.1,10,0.026785714285714284,1
7451,Mean Girls (2004),Comedy,3.4193548387096775,31,0.08928571428571427,1
1468,Booty Call (1997),Comedy|Romance,2.55,10,0.026785714285714284,0
8129,Sex: The Annabel Chong Story (1999),Documentary,3.5,1,0.0,0
9,Sudden Death (1995),Action,2.98,25,0.07142857142857142,0
2159,Henry: Portrait of a Serial Killer (1986),Crime|Horror|Thriller,2.5,8,0.020833333333333332,1
7837,36 fillette (1988),Drama|Romance,2.5,1,0.0,0
3252,Scent of a Woman (1992),Drama,3.6875,32,0.09226190476190475,1
105504,Captain Phillips (2013),Adventure|Drama|Thriller|IMAX,4.0,3,0.005952380952380952,1
2862,Caligula (1979),Drama,3.2,10,0.026785714285714284,0
98373,Step Up Revolution (2012),Musical,4.0,1,0.0,1
3363,American Graffiti (1973),Comedy|Drama,4.068965517241379,29,0.08333333333333333,0
1013,"Parent Trap, The (1961)",Children|Comedy|Romance,3.2916666666666665,24,0.06845238095238095,0
6093,"Last Unicorn, The (1982)",Animation|Children|Fantasy,2.6,5,0.011904761904761904,0
51471,Amazing Grace (2006),Drama|Romance,3.8333333333333335,3,0.005952380952380952,0
172,Johnny Mnemonic (1995),Action|Sci-Fi|Thriller,2.5660377358490565,53,0.15476190476190477,1
423,Blown Away (1994),Action|Thriller,2.8333333333333335,12,0.03273809523809523,0
2450,Howard the Duck (1986),Adventure|Comedy|Sci-Fi,2.0217391304347827,23,0.06547619047619047,0
3719,Love's Labour's Lost (2000),Comedy|Romance,3.1666666666666665,6,0.01488095238095238,0
1263,"Deer Hunter, The (1978)",Drama|War,4.089285714285714,56,0.1636904761904762,1
610,Heavy Metal (1981),Action|Adventure|Animation|Horror|Sci-Fi,3.5285714285714285,35,0.10119047619047618,0
213,Burnt by the Sun (Utomlyonnye solntsem) (1994),Drama,3.6666666666666665,9,0.023809523809523808,1
921,My Favorite Year (1982),Comedy,3.5,5,0.011904761904761904,1
48997,Perfume: The Story of a Murderer (2006),Crime|Drama|Thriller,4.0,13,0.03571428571428571,1
569,Little Big League (1994),Comedy|Drama,2.642857142857143,7,0.017857142857142856,1
71,Fair Game (1995),Action,2.4166666666666665,6,0.01488095238095238,1
3093,McCabe & Mrs. Miller (1971),Drama|Western,3.4166666666666665,12,0.03273809523809523,1
2615,My Science Project (1985),Adventure|Sci-Fi,2.75,8,0.020833333333333332,0
1979,Friday the 13th Part VI: Jason Lives (1986),Horror,2.0,7,0.017857142857142856,0
3536,Keeping the Faith (2000),Comedy|Drama|Romance,3.357142857142857,14,0.03869047619047619,0
4007,Wall Street (1987),Drama,3.673076923076923,26,0.0744047619047619,1
5014,I Am Sam (2001),Drama,3.65,20,0.05654761904761904,0
1834,"Spanish Prisoner, The (1997)",Crime|Drama|Mystery|Thriller,3.4318181818181817,22,0.062499999999999986,1
83590,Zotz! (1962),Comedy|Fantasy|Horror,1.5,1,0.0,0
3554,Love and Basketball (2000),Drama|Romance,2.9285714285714284,7,0.017857142857142856,0
3019,Drugstore Cowboy (1989),Crime|Drama,3.9761904761904763,21,0.05952380952380952,0
3998,Proof of Life (2000),Drama,3.0,16,0.04464285714285714,0
4207,Navy Seals (1990),Action|Adventure|War,2.7857142857142856,7,0.017857142857142856,0
3602,G. I. Blues (1960),Comedy|Musical|Romance,2.0,1,0.0,0
91371,Rampart (2011),Action|Crime|Drama|Thriller,3.5,1,0.0,0
533,"Shadow, The (1994)",Action|Adventure|Fantasy|Mystery,3.0,13,0.03571428571428571,1
3807,Sinbad and the Eye of the Tiger (1977),Adventure|Fantasy,2.5,1,0.0,0
3869,"Naked Gun 2 1/2: The Smell of Fear, The (1991)",Comedy,2.8043478260869565,23,0.06547619047619047,0
1495,Turbo: A Power Rangers Movie (1997),Action|Adventure|Children,2.25,4,0.008928571428571428,0
1688,Anastasia (1997),Adventure|Animation|Children|Drama|Musical,3.933333333333333,15,0.04166666666666666,0
8580,Into the Woods (1991),Adventure|Comedy|Fantasy|Musical,4.166666666666667,6,0.01488095238095238,1
58103,Vantage Point (2008),Action|Drama|Thriller,3.2857142857142856,7,0.017857142857142856,1
77561,Iron Man 2 (2010),Action|Adventure|Sci-Fi|Thriller|IMAX,3.52,25,0.07142857142857142,0
8831,Suspect Zero (2004),Crime|Thriller,2.8333333333333335,3,0.005952380952380952,0
3169,"Falcon and the Snowman, The (1985)",Drama|Thriller,3.25,8,0.020833333333333332,0
55253,"Lust, Caution (Se, jie) (2007)",Drama|Romance|Thriller|War,4.375,4,0.008928571428571428,1
5694,Staying Alive (1983),Comedy|Drama|Musical,1.6666666666666667,3,0.005952380952380952,0
71579,"Education, An (2009)",Drama|Romance,4.0,4,0.008928571428571428,1
5011,Charlotte Gray (2001),Drama|Romance,3.5,5,0.011904761904761904,1
47640,Beerfest (2006),Comedy,3.3333333333333335,3,0.005952380952380952,0
33166,Crash (2004),Crime|Drama,3.7641509433962264,53,0.15476190476190477,1
3509,Black and White (1999),Drama,3.3333333333333335,3,0.005952380952380952,0
1586,G.I. Jane (1997),Action|Drama,2.8225806451612905,31,0.08928571428571427,0
314,"Secret of Roan Inish, The (1994)",Children|Drama|Fantasy|Mystery,3.6666666666666665,18,0.050595238095238096,1
2360,"Celebration, The (Festen) (1998)",Drama,4.538461538461538,13,0.03571428571428571,1
36401,"Brothers Grimm, The (2005)",Comedy|Fantasy|Horror|Thriller,2.6333333333333333,15,0.04166666666666666,0
45672,Click (2006),Adventure|Comedy|Drama|Fantasy|Romance,3.269230769230769,13,0.03571428571428571,1
79533,"Bugs Bunny / Road Runner Movie, The (a.k.a. The Great American Chase) (1979)",Animation|Children|Comedy,1.0,1,0.0,0
37729,Corpse Bride (2005),Animation|Comedy|Fantasy|Musical|Romance,3.7916666666666665,12,0.03273809523809523,1
1257,Better Off Dead... (1985),Comedy|Romance,3.625,28,0.08035714285714285,0
26,Othello (1995),Drama,3.576923076923077,13,0.03571428571428571,0
1348,"Nosferatu (Nosferatu, eine Symphonie des Grauens) (1922)",Horror,4.0,12,0.03273809523809523,1
1423,Hearts and Minds (1996),Drama,4.333333333333333,3,0.005952380952380952,1
1959,Out of Africa (1985),Drama|Romance,3.6333333333333333,30,0.0863095238095238,1
50742,7 Plus Seven (1970),Documentary,4.0,1,0.0,1
102125,Iron Man 3 (2013),Action|Sci-Fi|Thriller|IMAX,3.6785714285714284,14,0.03869047619047619,1
63062,Changeling (2008),Crime|Drama|Mystery,3.6,5,0.011904761904761904,1
52245,Blades of Glory (2007),Comedy|Romance,3.125,12,0.03273809523809523,0
1507,Paradise Road (1997),Drama|War,3.3333333333333335,3,0.005952380952380952,1
3906,Under Suspicion (2000),Crime|Thriller,2.75,2,0.002976190476190476,0
5824,Liberty Stands Still (2002),Action|Drama|Thriller,3.125,4,0.008928571428571428,0
104841,Gravity (2013),Action|Sci-Fi|IMAX,3.7083333333333335,12,0.03273809523809523,1
3183,"Third Miracle, The (1999)",Drama,4.0,1,0.0,1
60040,"Incredible Hulk, The (2008)",Action|Sci-Fi,3.1470588235294117,17,0.047619047619047616,1
4334,Yi Yi (2000),Drama,4.416666666666667,6,0.01488095238095238,1
274,Man of the House (1995),Comedy,3.5,4,0.008928571428571428,1
3476,Jacob's Ladder (1990),Horror|Mystery,3.671875,32,0.09226190476190475,0
2723,Mystery Men (1999),Action|Comedy|Fantasy,2.7916666666666665,36,0.10416666666666666,0
8535,De-Lovely (2004),Drama|Musical,2.625,4,0.008928571428571428,0
8873,"Motorcycle Diaries, The (Diarios de motocicleta) (2004)",Adventure|Drama,3.84375,16,0.04464285714285714,1
175,Kids (1995),Drama,3.0526315789473686,19,0.05357142857142856,0
60609,Death Note (2006),Adventure|Crime|Drama|Horror|Mystery,4.25,2,0.002976190476190476,0
81417,Paranormal Activity 2 (2010),Horror|IMAX,4.0,2,0.002976190476190476,1
3162,Simpatico (1999),Comedy|Drama,2.0,1,0.0,0
804,She's the One (1996),Comedy|Romance,3.026315789473684,19,0.05357142857142856,0
506,Orlando (1992),Drama|Fantasy|Romance,3.4166666666666665,6,0.01488095238095238,0
619,Ed (1996),Comedy,3.3333333333333335,3,0.005952380952380952,1
104211,We're the Millers (2013),Comedy|Crime,3.375,4,0.008928571428571428,0
3461,Lord of the Flies (1963),Adventure|Drama|Thriller,3.2916666666666665,12,0.03273809523809523,0
4957,Sudden Impact (1983),Crime|Thriller,3.2,5,0.011904761904761904,0
3307,City Lights (1931),Comedy|Drama|Romance,3.875,8,0.020833333333333332,1
2917,Body Heat (1981),Crime|Thriller,3.861111111111111,18,0.050595238095238096,0
4519,"Land Before Time, The (1988)",Adventure|Animation|Children|Fantasy,3.15,10,0.026785714285714284,0
3213,Batman: Mask of the Phantasm (1993),Animation|Children,3.642857142857143,7,0.017857142857142856,0
268,Little Odessa (1994),Crime|Drama,3.8,5,0.011904761904761904,0
4541,"Serpent and the Rainbow, The (1988)",Horror,2.875,4,0.008928571428571428,0
1103,Rebel Without a Cause (1955),Drama,4.0,25,0.07142857142857142,0
2779,Heaven Can Wait (1978),Comedy,3.7777777777777777,9,0.023809523809523808,1
747,"Stupids, The (1996)",Comedy,2.75,6,0.01488095238095238,0
949,East of Eden (1955),Drama,3.7857142857142856,14,0.03869047619047619,1
47997,Idiocracy (2006),Adventure|Comedy|Sci-Fi|Thriller,3.75,2,0.002976190476190476,1
481,Kalifornia (1993),Drama|Thriller,3.1785714285714284,28,0.08035714285714285,0
6796,Boyz N the Hood (1991),Crime|Drama,3.5789473684210527,19,0.05357142857142856,1
2253,Toys (1992),Comedy|Fantasy,2.8684210526315788,19,0.05357142857142856,0
2089,"Rescuers Down Under, The (1990)",Adventure|Animation|Children,3.357142857142857,14,0.03869047619047619,0
76158,Air Doll (Kûki ningyô) (2009),Drama,4.0,2,0.002976190476190476,1
4002,"Planes, Trains & Automobiles (1987)",Comedy,3.6166666666666667,30,0.0863095238095238,0
54503,Superbad (2007),Comedy,3.6346153846153846,26,0.0744047619047619,0
3668,Romeo and Juliet (1968),Drama|Romance,3.9705882352941178,17,0.047619047619047616,0
159,Clockers (1995),Crime|Drama|Mystery,3.5,10,0.026785714285714284,0
66509,Funny People (2009),Comedy|Drama,3.4,5,0.011904761904761904,0
4489,Coming to America (1988),Comedy|Romance,3.5277777777777777,18,0.050595238095238096,1
4944,Empire of the Ants (1977),Horror|Sci-Fi,1.5,2,0.002976190476190476,0
4775,Glitter (2001),Drama|Musical|Romance,1.0833333333333333,6,0.01488095238095238,0
50804,Hannibal Rising (2007),Drama|Horror|Thriller,3.6666666666666665,3,0.005952380952380952,1
2664,Invasion of the Body Snatchers (1956),Horror|Sci-Fi|Thriller,3.6041666666666665,24,0.06845238095238095,1
1306,Until the End of the World (Bis ans Ende der Welt) (1991),Adventure|Drama|Sci-Fi,3.1875,8,0.020833333333333332,0
3506,North Dallas Forty (1979),Comedy|Drama,3.0,2,0.002976190476190476,0
26366,Harlan County U.S.A. (1976),Documentary,3.875,4,0.008928571428571428,1
338,Virtuosity (1995),Action|Sci-Fi|Thriller,3.026315789473684,19,0.05357142857142856,0
1427,Turbulence (1997),Action|Thriller,2.7857142857142856,7,0.017857142857142856,0
2413,Clue (1985),Comedy|Crime|Mystery|Thriller,3.462962962962963,27,0.07738095238095237,0
4340,"Animal, The (2001)",Comedy,1.5,9,0.023809523809523808,0
1593,Picture Perfect (1997),Comedy|Romance,3.2857142857142856,7,0.017857142857142856,0
6237,"Glenn Miller Story, The (1953)",Drama,4.0,2,0.002976190476190476,1
8530,Dear Frankie (2004),Drama|Romance,4.0,2,0.002976190476190476,1
544,Striking Distance (1993),Action|Crime,2.1538461538461537,13,0.03571428571428571,0
381,When a Man Loves a Woman (1994),Drama|Romance,3.391304347826087,23,0.06547619047619047,0
7104,1941 (1979),Comedy|War,3.0,2,0.002976190476190476,0
32078,Godzilla vs. Mechagodzilla II (Gojira VS Mekagojira) (1993),Action|Drama|Sci-Fi,2.25,2,0.002976190476190476,0
2527,Westworld (1973),Action|Sci-Fi|Thriller|Western,3.5476190476190474,21,0.05952380952380952,0
5495,Modesty Blaise (1966),Comedy,3.0,1,0.0,0
96,In the Bleak Midwinter (1995),Comedy|Drama,3.0,3,0.005952380952380952,0
43396,"World's Fastest Indian, The (2005)",Drama,4.083333333333333,6,0.01488095238095238,1
35836,"40-Year-Old Virgin, The (2005)",Comedy|Romance,3.74468085106383,47,0.13690476190476192,0
7933,"Night in Casablanca, A (1946)",Comedy,3.75,2,0.002976190476190476,0
98243,Rise of the Guardians (2012),Adventure|Animation|Fantasy|IMAX,4.0,2,0.002976190476190476,1
2583,Cookie's Fortune (1999),Comedy|Drama,3.357142857142857,7,0.017857142857142856,1
1091,Weekend at Bernie's (1989),Comedy,2.5434782608695654,23,0.06547619047619047,0
71404,"3 Worlds of Gulliver, The (1960)",Adventure|Fantasy,4.0,1,0.0,1
50892,Izo (2004),Action|Drama|Fantasy|Horror|Thriller|War,2.0,1,0.0,0
3072,Moonstruck (1987),Comedy|Romance,3.2777777777777777,36,0.10416666666666666,0
2497,Message in a Bottle (1999),Romance,2.9375,8,0.020833333333333332,0
7293,50 First Dates (2004),Comedy|Romance,3.4705882352941178,34,0.09821428571428571,0
3017,Creepshow 2 (1987),Horror,2.625,4,0.008928571428571428,0
468,"Englishman Who Went Up a Hill But Came Down a Mountain, The (1995)",Comedy|Romance,3.1808510638297873,47,0.13690476190476192,0
27302,"Debt, The (Dlug) (1999)",Crime|Drama|Thriller,3.5,1,0.0,0
104319,"First Grader, The (2010)",Drama,3.5,1,0.0,0
98279,"Fantastic Fear of Everything, A (2012)",Comedy,4.0,1,0.0,1
875,Nothing to Lose (1994),Action|Crime|Drama,4.0,2,0.002976190476190476,1
33660,Cinderella Man (2005),Drama|Romance,3.9393939393939394,33,0.09523809523809523,1
6820,Ginger Snaps (2000),Drama|Horror|Thriller,4.083333333333333,6,0.01488095238095238,1
4705,"Cage aux Folles, La (1978)",Comedy,3.7,5,0.011904761904761904,1
3983,You Can Count on Me (2000),Drama|Romance,4.318181818181818,11,0.029761904761904757,1
4545,Short Circuit (1986),Comedy|Sci-Fi,3.423076923076923,13,0.03571428571428571,0
4352,Shag (1989),Comedy|Drama,3.0,1,0.0,0
731,Heaven's Prisoners (1996),Crime|Thriller,2.3333333333333335,3,0.005952380952380952,1
1951,Oliver! (1968),Drama|Musical,4.0,8,0.020833333333333332,1
1484,"Daytrippers, The (1996)",Comedy|Drama|Mystery|Romance,3.7777777777777777,9,0.023809523809523808,1
5787,"Truth About Charlie, The (2002)",Mystery|Thriller,3.25,2,0.002976190476190476,0
3564,"Flintstones in Viva Rock Vegas, The (2000)",Children|Comedy,1.8125,8,0.020833333333333332,0
1321,"American Werewolf in London, An (1981)",Comedy|Horror|Thriller,3.7083333333333335,36,0.10416666666666666,1
1215,Army of Darkness (1993),Action|Adventure|Comedy|Fantasy|Horror,3.788135593220339,59,0.17261904761904762,1
2903,Psycho III (1986),Horror|Thriller,2.4,5,0.011904761904761904,0
8273,"Tale of Ham and Passion, A (Jamón, Jamón) (1992)",Comedy|Drama|Romance,4.5,1,0.0,1
6157,Daredevil (2003),Action|Crime,2.8,25,0.07142857142857142,0
3178,"Hurricane, The (1999)",Drama,3.482142857142857,28,0.08035714285714285,1
3577,Two Moon Junction (1988),Drama|Romance,3.0,1,0.0,0
1366,"Crucible, The (1996)",Drama,3.0555555555555554,9,0.023809523809523808,0
6230,Bang the Drum Slowly (1973),Drama,3.5,2,0.002976190476190476,0
74458,Shutter Island (2010),Drama|Mystery|Thriller,3.896551724137931,29,0.08333333333333333,0
7137,"Cooler, The (2003)",Comedy|Drama|Romance,4.083333333333333,6,0.01488095238095238,1
5183,He Knows You're Alone (a.k.a. Blood Wedding) (1980),Horror|Thriller,1.0,1,0.0,0
2881,Double Jeopardy (1999),Action|Crime|Drama|Thriller,3.176470588235294,51,0.1488095238095238,0
4599,Great Balls of Fire! (1989),Drama,2.8333333333333335,3,0.005952380952380952,0
31184,Appleseed (Appurushîdo) (2004),Action|Animation|Fantasy|Sci-Fi,3.6,5,0.011904761904761904,0
170,Hackers (1995),Action|Adventure|Crime|Thriller,2.9767441860465116,43,0.12499999999999999,0
605,One Fine Day (1996),Drama|Romance,3.1176470588235294,17,0.047619047619047616,0
82095,Skyline (2010),Sci-Fi|Thriller,1.25,2,0.002976190476190476,0
2894,Romance (1999),Drama|Romance,2.0,2,0.002976190476190476,0
3000,Princess Mononoke (Mononoke-hime) (1997),Action|Adventure|Animation|Drama|Fantasy,4.065789473684211,38,0.1101190476190476,1
1032,Alice in Wonderland (1951),Adventure|Animation|Children|Fantasy|Musical,3.596774193548387,31,0.08928571428571427,1
34326,Last Days (2005),Drama,2.0,1,0.0,0
6571,"Mondays in the Sun (Lunes al sol, Los) (2002)",Drama,4.0,1,0.0,1
720,Wallace & Gromit: The Best of Aardman Animation (1996),Adventure|Animation|Comedy,4.065789473684211,38,0.1101190476190476,1
55280,Lars and the Real Girl (2007),Comedy|Drama,3.4642857142857144,14,0.03869047619047619,0
685,It's My Party (1996),Drama,3.8333333333333335,3,0.005952380952380952,0
68205,Crank: High Voltage (2009),Action|Comedy|Crime,2.9166666666666665,6,0.01488095238095238,1
1021,Angels in the Outfield (1994),Children|Comedy,2.8421052631578947,19,0.05357142857142856,0
3091,Kagemusha (1980),Drama|War,3.8,5,0.011904761904761904,1
106916,American Hustle (2013),Crime|Drama,3.7222222222222223,9,0.023809523809523808,0
55765,American Gangster (2007),Crime|Drama|Thriller,3.875,16,0.04464285714285714,0
5899,Zulu (1964),Action|Drama|War,4.071428571428571,7,0.017857142857142856,1
56152,Enchanted (2007),Adventure|Animation|Children|Comedy|Fantasy|Musical|Romance,3.6875,8,0.020833333333333332,1
3612,"Slipper and the Rose, The (1976)",Adventure|Musical|Romance,3.875,4,0.008928571428571428,1
662,Fear (1996),Thriller,3.264705882352941,17,0.047619047619047616,0
59126,Religulous (2008),Comedy|Documentary,3.5,1,0.0,0
1925,Wings (1927),Action|Drama|Romance|War,3.375,4,0.008928571428571428,0
3552,Caddyshack (1980),Comedy,3.787878787878788,33,0.09523809523809523,1
4621,Look Who's Talking (1989),Comedy|Romance,2.8214285714285716,14,0.03869047619047619,0
91094,"Muppets, The (2011)",Children|Comedy|Musical,3.75,2,0.002976190476190476,1
8190,"Americanization of Emily, The (1964)",Comedy|Drama|War,3.25,2,0.002976190476190476,0
1542,Brassed Off (1996),Comedy|Drama|Romance,3.9375,8,0.020833333333333332,0
2719,"Haunting, The (1999)",Horror|Thriller,2.742424242424242,33,0.09523809523809523,0
48394,"Pan's Labyrinth (Laberinto del fauno, El) (2006)",Drama|Fantasy|Thriller,3.745614035087719,57,0.16666666666666666,1
3375,Destination Moon (1950),Sci-Fi,3.8333333333333335,3,0.005952380952380952,0
26096,"Cardinal, The (1963)",Drama,0.5,1,0.0,0
613,Jane Eyre (1996),Drama|Romance,3.6153846153846154,13,0.03571428571428571,0
52279,Are We Done Yet? (2007),Comedy,2.25,2,0.002976190476190476,0
3098,"Natural, The (1984)",Drama,3.6818181818181817,22,0.062499999999999986,0
5267,"Rookie, The (2002)",Drama,3.4166666666666665,12,0.03273809523809523,0
1238,Local Hero (1983),Comedy,3.8,15,0.04166666666666666,1
8132,Gladiator (1992),Action|Drama,3.638888888888889,18,0.050595238095238096,0
6873,Intolerable Cruelty (2003),Comedy|Romance,3.5384615384615383,13,0.03571428571428571,0
3470,Dersu Uzala (1975),Adventure|Drama,4.1,5,0.011904761904761904,1
45499,X-Men: The Last Stand (2006),Action|Sci-Fi|Thriller,3.42,25,0.07142857142857142,0
34437,Broken Flowers (2005),Comedy|Drama,3.3076923076923075,13,0.03571428571428571,0
4296,Love Story (1970),Drama|Romance,2.5,7,0.017857142857142856,0
5902,Adaptation (2002),Comedy|Drama|Romance,3.6931818181818183,44,0.12797619047619047,1
5417,"Fast Runner, The (Atanarjuat) (2001)",Drama|Fantasy,4.2,5,0.011904761904761904,0
3706,Angel Heart (1987),Film-Noir|Horror|Mystery|Thriller,4.363636363636363,11,0.029761904761904757,1
2936,Sullivan's Travels (1941),Adventure|Comedy|Romance,4.416666666666667,12,0.03273809523809523,1
54771,"Invasion, The (2007)",Action|Drama|Horror|Sci-Fi|Thriller,3.7,5,0.011904761904761904,1
30822,In Good Company (2004),Comedy|Drama,3.0625,8,0.020833333333333332,0
35957,Red Eye (2005),Horror|Thriller,3.0,8,0.020833333333333332,0
8645,"Maria Full of Grace (Maria, Llena eres de gracia) (2004)",Crime|Drama,4.0,11,0.029761904761904757,1
2883,Mumford (1999),Comedy|Drama,3.3333333333333335,9,0.023809523809523808,0
4427,"Lion in Winter, The (1968)",Drama,4.0,6,0.01488095238095238,1
82459,True Grit (2010),Western,3.739130434782609,23,0.06547619047619047,1
1216,"Big Blue, The (Grand bleu, Le) (1988)",Adventure|Drama|Romance,3.5,3,0.005952380952380952,0
83349,"Green Hornet, The (2011)",Action|Comedy|Crime|Fantasy|Thriller|IMAX,2.5833333333333335,6,0.01488095238095238,0
2876,Thumbelina (1994),Animation|Children|Fantasy,2.5,2,0.002976190476190476,0
5613,8 Women (2002),Comedy|Crime|Musical|Mystery,3.6666666666666665,6,0.01488095238095238,1
72395,Precious (2009),Drama,3.8333333333333335,3,0.005952380952380952,0
1513,Romy and Michele's High School Reunion (1997),Comedy,3.15625,32,0.09226190476190475,0
1254,"Treasure of the Sierra Madre, The (1948)",Action|Adventure|Drama|Western,4.108695652173913,23,0.06547619047619047,1
3153,"7th Voyage of Sinbad, The (1958)",Action|Adventure|Fantasy,3.2222222222222223,9,0.023809523809523808,1
2165,Your Friends and Neighbors (1998),Comedy|Drama,3.8333333333333335,9,0.023809523809523808,1
334,Vanya on 42nd Street (1994),Drama,3.7777777777777777,9,0.023809523809523808,1
4718,American Pie 2 (2001),Comedy,2.892857142857143,42,0.12202380952380952,0
5452,Look Who's Talking Now (1993),Children|Comedy|Romance,1.375,12,0.03273809523809523,0
8207,"Day of the Jackal, The (1973)",Crime|Thriller,3.8125,8,0.020833333333333332,1
2300,"Producers, The (1968)",Comedy,3.8421052631578947,19,0.05357142857142856,1
2380,Police Academy 3: Back in Training (1986),Comedy|Crime,2.05,10,0.026785714285714284,0
1918,Lethal Weapon 4 (1998),Action|Comedy|Crime|Thriller,3.0697674418604652,43,0.12499999999999999,0
616,"Aristocats, The (1970)",Animation|Children,3.3088235294117645,34,0.09821428571428571,0
2211,Secret Agent (1936),Thriller,3.3333333333333335,3,0.005952380952380952,0
1272,Patton (1970),Drama|War,3.7205882352941178,34,0.09821428571428571,0
6156,Shanghai Knights (2003),Action|Adventure|Comedy,3.0384615384615383,13,0.03571428571428571,0
26144,Operation Crossbow (1965),Action|Adventure|War,4.0,1,0.0,1
27822,Open Water (2003),Drama|Thriller,2.6666666666666665,6,0.01488095238095238,0
81562,127 Hours (2010),Adventure|Drama|Thriller,3.90625,16,0.04464285714285714,0
2330,Hands on a Hard Body (1996),Comedy|Documentary,4.333333333333333,3,0.005952380952380952,1
8291,Agatha Christie's 'Ten Little Indians' (Ten Little Indians) (And Then There Were None) (1965),Mystery,2.75,2,0.002976190476190476,0
44849,Renaissance (2006),Action|Animation|Film-Noir|Sci-Fi|Thriller,3.75,2,0.002976190476190476,1
8865,Sky Captain and the World of Tomorrow (2004),Action|Adventure|Sci-Fi,3.35,20,0.05654761904761904,1
6353,Roadie (1980),Comedy|Musical,1.0,1,0.0,0
1279,Night on Earth (1991),Comedy|Drama,3.8,15,0.04166666666666666,1
31,Dangerous Minds (1995),Drama,3.37,50,0.14583333333333334,0
3441,Red Dawn (1984),Action|Drama|War,3.6363636363636362,11,0.029761904761904757,1
3632,Monsieur Verdoux (1947),Comedy|Crime,4.75,2,0.002976190476190476,1
2168,Dance with Me (1998),Drama|Romance,4.125,4,0.008928571428571428,0
60141,St. Trinian's (2007),Children|Comedy,3.5,1,0.0,0
7323,"Good bye, Lenin! (2003)",Comedy|Drama,3.925925925925926,27,0.07738095238095237,1
1086,Dial M for Murder (1954),Crime|Mystery|Thriller,4.0606060606060606,33,0.09523809523809523,0
230,Dolores Claiborne (1995),Drama|Thriller,3.608108108108108,37,0.10714285714285714,0
31923,"Three Musketeers, The (1973)",Action|Adventure|Comedy,3.75,4,0.008928571428571428,1
5983,Invaders from Mars (1953),Sci-Fi,3.5,2,0.002976190476190476,0
71518,Whip It (2009),Comedy|Drama,3.357142857142857,7,0.017857142857142856,0
617,"Flower of My Secret, The (La flor de mi secreto) (1995)",Comedy|Drama,2.9,5,0.011904761904761904,0
2672,"Thirteenth Floor, The (1999)",Drama|Sci-Fi|Thriller,3.3333333333333335,15,0.04166666666666666,1
1836,"Last Days of Disco, The (1998)",Comedy|Drama,3.6875,8,0.020833333333333332,1
3117,Ride with the Devil (1999),Drama|Romance|War,2.5,3,0.005952380952380952,0
5198,"Long Good Friday, The (1980)",Drama|Thriller,3.8333333333333335,3,0.005952380952380952,0
283,New Jersey Drive (1995),Crime|Drama,4.0,2,0.002976190476190476,1
2166,Return to Paradise (1998),Crime|Drama|Romance|Thriller,3.25,6,0.01488095238095238,1
574,Spanking the Monkey (1994),Comedy|Drama,3.35,10,0.026785714285714284,0
7502,Band of Brothers (2001),Action|Drama|War,4.288461538461538,26,0.0744047619047619,0
3569,"Idiots, The (Idioterne) (1998)",Comedy|Drama,3.125,4,0.008928571428571428,1
3328,Ghost Dog: The Way of the Samurai (1999),Crime|Drama,3.9,10,0.026785714285714284,1
1209,Once Upon a Time in the West (C'era una volta il West) (1968),Action|Drama|Western,3.861111111111111,18,0.050595238095238096,1
2078,"Jungle Book, The (1967)",Animation|Children|Comedy|Musical,3.689189189189189,37,0.10714285714285714,0
6264,"Core, The (2003)",Action|Drama|Sci-Fi|Thriller,2.4375,8,0.020833333333333332,0
7708,Bedazzled (1967),Comedy|Fantasy,3.0,3,0.005952380952380952,1
105197,Nebraska (2013),Adventure|Drama,3.75,2,0.002976190476190476,0
3095,"Grapes of Wrath, The (1940)",Drama,4.113636363636363,22,0.062499999999999986,1
489,Made in America (1993),Comedy,2.5,14,0.03869047619047619,0
42730,Glory Road (2006),Drama,3.7,5,0.011904761904761904,1
2117,1984 (Nineteen Eighty-Four) (1984),Drama|Sci-Fi,3.7,20,0.05654761904761904,1
7843,Lammbock (2001),Comedy,3.0,2,0.002976190476190476,0
4748,3 Ninjas (1992),Action|Children|Comedy,0.8333333333333334,3,0.005952380952380952,0
3201,Five Easy Pieces (1970),Drama,3.7,10,0.026785714285714284,0
51937,"Hills Have Eyes II, The (2007)",Horror|Thriller,2.5,1,0.0,0
4396,"Cannonball Run, The (1981)",Action|Comedy,2.875,8,0.020833333333333332,0
47124,"Ant Bully, The (2006)",Adventure|Animation|Children|Comedy|Fantasy|IMAX,2.8333333333333335,3,0.005952380952380952,1
1920,Small Soldiers (1998),Animation|Children|Fantasy|War,2.6666666666666665,21,0.05952380952380952,0
3510,Frequency (2000),Drama|Thriller,3.5,36,0.10416666666666666,0
3822,"Girl on the Bridge, The (Fille sur le pont, La) (1999)",Drama|Romance,4.166666666666667,3,0.005952380952380952,0
54116,First Snow (2006),Drama|Thriller,3.5,2,0.002976190476190476,1
147,"Basketball Diaries, The (1995)",Drama,3.5,24,0.06845238095238095,0
2808,Universal Soldier (1992),Action|Sci-Fi,2.74,25,0.07142857142857142,0
81834,Harry Potter and the Deathly Hallows: Part 1 (2010),Action|Adventure|Fantasy|IMAX,3.7916666666666665,24,0.06845238095238095,0
365,Little Buddha (1993),Drama,2.888888888888889,9,0.023809523809523808,0
2390,Little Voice (1998),Comedy,3.730769230769231,13,0.03571428571428571,0
1615,"Edge, The (1997)",Adventure|Drama,3.35,10,0.026785714285714284,0
2965,"Omega Code, The (1999)",Action,1.6666666666666667,3,0.005952380952380952,0
6216,Nowhere in Africa (Nirgendwo in Afrika) (2001),Drama,3.6666666666666665,6,0.01488095238095238,1
7362,Taking Lives (2004),Crime|Drama|Thriller,3.25,2,0.002976190476190476,0
5485,Tadpole (2002),Comedy|Drama|Romance,3.142857142857143,7,0.017857142857142856,1
1297,Real Genius (1985),Comedy,3.64,25,0.07142857142857142,1
5069,Escaflowne: The Movie (Escaflowne) (2000),Action|Adventure|Animation|Drama|Fantasy,4.5,1,0.0,1
5017,"Big Heat, The (1953)",Drama|Film-Noir,4.0,12,0.03273809523809523,1
63312,Krabat (2008),Drama|Fantasy,3.5,1,0.0,0
89118,"Skin I Live In, The (La piel que habito) (2011)",Drama,4.125,4,0.008928571428571428,1
50160,Miss Potter (2006),Drama,4.0,3,0.005952380952380952,0
73513,"Swades: We, the People (Our Country) (2004)",Drama,3.0,1,0.0,0
71282,"Food, Inc. (2008)",Documentary,3.875,4,0.008928571428571428,1
40412,Dead Man's Shoes (2004),Crime|Thriller,4.0,2,0.002976190476190476,0
6242,Ringu (Ring) (1998),Horror|Mystery|Thriller,3.4411764705882355,17,0.047619047619047616,1
25828,"Petrified Forest, The (1936)",Crime|Drama|Romance,3.0,1,0.0,0
2189,I Married A Strange Person! (1997),Animation|Comedy|Fantasy|Sci-Fi,3.5,2,0.002976190476190476,1
1067,"Damsel in Distress, A (1937)",Comedy|Musical|Romance,4.0,1,0.0,1
3981,Red Planet (2000),Action|Sci-Fi|Thriller,2.6842105263157894,19,0.05357142857142856,1
5066,"Walk to Remember, A (2002)",Drama|Romance,3.0,4,0.008928571428571428,0
2004,Gremlins 2: The New Batch (1990),Comedy|Horror,2.62,25,0.07142857142857142,1
100843,Oh Boy (A Coffee in Berlin) (2012),Comedy|Drama,3.0,1,0.0,0
2273,Rush Hour (1998),Action|Comedy|Crime|Thriller,3.3529411764705883,34,0.09821428571428571,1
96811,End of Watch (2012),Crime|Drama|Thriller,5.0,1,0.0,1
1011,Herbie Rides Again (1974),Adventure|Children|Comedy,2.888888888888889,9,0.023809523809523808,1
4153,Down to Earth (2001),Comedy|Fantasy|Romance,3.2857142857142856,7,0.017857142857142856,0
58998,Forgetting Sarah Marshall (2008),Comedy|Romance,3.4782608695652173,23,0.06547619047619047,0
3317,Wonder Boys (2000),Comedy|Drama,3.4545454545454546,33,0.09523809523809523,1
5429,Five Card Stud (a.k.a. 5 Card Stud) (1968),Mystery|Western,4.0,1,0.0,1
2900,Monkey Shines (1988),Horror|Sci-Fi,3.25,4,0.008928571428571428,0
3267,"Mariachi, El (1992)",Action|Crime|Thriller|Western,3.8214285714285716,14,0.03869047619047619,1
600,Love and a .45 (1994),Action|Comedy|Crime,3.3333333333333335,3,0.005952380952380952,1
2889,"Mystery, Alaska (1999)",Children|Comedy,3.6,10,0.026785714285714284,1
4166,Series 7: The Contenders (2001),Action|Drama,4.5,5,0.011904761904761904,1
55872,August Rush (2007),Drama|Musical,3.6666666666666665,3,0.005952380952380952,1
81847,Tangled (2010),Animation|Children|Comedy|Fantasy|Musical|Romance|IMAX,4.166666666666667,18,0.050595238095238096,0
2804,"Christmas Story, A (1983)",Children|Comedy,3.9035087719298245,57,0.16666666666666666,0
2423,Christmas Vacation (National Lampoon's Christmas Vacation) (1989),Comedy,3.769230769230769,26,0.0744047619047619,1
2594,Open Your Eyes (Abre los ojos) (1997),Drama|Romance|Sci-Fi|Thriller,4.15,10,0.026785714285714284,0
37384,Waiting... (2005),Comedy,4.5,3,0.005952380952380952,1
8726,"President's Analyst, The (1967)",Comedy|Thriller,3.25,2,0.002976190476190476,1
56286,I'm Not There (2007),Drama,3.75,2,0.002976190476190476,1
1176,"Double Life of Veronique, The (Double Vie de Véronique, La) (1991)",Drama|Fantasy|Romance,4.3,5,0.011904761904761904,0
1649,"Fast, Cheap & Out of Control (1997)",Documentary,3.5,2,0.002976190476190476,0
75436,"Skin, Skin (Käpy selän alla) (1966)",Drama,1.0,1,0.0,0
1887,Almost Heroes (1998),Adventure|Comedy|Western,2.75,2,0.002976190476190476,0
6667,Waco: The Rules of Engagement (1997),Documentary,4.5,2,0.002976190476190476,1
89804,"Ides of March, The (2011)",Drama,3.375,4,0.008928571428571428,0
5064,The Count of Monte Cristo (2002),Action|Adventure|Drama|Romance|Thriller,3.659090909090909,22,0.062499999999999986,1
810,Kazaam (1996),Children|Comedy|Fantasy,1.6111111111111112,9,0.023809523809523808,0
62155,Nick and Norah's Infinite Playlist (2008),Comedy|Drama|Romance,3.5,10,0.026785714285714284,1
1054,Get on the Bus (1996),Drama,3.142857142857143,7,0.017857142857142856,0
3060,"Commitments, The (1991)",Comedy|Drama|Musical,3.5384615384615383,26,0.0744047619047619,0
3997,Dungeons & Dragons (2000),Adventure|Fantasy,1.8666666666666667,15,0.04166666666666666,0
4017,Pollock (2000),Drama,4.090909090909091,11,0.029761904761904757,1
5637,Flirting (1991),Drama,3.8333333333333335,3,0.005952380952380952,0
692,Solo (1996),Action|Sci-Fi|Thriller,3.3333333333333335,3,0.005952380952380952,1
1515,Volcano (1997),Action|Drama|Thriller,2.75,18,0.050595238095238096,0
4023,"Family Man, The (2000)",Comedy|Drama|Romance,3.1904761904761907,21,0.05952380952380952,1
62999,Madagascar: Escape 2 Africa (2008),Action|Adventure|Animation|Children|Comedy|IMAX,3.5,14,0.03869047619047619,1
8983,House of Flying Daggers (Shi mian mai fu) (2004),Action|Drama|Romance,3.62,25,0.07142857142857142,0
1020,Cool Runnings (1993),Comedy,3.193548387096774,31,0.08928571428571427,1
39234,North Country (2005),Drama,3.5714285714285716,7,0.017857142857142856,1
56782,There Will Be Blood (2007),Drama|Western,3.652173913043478,23,0.06547619047619047,1
43928,Ultraviolet (2006),Action|Fantasy|Sci-Fi|Thriller,2.5,5,0.011904761904761904,1
94466,Black Mirror (2011),Drama|Sci-Fi,4.333333333333333,3,0.005952380952380952,1
82461,Tron: Legacy (2010),Action|Adventure|Sci-Fi|IMAX,3.4583333333333335,12,0.03273809523809523,0
81845,"King's Speech, The (2010)",Drama,4.160714285714286,28,0.08035714285714285,1
2322,Soldier (1998),Action|Sci-Fi|War,3.076923076923077,13,0.03571428571428571,0
1660,Eve's Bayou (1997),Drama,3.75,6,0.01488095238095238,1
45210,United 93 (2006),Crime|Drama,3.1,10,0.026785714285714284,1
6219,"Hunted, The (2003)",Action|Drama|Thriller,2.625,4,0.008928571428571428,0
3479,Ladyhawke (1985),Adventure|Fantasy|Romance,3.735294117647059,17,0.047619047619047616,0
4483,Caddyshack II (1988),Comedy,3.0,2,0.002976190476190476,1
69436,Year One (2009),Adventure|Comedy,2.75,4,0.008928571428571428,1
27839,"Ring Two, The (2005)",Drama|Horror|Mystery|Thriller,2.611111111111111,9,0.023809523809523808,0
4291,Nine to Five (a.k.a. 9 to 5) (1980),Comedy|Crime,3.1666666666666665,12,0.03273809523809523,0
27660,"Animatrix, The (2003)",Action|Animation|Drama|Sci-Fi,3.8666666666666667,15,0.04166666666666666,1
56801,AVPR: Aliens vs. Predator - Requiem (2007),Action|Horror|Sci-Fi,1.875,8,0.020833333333333332,0
2267,Mortal Thoughts (1991),Mystery|Thriller,2.6,5,0.011904761904761904,0
61697,Righteous Kill (2008),Crime|Mystery|Thriller,2.8333333333333335,3,0.005952380952380952,0
1015,Homeward Bound: The Incredible Journey (1993),Adventure|Children|Drama,3.6904761904761907,21,0.05952380952380952,1
4714,Any Which Way You Can (1980),Comedy,2.25,4,0.008928571428571428,0
27773,Old Boy (2003),Mystery|Thriller,4.068965517241379,29,0.08333333333333333,0
8917,Team America: World Police (2004),Action|Adventure|Animation|Comedy,3.4473684210526314,19,0.05357142857142856,0
45666,Nacho Libre (2006),Comedy,2.642857142857143,7,0.017857142857142856,0
49526,National Lampoon's Van Wilder: The Rise of Taj (2006),Comedy,2.5,1,0.0,0
486,Life with Mikey (1993),Comedy,3.0,4,0.008928571428571428,0
5563,City by the Sea (2002),Crime|Drama,3.0,4,0.008928571428571428,0
8239,Viridiana (1961),Comedy|Drama,4.5,1,0.0,1
6383,"2 Fast 2 Furious (Fast and the Furious 2, The) (2003)",Action|Crime|Thriller,2.5555555555555554,18,0.050595238095238096,0
3633,On Her Majesty's Secret Service (1969),Action|Adventure|Romance|Thriller,3.3461538461538463,13,0.03571428571428571,0
3968,Bedazzled (2000),Comedy,2.9523809523809526,21,0.05952380952380952,1
2587,Life (1999),Comedy|Crime|Drama,2.4166666666666665,6,0.01488095238095238,1
79057,Predators (2010),Action|Sci-Fi|Thriller,3.6666666666666665,3,0.005952380952380952,0
5483,"Kid Stays in the Picture, The (2002)",Documentary,3.25,2,0.002976190476190476,0
4841,Divine Madness! (1980),Comedy,2.75,2,0.002976190476190476,1
707,Mulholland Falls (1996),Crime|Drama|Thriller,3.34,25,0.07142857142857142,0
1982,Halloween (1978),Horror,3.3225806451612905,31,0.08928571428571427,1
4332,Suspect (1987),Crime|Drama|Thriller,3.3333333333333335,3,0.005952380952380952,0
72601,Teenage Mutant Ninja Turtles: Turtles Forever (2009),Action|Adventure|Animation|Comedy|Thriller,4.0,1,0.0,1
90321,House by the River (1950),Crime|Drama|Film-Noir,3.0,1,0.0,0
3109,"River, The (1984)",Drama,2.6666666666666665,3,0.005952380952380952,0
7101,Doc Hollywood (1991),Comedy|Romance,3.0,3,0.005952380952380952,0
1359,Jingle All the Way (1996),Children|Comedy,3.0526315789473686,19,0.05357142857142856,0
1099,"Christmas Carol, A (1938)",Children|Drama|Fantasy,4.583333333333333,6,0.01488095238095238,0
26345,"Great Waldo Pepper, The (1975)",Drama|Romance,3.0,1,0.0,0
1914,Smoke Signals (1998),Comedy|Drama,3.6666666666666665,12,0.03273809523809523,0
1287,Ben-Hur (1959),Action|Adventure|Drama,3.6739130434782608,46,0.13392857142857142,0
5608,"Das Experiment (Experiment, The) (2001)",Drama|Thriller,3.5384615384615383,13,0.03571428571428571,1
3016,Creepshow (1982),Horror,2.96875,16,0.04464285714285714,1
1946,Marty (1955),Drama|Romance,4.2272727272727275,11,0.029761904761904757,1
1964,Klute (1971),Drama|Mystery,3.409090909090909,11,0.029761904761904757,1
2963,Joe the King (1999),Crime|Drama,5.0,1,0.0,1
74,Bed of Roses (1996),Drama|Romance,3.0,15,0.04166666666666666,1
90888,Immortals (2011),Action|Drama|Fantasy,3.625,4,0.008928571428571428,0
2984,On Any Sunday (1971),Documentary,4.0,1,0.0,1
50842,"Boss of It All, The (Direktøren for det hele) (2006)",Comedy|Drama,4.5,1,0.0,1
53972,Live Free or Die Hard (2007),Action|Adventure|Crime|Thriller,3.8,15,0.04166666666666666,0
38538,Speak (2004),Drama,4.0,1,0.0,1
27700,Evil (Ondskan) (2003),Drama,4.0,2,0.002976190476190476,1
4523,Milagro Beanfield War (1988),Comedy|Drama|Fantasy,3.7,5,0.011904761904761904,1
728,Cold Comfort Farm (1995),Comedy,3.85,20,0.05654761904761904,1
2530,Beneath the Planet of the Apes (1970),Action|Sci-Fi,3.125,8,0.020833333333333332,0
27317,Audition (Ôdishon) (1999),Drama|Horror|Mystery|Romance|Thriller,3.388888888888889,9,0.023809523809523808,1
2052,Hocus Pocus (1993),Children|Comedy|Fantasy|Horror,3.1666666666666665,15,0.04166666666666666,0
68843,Lesbian Vampire Killers (2009),Action|Comedy|Horror,3.25,2,0.002976190476190476,1
2382,Police Academy 5: Assignment: Miami Beach (1988),Comedy|Crime,1.8333333333333333,12,0.03273809523809523,0
8947,"Grudge, The (2004)",Horror|Mystery|Thriller,2.5,10,0.026785714285714284,0
2411,Rocky IV (1985),Action|Drama,2.8333333333333335,24,0.06845238095238095,0
42661,"Cross of Lorraine, The (1943)",Drama|War,4.0,1,0.0,1
3702,Mad Max (1979),Action|Adventure|Sci-Fi,3.5568181818181817,44,0.12797619047619047,1
89,Nick of Time (1995),Action|Thriller,3.3333333333333335,18,0.050595238095238096,1
3257,"Bodyguard, The (1992)",Drama|Romance|Thriller,2.3214285714285716,28,0.08035714285714285,0
4717,"Battle Creek Brawl (Big Brawl, The) (1980)",Action|Comedy,3.0,1,0.0,0
6214,Irreversible (Irréversible) (2002),Crime|Drama|Mystery|Thriller,3.6666666666666665,6,0.01488095238095238,1
4378,Sexy Beast (2000),Comedy|Crime|Drama,3.8214285714285716,14,0.03869047619047619,1
72,Kicking and Screaming (1995),Comedy|Drama,2.9285714285714284,7,0.017857142857142856,0
2805,Mickey Blue Eyes (1999),Comedy|Romance,2.7222222222222223,27,0.07738095238095237,0
5570,Thesis (Tesis) (1996),Drama|Horror|Thriller,2.0,1,0.0,0
6561,"Mouse That Roared, The (1959)",Comedy|War,3.5,3,0.005952380952380952,0
1831,Lost in Space (1998),Action|Adventure|Sci-Fi,2.8372093023255816,43,0.12499999999999999,0
5588,"Hills Have Eyes, The (1977)",Horror,4.5,2,0.002976190476190476,1
39292,"Good Night, and Good Luck. (2005)",Crime|Drama,4.083333333333333,24,0.06845238095238095,1
2312,Children of a Lesser God (1986),Drama,3.4166666666666665,12,0.03273809523809523,1
33270,"Taste of Tea, The (Cha no aji) (2004)",Comedy|Drama,3.5,1,0.0,0
69284,Fatso (2008),Comedy,3.5,1,0.0,0
5858,"Soupe aux Choux, La (1981)",Comedy,2.0,2,0.002976190476190476,0
8739,Mamma Roma (1962),Drama,4.0,1,0.0,1
1161,"Tin Drum, The (Blechtrommel, Die) (1979)",Drama|War,3.269230769230769,13,0.03571428571428571,0
60943,Frozen River (2008),Drama,4.0,3,0.005952380952380952,0
6104,Monty Python Live at the Hollywood Bowl (1982),Comedy,3.892857142857143,14,0.03869047619047619,1
6597,"Princess Blade, The (Shura Yukihime) (2001)",Action|Sci-Fi,3.5,2,0.002976190476190476,0
3814,Love and Death (1975),Comedy,3.909090909090909,11,0.029761904761904757,1
4097,Dead of Winter (1987),Horror|Thriller,3.0,1,0.0,0
312,Stuart Saves His Family (1995),Comedy,1.8571428571428572,7,0.017857142857142856,0
3879,"Art of War, The (2000)",Action|Thriller,2.75,12,0.03273809523809523,0
3121,"Hitch-Hiker, The (1953)",Drama|Film-Noir,5.0,2,0.002976190476190476,1
2648,Frankenstein (1931),Drama|Horror|Sci-Fi,4.181818181818182,11,0.029761904761904757,0
3022,"General, The (1926)",Comedy|War,4.125,8,0.020833333333333332,0
1173,"Cook the Thief His Wife & Her Lover, The (1989)",Comedy|Drama,3.142857142857143,14,0.03869047619047619,1
44974,Hard Candy (2005),Drama|Thriller,3.6923076923076925,13,0.03571428571428571,1
74510,"Girl Who Played with Fire, The (Flickan som lekte med elden) (2009)",Action|Crime|Drama|Mystery|Thriller,3.85,10,0.026785714285714284,1
4678,UHF (1989),Comedy,3.2222222222222223,9,0.023809523809523808,0
393,Street Fighter (1994),Action|Adventure|Fantasy,2.0,4,0.008928571428571428,0
27727,Head-On (Gegen die Wand) (2004),Drama|Romance,3.6,5,0.011904761904761904,1
2009,Soylent Green (1973),Drama|Mystery|Sci-Fi|Thriller,3.5526315789473686,19,0.05357142857142856,1
2474,"Color of Money, The (1986)",Drama,3.3823529411764706,17,0.047619047619047616,1
49422,"OSS 117: Cairo, Nest of Spies (OSS 117: Le Caire nid d'espions) (2006)",Adventure|Comedy|Crime,3.0,1,0.0,0
1759,"Four Days in September (O Que É Isso, Companheiro?) (1997)",Drama,4.25,2,0.002976190476190476,1
7899,Master of the Flying Guillotine (Du bi quan wang da po xue di zi) (1975),Action,3.0,1,0.0,0
111364,Godzilla (2014),Action|Adventure|Sci-Fi|IMAX,3.5,3,0.005952380952380952,0
4690,"Cotton Club, The (1984)",Crime|Musical,3.125,4,0.008928571428571428,0
97643,[REC]³ 3 Génesis (2012),Horror|Thriller,2.25,2,0.002976190476190476,0
1429,First Strike (Police Story 4: First Strike) (Ging chaat goo si 4: Ji gaan daan yam mo) (1996),Action|Adventure|Comedy|Thriller,2.9722222222222223,18,0.050595238095238096,0
31420,Assault on Precinct 13 (2005),Action|Crime|Drama|Thriller,3.375,12,0.03273809523809523,1
239,"Goofy Movie, A (1995)",Animation|Children|Comedy|Romance,3.2222222222222223,18,0.050595238095238096,1
100087,Night of the Demons 2 (1994),Horror,3.0,1,0.0,0
25764,"Cameraman, The (1928)",Comedy|Drama|Romance,5.0,1,0.0,1
262,"Little Princess, A (1995)",Children|Drama,4.2727272727272725,22,0.062499999999999986,1
156,Blue in the Face (1995),Comedy|Drama,4.071428571428571,7,0.017857142857142856,1
421,Black Beauty (1994),Adventure|Children|Drama,3.1,10,0.026785714285714284,1
1635,"Ice Storm, The (1997)",Drama,3.9375,32,0.09226190476190475,1
3932,"Invisible Man, The (1933)",Horror|Sci-Fi,3.7857142857142856,7,0.017857142857142856,1
25773,Little Caesar (1931),Crime|Drama,4.0,1,0.0,1
5361,White Fang (1991),Adventure,2.6666666666666665,3,0.005952380952380952,0
27706,Lemony Snicket's A Series of Unfortunate Events (2004),Adventure|Children|Comedy|Fantasy,3.34375,16,0.04464285714285714,1
4235,Amores Perros (Love's a Bitch) (2000),Drama|Thriller,3.8636363636363638,33,0.09523809523809523,0
118930,Bill Burr: I'm Sorry You Feel That Way (2014),Comedy,0.5,1,0.0,0
106696,Frozen (2013),Adventure|Animation|Comedy|Fantasy|Musical|Romance,3.4166666666666665,6,0.01488095238095238,0
68135,17 Again (2009),Comedy|Drama,3.2857142857142856,7,0.017857142857142856,0
2183,"Man Who Knew Too Much, The (1956)",Adventure|Drama|Mystery|Thriller,3.727272727272727,11,0.029761904761904757,1
31698,Son of the Mask (2005),Adventure|Children|Comedy|Fantasy,0.875,4,0.008928571428571428,0
52042,Black Book (Zwartboek) (2006),Drama|Thriller|War,4.142857142857143,7,0.017857142857142856,0
74152,Zach Galifianakis: Live at the Purple Onion (2006),Comedy|Documentary,3.0,3,0.005952380952380952,0
2170,Wrongfully Accused (1998),Action|Comedy,2.227272727272727,11,0.029761904761904757,0
36529,Lord of War (2005),Action|Crime|Drama|Thriller|War,3.8125,24,0.06845238095238095,1
26713,Days of Being Wild (A Fei jingjyuhn) (1990),Drama|Romance,2.75,2,0.002976190476190476,0
433,Clean Slate (1994),Comedy,3.142857142857143,7,0.017857142857142856,0
67087,"I Love You, Man (2009)",Comedy,3.75,12,0.03273809523809523,1
67267,Sunshine Cleaning (2008),Comedy|Drama,3.5,2,0.002976190476190476,0
422,Blink (1994),Thriller,3.3,5,0.011904761904761904,0
5094,Rollerball (2002),Action|Sci-Fi,1.6,5,0.011904761904761904,0
5633,Heaven (2002),Drama,2.8,5,0.011904761904761904,0
3956,Lost Souls (2000),Drama|Horror|Thriller,1.6,5,0.011904761904761904,0
3579,I Dreamed of Africa (2000),Drama,1.0,2,0.002976190476190476,0
1207,To Kill a Mockingbird (1962),Drama,4.36,75,0.22023809523809523,1
42013,"Ringer, The (2005)",Comedy,2.8333333333333335,3,0.005952380952380952,0
3197,"Presidio, The (1988)",Action|Crime|Romance|Thriller,3.0833333333333335,6,0.01488095238095238,1
838,Emma (1996),Comedy|Drama|Romance,4.0,35,0.10119047619047618,1
6287,Anger Management (2003),Comedy,2.710526315789474,19,0.05357142857142856,0
6380,Capturing the Friedmans (2003),Documentary,3.5,9,0.023809523809523808,1
2387,Very Bad Things (1998),Comedy|Crime,3.0,9,0.023809523809523808,1
89753,Tinker Tailor Soldier Spy (2011),Drama|Film-Noir|Thriller,3.5,3,0.005952380952380952,0
1375,Star Trek III: The Search for Spock (1984),Action|Adventure|Sci-Fi,3.1574074074074074,54,0.15773809523809523,1
109374,"Grand Budapest Hotel, The (2014)",Comedy|Drama,4.076923076923077,13,0.03571428571428571,1
26729,Hearts of Darkness: A Filmmakers Apocalypse (1991),Documentary,4.125,4,0.008928571428571428,0
7223,D.O.A. (1950),Drama|Film-Noir|Mystery,3.5,1,0.0,0
91500,"Hunger Games, The (2012)",Action|Adventure|Drama|Sci-Fi|Thriller,3.8181818181818183,11,0.029761904761904757,1
2929,Reds (1981),Drama|Romance,3.6,5,0.011904761904761904,1
3258,Death Becomes Her (1992),Comedy|Fantasy,2.588235294117647,17,0.047619047619047616,0
3276,Gun Shy (2000),Comedy,2.25,2,0.002976190476190476,0
3525,Bachelor Party (1984),Comedy,3.1875,16,0.04464285714285714,0
45028,"Prairie Home Companion, A (2006)",Comedy|Drama|Musical,4.0,4,0.008928571428571428,1
5400,"Sum of All Fears, The (2002)",Drama|Thriller,3.25,16,0.04464285714285714,0
2123,All Dogs Go to Heaven (1989),Animation|Children|Comedy|Drama|Fantasy,2.8846153846153846,13,0.03571428571428571,1
203,"To Wong Foo, Thanks for Everything! Julie Newmar (1995)",Comedy,2.759259259259259,27,0.07738095238095237,1
61361,"Women, The (2008)",Comedy|Drama,2.0,1,0.0,0
5380,"Importance of Being Earnest, The (2002)",Comedy|Drama|Romance,3.590909090909091,11,0.029761904761904757,0
3047,Experience Preferred... But Not Essential (1982),Drama,5.0,1,0.0,1
1939,"Best Years of Our Lives, The (1946)",Drama|War,4.222222222222222,9,0.023809523809523808,1
4728,Rat Race (2001),Comedy,3.4166666666666665,24,0.06845238095238095,1
2301,History of the World: Part I (1981),Comedy|Musical,3.3666666666666667,15,0.04166666666666666,0
2412,Rocky V (1990),Action|Drama,2.1052631578947367,19,0.05357142857142856,0
2367,King Kong (1976),Adventure|Fantasy|Romance|Sci-Fi|Thriller,2.7916666666666665,12,0.03273809523809523,0
929,Foreign Correspondent (1940),Drama|Film-Noir|Mystery|Thriller,3.7777777777777777,9,0.023809523809523808,0
6768,Luther (2003),Drama,3.625,4,0.008928571428571428,0
209,White Man's Burden (1995),Drama,2.75,4,0.008928571428571428,0
6058,Final Destination 2 (2003),Horror|Thriller,3.357142857142857,7,0.017857142857142856,0
2037,Candleshoe (1977),Adventure|Children|Comedy,2.6666666666666665,3,0.005952380952380952,0
5603,"Lavender Hill Mob, The (1951)",Comedy|Crime,4.0,2,0.002976190476190476,1
1385,Under Siege (1992),Action|Drama|Thriller,3.103448275862069,29,0.08333333333333333,1
4338,Twelve O'Clock High (1949),Drama|War,3.25,2,0.002976190476190476,0
1218,"Killer, The (Die xue shuang xiong) (1989)",Action|Crime|Drama|Thriller,4.235294117647059,17,0.047619047619047616,1
52435,How the Grinch Stole Christmas! (1966),Animation|Comedy|Fantasy|Musical,3.6666666666666665,3,0.005952380952380952,1
1735,Great Expectations (1998),Drama|Romance,3.3529411764705883,17,0.047619047619047616,0
80350,Vampires Suck (2010),Comedy,0.5,2,0.002976190476190476,0
63446,"Christmas Tale, A (Un conte de Noël) (2008)",Comedy|Drama,4.0,2,0.002976190476190476,0
4749,3 Ninjas Kick Back (1994),Action|Children|Comedy,1.5,2,0.002976190476190476,0
7164,Peter Pan (2003),Action|Adventure|Children|Fantasy,3.7857142857142856,7,0.017857142857142856,0
321,Strawberry and Chocolate (Fresa y chocolate) (1993),Drama,3.3,5,0.011904761904761904,0
34334,Stealth (2005),Action|Adventure|Sci-Fi|Thriller,2.4,5,0.011904761904761904,0
53322,Ocean's Thirteen (2007),Crime|Thriller,3.8125,24,0.06845238095238095,1
112852,Guardians of the Galaxy (2014),Action|Adventure|Sci-Fi,3.6666666666666665,6,0.01488095238095238,0
5799,Exodus (1960),Drama|Romance|War,4.0,2,0.002976190476190476,0
69654,Prison Break: The Final Break (2009),Action|Drama|Thriller,4.25,2,0.002976190476190476,1
5522,Rollerball (1975),Action|Drama|Sci-Fi,4.0,4,0.008928571428571428,1
4474,Beaches (1988),Comedy|Drama|Musical,3.3333333333333335,9,0.023809523809523808,0
88692,Princess Ka'iulani (2009),Drama|Romance,3.5,1,0.0,0
5740,Faces of Death: Fact or Fiction? (1999),Documentary|Horror,1.0,1,0.0,0
3280,"Baby, The (1973)",Horror,5.0,1,0.0,1
2176,Rope (1948),Crime|Drama|Thriller,3.9285714285714284,7,0.017857142857142856,1
6315,Wildcats (1986),Comedy,2.5,2,0.002976190476190476,0
5957,Two Weeks Notice (2002),Comedy|Romance,3.323529411764706,17,0.047619047619047616,0
3130,Bonfire of the Vanities (1990),Comedy|Crime|Drama,2.6666666666666665,6,0.01488095238095238,1
71530,Surrogates (2009),Action|Sci-Fi|Thriller,3.5,9,0.023809523809523808,0
48520,Employee of the Month (2006),Comedy,3.0,4,0.008928571428571428,0
25771,"Andalusian Dog, An (Chien andalou, Un) (1929)",Fantasy,3.875,4,0.008928571428571428,1
2441,"Hi-Lo Country, The (1998)",Drama|Romance|Western,2.6666666666666665,3,0.005952380952380952,1
3928,Abbott and Costello Meet Frankenstein (1948),Comedy|Horror,3.6666666666666665,3,0.005952380952380952,1
7036,Teen Wolf (1985),Comedy|Fantasy,2.8333333333333335,3,0.005952380952380952,0
464,Hard Target (1993),Action|Adventure|Crime|Thriller,2.6363636363636362,11,0.029761904761904757,1
2320,Apt Pupil (1998),Drama|Thriller,2.888888888888889,9,0.023809523809523808,0
3094,Maurice (1987),Drama|Romance,4.0,3,0.005952380952380952,1
33004,"Hitchhiker's Guide to the Galaxy, The (2005)",Adventure|Comedy|Sci-Fi,3.15,30,0.0863095238095238,0
2205,Mr. & Mrs. Smith (1941),Comedy|Romance,3.25,4,0.008928571428571428,1
4,Waiting to Exhale (1995),Comedy|Drama|Romance,2.375,12,0.03273809523809523,0
5960,Bad Influence (1990),Drama|Thriller,3.1666666666666665,3,0.005952380952380952,0
6777,Judgment at Nuremberg (1961),Drama,4.0,3,0.005952380952380952,1
2670,Run Silent Run Deep (1958),War,4.0,6,0.01488095238095238,1
6662,"Pink Panther, The (1963)",Comedy|Crime,3.769230769230769,13,0.03571428571428571,1
427,Boxing Helena (1993),Drama|Mystery|Romance|Thriller,1.9,15,0.04166666666666666,0
103249,World War Z (2013),Action|Drama|Horror|IMAX,3.2,5,0.011904761904761904,0
3478,"Bamba, La (1987)",Drama,2.7777777777777777,9,0.023809523809523808,0
6395,"Crazies, The (a.k.a. Code Name: Trixie) (1973)",Action|Drama|Horror|Sci-Fi|Thriller,4.0,1,0.0,1
52606,Big Nothing (2006),Comedy|Crime|Thriller,3.0,1,0.0,0
2724,Runaway Bride (1999),Comedy|Romance,3.097560975609756,41,0.11904761904761904,1
58627,Never Back Down (2008),Action,3.75,2,0.002976190476190476,0
33832,Yes (2004),Drama,3.0,1,0.0,0
37386,Aeon Flux (2005),Action|Sci-Fi,2.85,10,0.026785714285714284,0
59784,Kung Fu Panda (2008),Action|Animation|Children|Comedy|IMAX,3.4285714285714284,21,0.05952380952380952,1
7215,To Have and Have Not (1944),Adventure|Drama|Romance|Thriller|War,4.5,3,0.005952380952380952,1
2568,"Mod Squad, The (1999)",Action|Crime,2.8333333333333335,6,0.01488095238095238,0
5840,"My Mother's Castle (Château de ma mère, Le) (1990)",Comedy|Drama,5.0,1,0.0,1
991,Michael Collins (1996),Drama,3.6875,8,0.020833333333333332,0
25963,"Young and the Damned, The (Olvidados, Los) (1950)",Crime|Drama,4.0,1,0.0,1
55274,Elizabeth: The Golden Age (2007),Drama,3.8333333333333335,3,0.005952380952380952,1
1264,Diva (1981),Action|Drama|Mystery|Romance|Thriller,4.166666666666667,12,0.03273809523809523,0
3512,Return to Me (2000),Drama|Romance,3.8181818181818183,11,0.029761904761904757,0
3409,Final Destination (2000),Drama|Thriller,3.033333333333333,30,0.0863095238095238,1
44022,Ice Age 2: The Meltdown (2006),Adventure|Animation|Children|Comedy,3.4444444444444446,18,0.050595238095238096,0
5548,Down and Out in Beverly Hills (1986),Comedy,3.3333333333333335,3,0.005952380952380952,0
4623,Major League (1989),Comedy,3.3333333333333335,18,0.050595238095238096,0
633,Denise Calls Up (1995),Comedy,3.6666666666666665,3,0.005952380952380952,0
1858,Mr. Nice Guy (Yat goh ho yan) (1997),Action|Comedy,3.3,5,0.011904761904761904,1
7254,The Butterfly Effect (2004),Drama|Sci-Fi|Thriller,3.619047619047619,42,0.12202380952380952,1
1937,Going My Way (1944),Comedy|Drama|Musical,3.0,1,0.0,0
55247,Into the Wild (2007),Action|Adventure|Drama,4.2,30,0.0863095238095238,1
8370,"Blind Swordsman: Zatoichi, The (Zatôichi) (2003)",Action|Comedy|Crime|Drama,3.75,8,0.020833333333333332,1
3861,"Replacements, The (2000)",Comedy,2.9166666666666665,12,0.03273809523809523,1
5090,"Hunchback of Notre Dame, The (Notre Dame de Paris) (1956)",Drama,2.625,4,0.008928571428571428,1
436,Color of Night (1994),Drama|Thriller,2.875,8,0.020833333333333332,0
6932,Shattered Glass (2003),Crime|Drama,3.7857142857142856,7,0.017857142857142856,1
3217,"Star Is Born, A (1937)",Drama,4.5,2,0.002976190476190476,1
5680,Auto Focus (2002),Crime|Drama,2.7,5,0.011904761904761904,0
95167,Brave (2012),Action|Adventure|Animation|Children,3.6875,8,0.020833333333333332,0
41863,"Three Burials of Melquiades Estrada, The (2006)",Adventure|Crime|Drama,3.875,4,0.008928571428571428,0
2570,"Walk on the Moon, A (1999)",Drama|Romance,4.25,4,0.008928571428571428,1
3665,Curse of the Puppet Master (Puppet Master 6: The Curse) (1998),Horror|Sci-Fi|Thriller,1.75,2,0.002976190476190476,0
3689,Porky's II: The Next Day (1983),Comedy,1.9,5,0.011904761904761904,0
6611,Umberto D. (1952),Drama,3.5,3,0.005952380952380952,1
34530,Deuce Bigalow: European Gigolo (2005),Comedy,2.0,2,0.002976190476190476,0
5833,Dog Soldiers (2002),Action|Horror,3.7857142857142856,7,0.017857142857142856,1
4005,"Living Daylights, The (1987)",Action|Adventure|Thriller,2.9705882352941178,17,0.047619047619047616,1
27831,Layer Cake (2004),Crime|Drama|Thriller,3.5384615384615383,13,0.03571428571428571,0
6920,"Cercle Rouge, Le (Red Circle, The) (1970)",Crime|Thriller,4.5,1,0.0,1
3973,Book of Shadows: Blair Witch 2 (2000),Crime|Horror|Mystery|Thriller,1.7222222222222223,9,0.023809523809523808,0
7046,"Witches of Eastwick, The (1987)",Comedy|Fantasy|Horror|Thriller,3.4444444444444446,9,0.023809523809523808,1
248,Houseguest (1994),Comedy,3.090909090909091,11,0.029761904761904757,0
1913,Picnic at Hanging Rock (1975),Drama|Mystery,3.923076923076923,13,0.03571428571428571,0
35,Carrington (1995),Drama|Romance,3.2,5,0.011904761904761904,0
360,I Love Trouble (1994),Action|Comedy,2.8529411764705883,17,0.047619047619047616,1
2001,Lethal Weapon 2 (1989),Action|Comedy|Crime|Drama,3.3,55,0.16071428571428573,0
2613,Night of the Comet (1984),Comedy|Horror|Sci-Fi,3.388888888888889,9,0.023809523809523808,0
7572,Wit (2001),Drama,4.125,4,0.008928571428571428,1
5970,My Girl (1991),Comedy|Drama|Romance,3.227272727272727,11,0.029761904761904757,0
90374,Martha Marcy May Marlene (2011),Drama|Thriller,3.25,2,0.002976190476190476,0
3895,"Watcher, The (2000)",Crime|Thriller,3.1666666666666665,3,0.005952380952380952,0
6721,Once Upon a Time in China (Wong Fei Hung) (1991),Action|Adventure|Drama,4.125,4,0.008928571428571428,0
5710,Banana Joe (1981),Comedy,2.8333333333333335,3,0.005952380952380952,0
1069,"Murder, My Sweet (1944)",Crime|Film-Noir|Thriller,4.1,5,0.011904761904761904,1
101,Bottle Rocket (1996),Adventure|Comedy|Crime|Romance,3.8125,24,0.06845238095238095,1
2184,"Trouble with Harry, The (1955)",Comedy|Mystery,3.4583333333333335,12,0.03273809523809523,0
1295,"Unbearable Lightness of Being, The (1988)",Drama,3.433333333333333,15,0.04166666666666666,0
892,Twelfth Night (1996),Comedy|Drama|Romance,3.9166666666666665,6,0.01488095238095238,1
59382,"Flight of the Red Balloon (Voyage du ballon rouge, Le) (2007)",Drama,1.0,1,0.0,0
3911,Best in Show (2000),Comedy,3.8658536585365852,41,0.11904761904761904,0
2373,Red Sonja (1985),Action|Adventure|Fantasy,2.2142857142857144,7,0.017857142857142856,0
4856,Destiny in Space (1994),Documentary|IMAX,3.5,1,0.0,0
1432,Metro (1997),Action|Comedy|Crime|Drama|Thriller,2.6875,8,0.020833333333333332,0
891,Halloween: The Curse of Michael Myers (Halloween 6: The Curse of Michael Myers) (1995),Horror|Thriller,2.05,10,0.026785714285714284,0
4133,Masters of the Universe (1987),Action|Adventure|Fantasy|Sci-Fi,2.0714285714285716,7,0.017857142857142856,0
640,Diabolique (1996),Drama|Thriller,2.9166666666666665,24,0.06845238095238095,0
6538,Swimming Pool (2003),Drama|Mystery|Thriller,4.3,5,0.011904761904761904,1
66203,He's Just Not That Into You (2009),Comedy|Drama|Romance,3.5625,8,0.020833333333333332,1
60007,Doctor Who (1996),Adventure|Sci-Fi,3.0,1,0.0,0
1464,Lost Highway (1997),Crime|Drama|Fantasy|Film-Noir|Mystery|Romance,3.3157894736842106,19,0.05357142857142856,1
82527,Barney's Version (2010),Drama,4.25,2,0.002976190476190476,1
86882,Midnight in Paris (2011),Comedy|Fantasy|Romance,3.6666666666666665,9,0.023809523809523808,1
1057,Everyone Says I Love You (1996),Comedy|Musical|Romance,3.8125,16,0.04464285714285714,0
6374,"In-Laws, The (2003)",Comedy,3.5,3,0.005952380952380952,1
1217,Ran (1985),Drama|War,4.2727272727272725,22,0.062499999999999986,1
54378,Man's Job (Miehen työ) (2007),Drama,2.25,2,0.002976190476190476,0
1699,"Butcher Boy, The (1997)",Comedy|Drama,3.2,5,0.011904761904761904,0
2296,"Night at the Roxbury, A (1998)",Comedy,2.909090909090909,11,0.029761904761904757,0
31655,Inferno (1953),Drama,4.0,1,0.0,1
1379,Young Guns II (1990),Action|Western,3.0714285714285716,14,0.03869047619047619,0
26649,Lonesome Dove (1989),Adventure|Drama|Western,3.8333333333333335,6,0.01488095238095238,1
82463,Another Year (2010),Drama,4.25,2,0.002976190476190476,1
3731,Cutter's Way (1981),Drama|Thriller,4.0,1,0.0,1
3034,Robin Hood (1973),Adventure|Animation|Children|Comedy|Musical,3.74,25,0.07142857142857142,1
1192,Paris Is Burning (1990),Documentary,4.583333333333333,6,0.01488095238095238,0
799,"Frighteners, The (1996)",Comedy|Horror|Thriller,3.4558823529411766,34,0.09821428571428571,0
45442,Poseidon (2006),Action|Adventure|Thriller|IMAX,2.75,6,0.01488095238095238,0
1243,Rosencrantz and Guildenstern Are Dead (1990),Comedy|Drama,3.840909090909091,22,0.062499999999999986,1
7725,On Deadly Ground (1994),Action|Adventure|Thriller,2.5,2,0.002976190476190476,0
104863,What If (2013),Comedy|Drama|Romance,3.0,1,0.0,0
3263,White Men Can't Jump (1992),Comedy|Drama,3.25,26,0.0744047619047619,0
8638,Before Sunset (2004),Drama|Romance,4.125,12,0.03273809523809523,1
2248,Say Anything... (1989),Comedy|Drama|Romance,3.8793103448275863,29,0.08333333333333333,0
2731,"400 Blows, The (Les quatre cents coups) (1959)",Crime|Drama,4.125,20,0.05654761904761904,1
2734,"Mosquito Coast, The (1986)",Adventure|Drama|Thriller,3.65,10,0.026785714285714284,1
931,Spellbound (1945),Mystery|Romance|Thriller,3.8076923076923075,13,0.03571428571428571,1
2836,Outside Providence (1999),Comedy,3.7142857142857144,7,0.017857142857142856,0
1049,"Ghost and the Darkness, The (1996)",Action|Adventure,3.742424242424242,33,0.09523809523809523,0
103984,"Great Beauty, The (Grande Bellezza, La) (2013)",Comedy|Drama,5.0,1,0.0,1
2243,Broadcast News (1987),Comedy|Drama|Romance,3.5945945945945947,37,0.10714285714285714,1
6122,Richard Pryor Live on the Sunset Strip (1982),Comedy|Documentary,3.8333333333333335,3,0.005952380952380952,1
43333,Water (2005),Drama|Romance,3.8333333333333335,3,0.005952380952380952,0
2606,Idle Hands (1999),Comedy|Horror,2.95,10,0.026785714285714284,1
1772,Blues Brothers 2000 (1998),Action|Comedy|Musical,2.3684210526315788,19,0.05357142857142856,0
86781,Incendies (2010),Drama|Mystery|War,3.25,6,0.01488095238095238,0
1717,Scream 2 (1997),Comedy|Horror|Mystery|Thriller,2.517857142857143,28,0.08035714285714285,0
5051,Italian for Beginners (Italiensk for begyndere) (2000),Comedy|Drama|Romance,3.388888888888889,9,0.023809523809523808,1
6595,S.W.A.T. (2003),Action|Thriller,3.1176470588235294,17,0.047619047619047616,0
1466,Donnie Brasco (1997),Crime|Drama,3.78125,48,0.13988095238095238,1
6054,"Moon-Spinners, The (1964)",Children|Mystery,0.5,1,0.0,0
8640,King Arthur (2004),Action|Adventure|Drama|War,3.3,10,0.026785714285714284,1
905,It Happened One Night (1934),Comedy|Romance,4.184210526315789,19,0.05357142857142856,1
4000,"Bounty, The (1984)",Adventure|Drama,3.25,2,0.002976190476190476,0
1442,Prefontaine (1997),Drama,3.25,4,0.008928571428571428,0
49278,Déjà Vu (Deja Vu) (2006),Action|Sci-Fi|Thriller,3.909090909090909,11,0.029761904761904757,0
15,Cutthroat Island (1995),Action|Adventure|Romance,2.6052631578947367,19,0.05357142857142856,1
5504,Spy Kids 2: The Island of Lost Dreams (2002),Adventure|Children,2.5,5,0.011904761904761904,0
88140,Captain America: The First Avenger (2011),Action|Adventure|Sci-Fi|Thriller|War,3.7857142857142856,14,0.03869047619047619,0
37477,"Man, The (2005)",Action|Comedy|Crime,3.1666666666666665,3,0.005952380952380952,1
5900,Analyze That (2002),Comedy|Crime,2.6818181818181817,11,0.029761904761904757,0
97225,Hotel Transylvania (2012),Animation|Children|Comedy,3.5,1,0.0,0
60487,"It's the Great Pumpkin, Charlie Brown (1966)",Animation|Children|Comedy,3.5,5,0.011904761904761904,0
1894,Six Days Seven Nights (1998),Adventure|Comedy|Romance,3.225,20,0.05654761904761904,1
4792,13 Ghosts (1960),Horror,2.625,4,0.008928571428571428,0
694,"Substitute, The (1996)",Action|Crime|Drama,2.5588235294117645,17,0.047619047619047616,0
3769,Thunderbolt and Lightfoot (1974),Action,2.875,4,0.008928571428571428,0
54997,3:10 to Yuma (2007),Action|Crime|Drama|Western,3.7413793103448274,29,0.08333333333333333,0
1006,"Chamber, The (1996)",Drama,3.3636363636363638,11,0.029761904761904757,0
3323,Chain of Fools (2000),Comedy|Crime,3.0,1,0.0,0
90647,Puss in Boots (2011),Adventure|Animation|Comedy|Fantasy|IMAX,4.125,4,0.008928571428571428,1
2905,Sanjuro (Tsubaki Sanjûrô) (1962),Action|Adventure|Drama,4.0,7,0.017857142857142856,0
32582,"Wild Parrots of Telegraph Hill, The (2003)",Documentary,4.75,2,0.002976190476190476,1
7044,Wild at Heart (1990),Crime|Drama|Mystery|Romance|Thriller,3.75,8,0.020833333333333332,0
5131,How to Kill Your Neighbor's Dog (2000),Comedy|Drama,3.5,1,0.0,0
6731,Day of the Dead (1985),Horror|Sci-Fi|Thriller,3.45,10,0.026785714285714284,1
8870,"Forgotten, The (2004)",Drama|Mystery|Sci-Fi|Thriller,3.5,5,0.011904761904761904,1
69,Friday (1995),Comedy,3.5208333333333335,24,0.06845238095238095,1
6974,"Freshman, The (1990)",Comedy|Crime,3.5,4,0.008928571428571428,0
369,Mrs. Parker and the Vicious Circle (1994),Drama,3.375,4,0.008928571428571428,1
8836,Wicker Park (2004),Drama|Romance|Thriller,3.1666666666666665,3,0.005952380952380952,0
3505,No Way Out (1987),Drama|Mystery|Thriller,3.6666666666666665,9,0.023809523809523808,0
5817,Ararat (2002),Drama|War,3.6666666666666665,3,0.005952380952380952,0
3104,Midnight Run (1988),Action|Comedy|Crime|Thriller,3.6956521739130435,23,0.06547619047619047,0
5235,Split Second (1992),Action|Sci-Fi|Thriller,3.0,2,0.002976190476190476,1
6849,Scrooge (1970),Drama|Fantasy|Musical,4.25,2,0.002976190476190476,0
7034,Show Me Love (Fucking Åmål) (1998),Drama|Romance,4.142857142857143,7,0.017857142857142856,0
8525,"Ugly Dachshund, The (1966)",Children|Comedy,4.0,1,0.0,1
351,"Corrina, Corrina (1994)",Comedy|Drama|Romance,3.075,20,0.05654761904761904,0
2139,"Secret of NIMH, The (1982)",Adventure|Animation|Children|Drama,3.9814814814814814,27,0.07738095238095237,1
71160,"Hunt For Gollum, The (2009)",Action|Adventure|Fantasy,3.5,1,0.0,0
2418,Nothing in Common (1986),Comedy,2.75,4,0.008928571428571428,0
8340,Escape from Alcatraz (1979),Drama|Thriller,3.8333333333333335,12,0.03273809523809523,1
103141,Monsters University (2013),Adventure|Animation|Comedy,4.0,6,0.01488095238095238,1
6163,He Loves Me... He Loves Me Not (À la folie... pas du tout) (2002),Romance|Thriller,3.25,2,0.002976190476190476,0
4823,Serendipity (2001),Comedy|Romance,2.847826086956522,23,0.06547619047619047,1
96655,Robot & Frank (2012),Comedy|Drama|Sci-Fi,3.5,6,0.01488095238095238,0
2920,Children of Paradise (Les enfants du paradis) (1945),Drama|Romance,4.833333333333333,6,0.01488095238095238,1
56788,Charlie Wilson's War (2007),Comedy|Drama|War,3.7916666666666665,12,0.03273809523809523,0
56945,"Perfect Holiday, The (2007)",Comedy|Romance,3.0,1,0.0,0
68073,"Boat That Rocked, The (a.k.a. Pirate Radio) (2009)",Comedy|Drama,3.3333333333333335,6,0.01488095238095238,0
2933,"Fire Within, The (Feu follet, Le) (1963)",Drama,3.8333333333333335,3,0.005952380952380952,0
5433,Silver Bullet (Stephen King's Silver Bullet) (1985),Adventure|Drama|Horror|Mystery|Thriller,2.0,1,0.0,0
502,"Next Karate Kid, The (1994)",Action|Children|Romance,2.0952380952380953,21,0.05952380952380952,0
78637,Shrek Forever After (a.k.a. Shrek: The Final Chapter) (2010),Adventure|Animation|Children|Comedy|Fantasy|IMAX,3.0,4,0.008928571428571428,1
45081,Silent Hill (2006),Fantasy|Horror|Thriller,2.3333333333333335,3,0.005952380952380952,0
125,Flirting With Disaster (1996),Comedy,4.076923076923077,13,0.03571428571428571,1
984,"Pompatus of Love, The (1996)",Comedy|Drama,2.6,5,0.011904761904761904,0
2126,Snake Eyes (1998),Action|Crime|Mystery|Thriller,3.1470588235294117,17,0.047619047619047616,0
4757,Rock Star (2001),Comedy|Drama|Musical,3.5,2,0.002976190476190476,1
299,Priest (1994),Drama,3.2777777777777777,9,0.023809523809523808,0
2346,"Stepford Wives, The (1975)",Mystery|Sci-Fi|Thriller,3.4,5,0.011904761904761904,0
5540,Clash of the Titans (1981),Action|Adventure|Fantasy|Romance,3.357142857142857,7,0.017857142857142856,1
54121,Broken Arrow (1950),Drama|Romance|Western,3.0,1,0.0,0
2245,Working Girl (1988),Comedy|Drama|Romance,3.3181818181818183,33,0.09523809523809523,1
3089,Bicycle Thieves (a.k.a. The Bicycle Thief) (a.k.a. The Bicycle Thieves) (Ladri di biciclette) (1948),Drama,4.28125,16,0.04464285714285714,1
56156,Hitman (2007),Action|Crime|Thriller,2.6,5,0.011904761904761904,0
4131,Making Mr. Right (1987),Comedy|Romance|Sci-Fi,0.5,1,0.0,0
155,Beyond Rangoon (1995),Adventure|Drama|War,3.6,5,0.011904761904761904,0
26791,Shining Through (1992),Drama|Romance|Thriller|War,4.5,1,0.0,1
7482,Enter the Dragon (1973),Action|Crime,3.875,20,0.05654761904761904,1
1280,Raise the Red Lantern (Da hong deng long gao gao gua) (1991),Drama,4.318181818181818,11,0.029761904761904757,1
27611,Battlestar Galactica (2003),Drama|Sci-Fi|War,3.4615384615384617,13,0.03571428571428571,0
26554,"Quiet Earth, The (1985)",Drama|Mystery|Sci-Fi,3.0,1,0.0,0
104879,Prisoners (2013),Drama|Mystery|Thriller,4.0,3,0.005952380952380952,0
45068,Mirage (1965),Mystery|Thriller,2.5,1,0.0,0
4084,Beverly Hills Cop II (1987),Action|Comedy|Crime|Thriller,3.3055555555555554,18,0.050595238095238096,0
7084,"Play It Again, Sam (1972)",Comedy|Romance,3.8,5,0.011904761904761904,0
2636,"Mummy's Ghost, The (1944)",Horror,3.0,2,0.002976190476190476,0
950,"Thin Man, The (1934)",Comedy|Crime,4.173913043478261,23,0.06547619047619047,1
1604,Money Talks (1997),Action|Comedy,3.8333333333333335,3,0.005952380952380952,0
476,"Inkwell, The (1994)",Comedy|Drama,2.5,2,0.002976190476190476,0
102686,"Hangover Part III, The (2013)",Comedy,2.5,1,0.0,0
1425,Fierce Creatures (1997),Comedy,3.125,8,0.020833333333333332,0
9009,"Last Minute, The (2001)",Drama|Mystery|Thriller,3.0,1,0.0,0
92,Mary Reilly (1996),Drama|Horror|Thriller,2.6,10,0.026785714285714284,0
5325,Dogtown and Z-Boyz (2001),Documentary,4.2,5,0.011904761904761904,1
95309,Seeking a Friend for the End of the World (2012),Comedy|Drama|Romance,3.5,2,0.002976190476190476,1
1311,Santa with Muscles (1996),Comedy,2.5,1,0.0,0
5785,Jackass: The Movie (2002),Action|Comedy|Documentary,3.1923076923076925,13,0.03571428571428571,0
8371,"Chronicles of Riddick, The (2004)",Action|Sci-Fi|Thriller,3.59375,16,0.04464285714285714,1
9011,Portrait of Jennie (1948),Drama|Fantasy|Mystery|Romance,4.0,1,0.0,1
4552,"Tetsuo, the Ironman (Tetsuo) (1988)",Action|Horror|Sci-Fi|Thriller,3.9166666666666665,6,0.01488095238095238,0
2677,Buena Vista Social Club (1999),Documentary|Musical,4.208333333333333,12,0.03273809523809523,1
26819,Fortress (1992),Action|Sci-Fi,3.5,1,0.0,0
4020,"Gift, The (2000)",Thriller,3.466666666666667,15,0.04166666666666666,0
40278,Jarhead (2005),Action|Drama|War,3.7,10,0.026785714285714284,0
2161,"NeverEnding Story, The (1984)",Adventure|Children|Fantasy,3.669642857142857,56,0.1636904761904762,1
5568,Johnny Dangerously (1984),Comedy,3.25,4,0.008928571428571428,0
4398,Speed Zone! (a.k.a. Cannonball Run III) (1989),Action|Comedy,2.0,4,0.008928571428571428,0
8910,I Heart Huckabees (2004),Comedy,3.74,25,0.07142857142857142,0
33451,"Ugly, Dirty and Bad (Brutti sporchi e cattivi) (1976)",Comedy|Drama,4.75,2,0.002976190476190476,1
4443,Outland (1981),Action|Sci-Fi|Thriller,3.2,5,0.011904761904761904,1
5442,V. I. Warshawski (1991),Action|Comedy|Crime,3.5,1,0.0,0
3684,"Fabulous Baker Boys, The (1989)",Drama|Romance,3.230769230769231,13,0.03571428571428571,0
6999,Housesitter (1992),Comedy|Romance,3.6666666666666665,3,0.005952380952380952,0
235,Ed Wood (1994),Comedy|Drama,3.768292682926829,82,0.24107142857142858,0
8749,"Beautiful Troublemaker, The (La belle noiseuse) (1991)",Drama,4.5,1,0.0,1
69406,"Proposal, The (2009)",Comedy|Romance,3.9444444444444446,9,0.023809523809523808,1
3673,Benji the Hunted (1987),Adventure|Children,2.0,3,0.005952380952380952,0
86833,Bridesmaids (2011),Comedy,2.375,4,0.008928571428571428,0
639,Girl 6 (1996),Comedy|Drama,3.5,6,0.01488095238095238,1
6461,"Unforgiven, The (1960)",Drama|Western,3.2142857142857144,7,0.017857142857142856,1
7893,Return of the Street Fighter (Satsujin ken 2) (1974),Action|Crime|Drama,4.0,1,0.0,1
2073,Fandango (1985),Comedy,3.2,5,0.011904761904761904,1
51540,Zodiac (2007),Crime|Drama|Thriller,3.6470588235294117,17,0.047619047619047616,0
63853,Australia (2008),Adventure|Drama|War|Western,3.0833333333333335,6,0.01488095238095238,0
52287,Meet the Robinsons (2007),Action|Adventure|Animation|Children|Comedy|Sci-Fi,3.0,3,0.005952380952380952,0
3658,Quatermass and the Pit (1967),Horror|Sci-Fi,4.0,1,0.0,1
42,Dead Presidents (1995),Action|Crime|Drama,3.3636363636363638,11,0.029761904761904757,0
69640,Public Enemies (2009),Crime|Drama|Thriller,2.3333333333333335,3,0.005952380952380952,0
8607,Tokyo Godfathers (2003),Adventure|Animation|Drama,3.875,4,0.008928571428571428,1
4280,"World According to Garp, The (1982)",Comedy|Drama|Romance,3.15,10,0.026785714285714284,0
242,Farinelli: il castrato (1994),Drama|Musical,3.7,10,0.026785714285714284,1
25827,Mr. Deeds Goes to Town (1936),Comedy|Romance,3.75,2,0.002976190476190476,0
3980,Men of Honor (2000),Drama,3.2941176470588234,17,0.047619047619047616,0
59016,Street Kings (2008),Crime|Drama|Thriller,3.4285714285714284,7,0.017857142857142856,0
6303,"Andromeda Strain, The (1971)",Mystery|Sci-Fi,4.214285714285714,7,0.017857142857142856,1
3357,East-West (Est-ouest) (1999),Drama|Romance,4.0,5,0.011904761904761904,1
6534,Hulk (2003),Action|Adventure|Sci-Fi,2.5789473684210527,19,0.05357142857142856,0
49130,"Good Year, A (2006)",Comedy|Drama|Romance,4.0,1,0.0,1
4754,"Wicker Man, The (1973)",Drama|Horror|Mystery|Thriller,3.772727272727273,11,0.029761904761904757,1
85056,I Am Number Four (2011),Action|Sci-Fi|Thriller|IMAX,2.75,2,0.002976190476190476,0
78469,"A-Team, The (2010)",Action|Comedy|Thriller,3.7,5,0.011904761904761904,1
7265,"Dreamers, The (2003)",Drama,3.5454545454545454,11,0.029761904761904757,0
7154,Mona Lisa Smile (2003),Drama|Romance,2.75,10,0.026785714285714284,0
6803,Phenomena (a.k.a. Creepers) (1985),Horror|Mystery|Thriller,3.25,2,0.002976190476190476,0
5523,"Adventures of Pluto Nash, The (2002)",Action|Adventure|Comedy|Sci-Fi,1.5,5,0.011904761904761904,0
33587,"Uninvited, The (1944)",Horror|Mystery|Romance,3.0,1,0.0,0
529,Searching for Bobby Fischer (1993),Drama,3.84375,48,0.13988095238095238,0
1098,"Search for One-eye Jimmy, The (1996)",Comedy,4.0,1,0.0,1
3654,"Guns of Navarone, The (1961)",Action|Adventure|Drama|War,3.7222222222222223,18,0.050595238095238096,1
34321,Bad News Bears (2005),Children|Comedy,2.875,4,0.008928571428571428,0
6299,"Winged Migration (Peuple migrateur, Le) (2001)",Documentary,4.333333333333333,9,0.023809523809523808,0
2141,"American Tail, An (1986)",Adventure|Animation|Children|Comedy,3.239130434782609,23,0.06547619047619047,0
1289,Koyaanisqatsi (a.k.a. Koyaanisqatsi: Life Out of Balance) (1983),Documentary,4.115384615384615,13,0.03571428571428571,1
8614,Overboard (1987),Comedy|Romance,3.3333333333333335,3,0.005952380952380952,0
64499,Che: Part One (2008),Drama|War,2.0,1,0.0,0
5438,Men at Work (1990),Action|Comedy,3.1666666666666665,3,0.005952380952380952,0
47099,"Pursuit of Happyness, The (2006)",Drama,3.857142857142857,14,0.03869047619047619,1
2104,Tex (1982),Drama,2.6666666666666665,3,0.005952380952380952,0
84772,Paul (2011),Adventure|Comedy|Sci-Fi,3.25,6,0.01488095238095238,0
4941,Flash Gordon (1980),Action|Adventure|Sci-Fi,2.75,6,0.01488095238095238,0
2841,Stir of Echoes (1999),Horror|Mystery|Thriller,3.34375,16,0.04464285714285714,0
6755,Bubba Ho-tep (2002),Comedy|Horror,3.7857142857142856,14,0.03869047619047619,1
4232,Spy Kids (2001),Action|Adventure|Children|Comedy,2.4615384615384617,13,0.03571428571428571,0
2136,"Nutty Professor, The (1963)",Comedy|Sci-Fi,2.730769230769231,13,0.03571428571428571,1
2359,Waking Ned Devine (a.k.a. Waking Ned) (1998),Comedy,3.396551724137931,29,0.08333333333333333,1
78574,Winter's Bone (2010),Drama|Thriller,3.5,9,0.023809523809523808,0
62437,W. (2008),Drama,3.75,4,0.008928571428571428,0
89085,"Debt, The (2011)",Drama|Thriller,3.75,2,0.002976190476190476,1
3639,"Man with the Golden Gun, The (1974)",Action|Adventure|Thriller,3.380952380952381,21,0.05952380952380952,1
1255,Bad Taste (1987),Comedy|Horror|Sci-Fi,3.8181818181818183,11,0.029761904761904757,1
71205,Jennifer's Body (2009),Comedy|Horror|Sci-Fi|Thriller,2.25,2,0.002976190476190476,0
101527,Into the White (Cross of Honour) (2012),Action|Drama|War,3.0,1,0.0,0
4126,Less Than Zero (1987),Drama,2.75,4,0.008928571428571428,0
2939,Niagara (1953),Drama|Thriller,3.5,2,0.002976190476190476,0
212,Bushwhacked (1995),Adventure|Comedy|Crime|Mystery,2.0,4,0.008928571428571428,0
3388,Harry and the Hendersons (1987),Children|Comedy,2.6,10,0.026785714285714284,0
81564,Megamind (2010),Action|Animation|Children|Comedy|Sci-Fi|IMAX,3.8,10,0.026785714285714284,0
5102,Rookie of the Year (1993),Comedy|Fantasy,3.5,4,0.008928571428571428,0
102993,"Way, Way Back, The (2013)",Comedy|Drama,4.25,4,0.008928571428571428,1
2297,What Dreams May Come (1998),Adventure|Drama|Fantasy|Romance,3.21875,16,0.04464285714285714,0
2483,"Day of the Beast, The (Día de la Bestia, El) (1995)",Adventure|Comedy|Thriller,1.5,2,0.002976190476190476,0
60753,Felon (2008),Crime|Drama,4.0,1,0.0,1
8128,Au revoir les enfants (1987),Drama,4.0,6,0.01488095238095238,1
3836,Kelly's Heroes (1970),Action|Comedy|War,4.076923076923077,13,0.03571428571428571,1
4406,"Man Who Shot Liberty Valance, The (1962)",Crime|Drama|Western,4.5,8,0.020833333333333332,1
6493,Alex and Emma (2003),Comedy|Drama|Romance,2.375,4,0.008928571428571428,0
111113,Neighbors (2014),Comedy,3.0,3,0.005952380952380952,0
2970,Fitzcarraldo (1982),Adventure|Drama,4.1,5,0.011904761904761904,0
2069,"Trip to Bountiful, The (1985)",Drama,4.0,7,0.017857142857142856,1
2630,Besieged (a.k.a. L' Assedio) (1998),Drama,4.0,2,0.002976190476190476,1
5524,Blue Crush (2002),Adventure|Drama|Romance,2.125,4,0.008928571428571428,0
1275,Highlander (1986),Action|Adventure|Fantasy,3.6226415094339623,53,0.15476190476190477,0
52644,Vacancy (2007),Horror|Thriller,3.1666666666666665,3,0.005952380952380952,1
26606,"Chinese Ghost Story, A (Sinnui yauwan) (1987)",Action|Fantasy|Horror|Romance,3.0,1,0.0,0
2516,Children of the Corn III (1994),Horror,1.5,1,0.0,0
5012,Yentl (1983),Drama|Musical|Romance,3.625,4,0.008928571428571428,1
6265,Head of State (2003),Comedy,2.25,2,0.002976190476190476,0
32589,Beauty Shop (2005),Comedy,2.0,1,0.0,0
12,Dracula: Dead and Loving It (1995),Comedy|Horror,3.1,10,0.026785714285714284,1
5539,Care Bears Movie II: A New Generation (1986),Animation|Children,2.25,2,0.002976190476190476,0
8585,Rapa Nui (1994),Action|Adventure|Drama|Romance,0.5,1,0.0,0
1303,"Man Who Would Be King, The (1975)",Adventure|Drama,3.8666666666666667,15,0.04166666666666666,0
1927,All Quiet on the Western Front (1930),Action|Drama|War,3.75,12,0.03273809523809523,1
5611,"Four Feathers, The (2002)",Adventure|War,3.1666666666666665,3,0.005952380952380952,0
8529,"Terminal, The (2004)",Comedy|Drama|Romance,3.673076923076923,26,0.0744047619047619,1
1895,Can't Hardly Wait (1998),Comedy|Drama|Romance,3.3157894736842106,19,0.05357142857142856,0
1401,Ghosts of Mississippi (1996),Drama,3.3125,8,0.020833333333333332,0
3528,"Prince of Tides, The (1991)",Drama|Romance,3.1875,16,0.04464285714285714,0
6996,Highlander II: The Quickening (1991),Action|Sci-Fi,1.0,5,0.011904761904761904,0
3688,Porky's (1982),Comedy,2.9444444444444446,9,0.023809523809523808,0
996,Last Man Standing (1996),Action|Crime|Drama|Thriller,3.0526315789473686,19,0.05357142857142856,0
3020,Falling Down (1993),Action|Drama,3.6774193548387095,31,0.08928571428571427,1
4047,Gettysburg (1993),Drama|War,4.0,11,0.029761904761904757,1
26693,It (1990),Drama|Fantasy|Horror|Mystery|Thriller,2.9285714285714284,7,0.017857142857142856,1
495,In the Realm of the Senses (Ai no corrida) (1976),Drama,3.5833333333333335,6,0.01488095238095238,1
3439,Teenage Mutant Ninja Turtles II: The Secret of the Ooze (1991),Action|Children|Fantasy,3.3125,8,0.020833333333333332,1
7669,Pride and Prejudice (1995),Drama|Romance,3.9545454545454546,11,0.029761904761904757,0
72011,Up in the Air (2009),Drama|Romance,3.9583333333333335,12,0.03273809523809523,0
27266,2046 (2004),Drama|Fantasy|Romance|Sci-Fi,4.0,8,0.020833333333333332,1
102903,Now You See Me (2013),Crime|Mystery|Thriller,3.0,5,0.011904761904761904,1
64614,Gran Torino (2008),Crime|Drama,4.0,26,0.0744047619047619,1
6707,Cabin Fever (2002),Horror|Thriller,2.5,6,0.01488095238095238,1
2973,Crimes and Misdemeanors (1989),Comedy|Crime|Drama,4.270833333333333,24,0.06845238095238095,1
938,Gigi (1958),Musical,3.392857142857143,14,0.03869047619047619,1
7033,"Secret of My Succe$s, The (a.k.a. The Secret of My Success) (1987)",Comedy|Romance,2.5,2,0.002976190476190476,0
4009,Talk Radio (1988),Drama,4.0,4,0.008928571428571428,1
482,Killing Zoe (1994),Crime|Drama|Thriller,3.28125,16,0.04464285714285714,0
8581,Pirates of Silicon Valley (1999),Documentary|Drama,3.1666666666666665,3,0.005952380952380952,0
4774,Big Trouble (2002),Comedy|Crime,4.25,2,0.002976190476190476,1
96610,Looper (2012),Action|Crime|Sci-Fi,3.727272727272727,11,0.029761904761904757,0
33410,Crackerjack (2002),Comedy,4.0,1,0.0,1
48142,"Black Dahlia, The (2006)",Crime|Drama|Mystery|Thriller,2.8333333333333335,3,0.005952380952380952,0
6888,Scary Movie 3 (2003),Comedy|Horror,2.6,10,0.026785714285714284,0
31221,Elektra (2005),Action|Adventure|Crime|Drama,2.642857142857143,7,0.017857142857142856,1
408,8 Seconds (1994),Drama,2.0,3,0.005952380952380952,0
6852,In Cold Blood (1967),Crime|Drama,4.5,5,0.011904761904761904,1
5190,Inside Moves (1980),Drama,3.5,1,0.0,0
2574,"Out-of-Towners, The (1999)",Comedy,2.9166666666666665,6,0.01488095238095238,0
3614,Honeymoon in Vegas (1992),Comedy|Romance,3.0625,16,0.04464285714285714,0
278,Miami Rhapsody (1995),Comedy,2.857142857142857,7,0.017857142857142856,0
2517,Christine (1983),Horror,3.3846153846153846,13,0.03571428571428571,0
7579,Pride and Prejudice (1940),Comedy|Drama|Romance,3.75,2,0.002976190476190476,0
157,Canadian Bacon (1995),Comedy|War,2.576923076923077,13,0.03571428571428571,0
7618,Chaplin (1992),Drama,3.3,5,0.011904761904761904,0
4646,Greenfingers (2000),Comedy|Drama,3.875,4,0.008928571428571428,1
2943,Indochine (1992),Drama|Romance,4.25,8,0.020833333333333332,1
98961,Zero Dark Thirty (2012),Action|Drama|Thriller,3.7,5,0.011904761904761904,0
81537,Due Date (2010),Comedy,3.0,6,0.01488095238095238,0
7454,Van Helsing (2004),Action|Adventure|Fantasy|Horror,2.75,20,0.05654761904761904,1
2275,Six-String Samurai (1998),Action|Adventure|Sci-Fi,5.0,3,0.005952380952380952,1
696,Butterfly Kiss (1995),Drama|Thriller,5.0,1,0.0,1
57464,He Was a Quiet Man (2007),Drama,0.5,1,0.0,0
2729,Lolita (1962),Drama|Romance,3.71875,16,0.04464285714285714,1
2520,Airport (1970),Drama,3.5,4,0.008928571428571428,0
3943,Bamboozled (2000),Comedy,3.375,4,0.008928571428571428,1
5489,Nosferatu the Vampyre (Nosferatu: Phantom der Nacht) (1979),Horror,3.4375,8,0.020833333333333332,0
50685,Waitress (2007),Comedy|Drama|Romance,3.375,4,0.008928571428571428,0
49272,Casino Royale (2006),Action|Adventure|Thriller,3.984375,64,0.1875,0
6164,Lockdown (2000),Drama,3.5,1,0.0,0
5876,"Quiet American, The (2002)",Drama|Thriller|War,3.857142857142857,14,0.03869047619047619,0
2053,"Honey, I Blew Up the Kid (1992)",Children|Comedy|Sci-Fi,1.9772727272727273,22,0.062499999999999986,0
69784,Brüno (Bruno) (2009),Comedy,2.6666666666666665,6,0.01488095238095238,1
4158,Monkeybone (2001),Animation|Comedy|Fantasy,3.5,1,0.0,0
1363,"Preacher's Wife, The (1996)",Drama,2.8,10,0.026785714285714284,0
53466,Nancy Drew (2007),Adventure|Crime|Thriller,3.25,2,0.002976190476190476,0
39427,Stay (2005),Thriller,3.5,4,0.008928571428571428,1
841,"Eyes Without a Face (Yeux sans visage, Les) (1959)",Horror,3.5,3,0.005952380952380952,0
3697,Predator 2 (1990),Action|Sci-Fi|Thriller,2.921875,32,0.09226190476190475,0
8800,Code 46 (2003),Romance|Sci-Fi,4.0,2,0.002976190476190476,1
2626,Edge of Seventeen (1998),Comedy|Drama|Romance,3.0,1,0.0,0
3581,Human Traffic (1999),Comedy,3.9,5,0.011904761904761904,1
65577,"Tale of Despereaux, The (2008)",Adventure|Animation|Children|Comedy|Fantasy,4.0,1,0.0,1
1727,"Horse Whisperer, The (1998)",Drama|Romance,2.642857142857143,7,0.017857142857142856,0
2460,"Texas Chainsaw Massacre 2, The (1986)",Horror,1.125,4,0.008928571428571428,0
3501,Murphy's Romance (1985),Comedy|Romance,3.8,5,0.011904761904761904,1
416,Bad Girls (1994),Western,2.4545454545454546,11,0.029761904761904757,0
2549,Wing Commander (1999),Action|Sci-Fi,2.0,10,0.026785714285714284,0
3002,My Best Fiend (Mein liebster Feind) (1999),Documentary,4.5,2,0.002976190476190476,1
6271,Day for Night (La Nuit Américaine) (1973),Comedy|Drama|Romance,4.166666666666667,3,0.005952380952380952,1
78266,Splice (2009),Horror|Sci-Fi|Thriller,2.5,4,0.008928571428571428,0
80906,Inside Job (2010),Documentary,3.772727272727273,11,0.029761904761904757,0
58297,Doomsday (2008),Action|Drama|Sci-Fi|Thriller,3.5,5,0.011904761904761904,0
1609,187 (One Eight Seven) (1997),Drama|Thriller,2.4,5,0.011904761904761904,0
59731,"Bigger, Stronger, Faster* (2008)",Documentary,4.166666666666667,3,0.005952380952380952,1
3159,Fantasia 2000 (1999),Animation|Children|Musical|IMAX,3.973684210526316,19,0.05357142857142856,0
279,My Family (1995),Drama,3.5,8,0.020833333333333332,1
5016,"Shipping News, The (2001)",Drama,2.6666666666666665,6,0.01488095238095238,1
2022,"Last Temptation of Christ, The (1988)",Drama,3.659090909090909,22,0.062499999999999986,1
3364,"Asphalt Jungle, The (1950)",Crime|Film-Noir,4.1,10,0.026785714285714284,1
51063,Trailer Park Boys: The Movie (2006),Comedy|Crime,3.25,2,0.002976190476190476,0
74228,Triangle (2009),Drama|Horror|Mystery|Thriller,2.5,1,0.0,0
58293,"10,000 BC (2008)",Adventure|Romance|Thriller,1.6363636363636365,11,0.029761904761904757,0
25943,"Naked City, The (1948)",Crime|Drama|Film-Noir|Mystery,4.0,1,0.0,1
2486,"24 Hour Woman, The (1998)",Comedy|Drama,3.0,1,0.0,0
3724,Coming Home (1978),Drama|War,3.5714285714285716,7,0.017857142857142856,1
3011,"They Shoot Horses, Don't They? (1969)",Drama,4.0,6,0.01488095238095238,1
8169,*batteries not included (1987),Children|Comedy|Fantasy|Sci-Fi,3.05,10,0.026785714285714284,0
27788,"Jacket, The (2005)",Drama|Mystery|Sci-Fi|Thriller,3.6666666666666665,12,0.03273809523809523,0
6001,"King of Comedy, The (1983)",Comedy|Drama,4.0,9,0.023809523809523808,1
906,Gaslight (1944),Drama|Thriller,3.7222222222222223,9,0.023809523809523808,1
97306,Seven Psychopaths (2012),Comedy|Crime,3.0,4,0.008928571428571428,1
104760,Getaway (2013),Action|Crime,2.0,1,0.0,0
47465,Tideland (2005),Drama|Fantasy|Thriller,3.1666666666666665,3,0.005952380952380952,0
77364,"Losers, The (2010)",Action|Adventure|Drama|Mystery|Thriller,2.5,1,0.0,0
5420,Windtalkers (2002),Action|Drama|War,2.8636363636363638,11,0.029761904761904757,0
5123,"Touch of Class, A (1973)",Comedy,4.0,1,0.0,1
2714,"Wood, The (1999)",Drama,3.0,2,0.002976190476190476,0
3885,Love & Sex (2000),Comedy|Drama|Romance,2.5,2,0.002976190476190476,1
3070,"Adventures of Buckaroo Banzai Across the 8th Dimension, The (1984)",Adventure|Comedy|Sci-Fi,3.1666666666666665,21,0.05952380952380952,0
7235,Ichi the Killer (Koroshiya 1) (2001),Action|Comedy|Crime|Drama|Horror|Thriller,4.0,6,0.01488095238095238,1
1866,"Big Hit, The (1998)",Action|Comedy|Crime,3.1923076923076925,13,0.03571428571428571,0
85414,Source Code (2011),Action|Drama|Mystery|Sci-Fi|Thriller,3.6470588235294117,17,0.047619047619047616,1
3134,Grand Illusion (La grande illusion) (1937),Drama|War,4.611111111111111,9,0.023809523809523808,1
4053,Double Take (2001),Action|Comedy,1.8333333333333333,3,0.005952380952380952,0
374,Richie Rich (1994),Children|Comedy,2.411764705882353,34,0.09821428571428571,0
85412,"Troll Hunter, The (Trolljegeren) (2010)",Fantasy|Horror,4.166666666666667,3,0.005952380952380952,1
1347,"Nightmare on Elm Street, A (1984)",Horror|Thriller,3.378787878787879,33,0.09523809523809523,0
4462,18 Again! (1988),Comedy|Fantasy,2.0,1,0.0,0
4040,Don't Tell Mom the Babysitter's Dead (1991),Comedy,2.909090909090909,11,0.029761904761904757,0
4030,Dracula 2000 (2000),Horror,2.4375,8,0.020833333333333332,1
60074,Hancock (2008),Action|Adventure|Comedy|Crime|Fantasy,3.388888888888889,18,0.050595238095238096,1
56339,"Orphanage, The (Orfanato, El) (2007)",Drama|Horror|Mystery|Thriller,3.875,12,0.03273809523809523,0
8937,Friday Night Lights (2004),Action|Drama,3.9,5,0.011904761904761904,1
49822,"Good Shepherd, The (2006)",Drama|Thriller,3.4375,8,0.020833333333333332,0
1211,"Wings of Desire (Himmel über Berlin, Der) (1987)",Drama|Fantasy|Romance,3.9285714285714284,14,0.03869047619047619,1
42738,Underworld: Evolution (2006),Action|Fantasy|Horror,3.6818181818181817,11,0.029761904761904757,0
4052,Antitrust (2001),Crime|Drama|Thriller,3.4583333333333335,12,0.03273809523809523,0
103341,"World's End, The (2013)",Action|Comedy|Sci-Fi,3.25,2,0.002976190476190476,0
1744,Firestorm (1998),Action|Adventure|Thriller,2.25,4,0.008928571428571428,0
3424,Do the Right Thing (1989),Drama,3.9074074074074074,27,0.07738095238095237,0
418,Being Human (1993),Drama,2.3333333333333335,3,0.005952380952380952,0
5463,Reign of Fire (2002),Action|Adventure|Fantasy,3.1470588235294117,17,0.047619047619047616,0
3128,"Map of the World, A (1999)",Drama,3.6666666666666665,3,0.005952380952380952,0
4132,Mannequin (1987),Comedy|Romance,3.0,8,0.020833333333333332,0
43460,Tristram Shandy: A Cock and Bull Story (2005),Comedy|Drama,3.625,4,0.008928571428571428,0
45517,Cars (2006),Animation|Children|Comedy,3.4545454545454546,22,0.062499999999999986,1
3882,Bring It On (2000),Comedy,2.727272727272727,22,0.062499999999999986,0
2059,"Parent Trap, The (1998)",Children|Comedy|Romance,3.3181818181818183,11,0.029761904761904757,0
5310,Transylvania 6-5000 (1985),Comedy|Horror,2.1666666666666665,3,0.005952380952380952,0
2130,Atlantic City (1980),Crime|Drama|Romance,4.0625,8,0.020833333333333332,1
84615,Cedar Rapids (2011),Comedy,2.0,1,0.0,0
2879,Armour of God II: Operation Condor (Operation Condor) (Fei ying gai wak) (1991),Action|Adventure|Comedy,4.125,4,0.008928571428571428,1
1892,"Perfect Murder, A (1998)",Thriller,3.1964285714285716,28,0.08035714285714285,1
335,Underneath (1995),Mystery|Thriller,2.0,3,0.005952380952380952,0
103339,White House Down (2013),Action|Drama|Thriller|IMAX,2.0,1,0.0,0
1991,Child's Play (1988),Horror|Thriller,2.3214285714285716,14,0.03869047619047619,0
6774,Videodrome (1983),Fantasy|Horror|Sci-Fi|Thriller,3.3,5,0.011904761904761904,1
5312,Murder by Numbers (2002),Crime|Thriller,3.0416666666666665,12,0.03273809523809523,0
2015,"Absent-Minded Professor, The (1961)",Children|Comedy|Fantasy,3.590909090909091,11,0.029761904761904757,1
229,Death and the Maiden (1994),Drama|Thriller,3.3076923076923075,13,0.03571428571428571,1
886,Bulletproof (1996),Action|Comedy|Crime,3.7857142857142856,7,0.017857142857142856,1
140,Up Close and Personal (1996),Drama|Romance,3.576923076923077,26,0.0744047619047619,1
3268,Stop! Or My Mom Will Shoot (1992),Action|Comedy,1.4583333333333333,12,0.03273809523809523,0
59421,What Happens in Vegas... (2008),Comedy|Romance,3.6666666666666665,6,0.01488095238095238,0
1707,Home Alone 3 (1997),Children|Comedy,1.3333333333333333,6,0.01488095238095238,0
33675,After You (Après vous...) (2003),Comedy|Romance,3.5,1,0.0,0
3194,"Way We Were, The (1973)",Drama|Romance,3.7857142857142856,7,0.017857142857142856,0
8341,Oliver Twist (1948),Adventure|Crime|Drama,3.25,4,0.008928571428571428,0
2404,Rambo III (1988),Action|Adventure|Thriller|War,3.0,10,0.026785714285714284,1
4091,Can't Buy Me Love (1987),Comedy|Romance,4.0,7,0.017857142857142856,0
39449,Prime (2005),Comedy|Drama|Romance,2.8333333333333335,3,0.005952380952380952,1
1365,Ridicule (1996),Drama,3.9,5,0.011904761904761904,0
1419,Walkabout (1971),Adventure|Drama,3.5833333333333335,6,0.01488095238095238,1
86279,Into Eternity (2010),Documentary,3.25,2,0.002976190476190476,0
3397,"Great Muppet Caper, The (1981)",Children|Comedy,3.3076923076923075,13,0.03571428571428571,0
3819,Tampopo (1985),Comedy,4.25,10,0.026785714285714284,1
954,Mr. Smith Goes to Washington (1939),Drama,4.125,32,0.09226190476190475,1
695,True Crime (1996),Mystery|Thriller,2.857142857142857,7,0.017857142857142856,1
3884,"Crew, The (2000)",Comedy,2.125,4,0.008928571428571428,0
55257,Postal (2007),Action|Comedy|Thriller,2.75,2,0.002976190476190476,1
69458,Tyson (2008),Documentary,4.0,2,0.002976190476190476,1
945,Top Hat (1935),Comedy|Musical|Romance,4.285714285714286,7,0.017857142857142856,1
2669,Pork Chop Hill (1959),War,2.5,4,0.008928571428571428,0
64983,Valkyrie (2008),Drama|Thriller|War,3.7222222222222223,9,0.023809523809523808,0
4327,"Magnificent Seven, The (1960)",Adventure|Western,3.6875,16,0.04464285714285714,0
5213,"Oh, God! Book II (1980)",Comedy,4.0,1,0.0,1
8622,Fahrenheit 9/11 (2004),Documentary,3.4285714285714284,35,0.10119047619047618,1
2898,"Dark Half, The (1993)",Horror|Mystery,2.0,4,0.008928571428571428,0
3163,Topsy-Turvy (1999),Comedy|Drama|Musical,4.038461538461538,13,0.03571428571428571,1
1105,Children of the Corn IV: The Gathering (1996),Horror,1.7857142857142858,7,0.017857142857142856,0
1950,In the Heat of the Night (1967),Drama|Mystery,4.25,18,0.050595238095238096,1
8117,In China They Eat Dogs (I Kina spiser de hunde) (1999),Action|Comedy,3.0,4,0.008928571428571428,0
8907,Shark Tale (2004),Animation|Children|Comedy,2.6538461538461537,13,0.03571428571428571,0
68554,Angels & Demons (2009),Crime|Drama|Mystery|Thriller,3.111111111111111,9,0.023809523809523808,0
79091,Despicable Me (2010),Animation|Children|Comedy|Crime,3.6578947368421053,19,0.05357142857142856,0
4546,"Vanishing, The (Spoorloos) (1988)",Drama|Thriller,3.75,4,0.008928571428571428,1
6867,"Station Agent, The (2003)",Comedy|Drama,3.7941176470588234,17,0.047619047619047616,1
1281,"Great Dictator, The (1940)",Comedy|Drama|War,3.78125,16,0.04464285714285714,1
3740,Big Trouble in Little China (1986),Action|Adventure|Comedy|Fantasy,3.5576923076923075,26,0.0744047619047619,0
2376,"View to a Kill, A (1985)",Action|Adventure|Thriller,2.9375,16,0.04464285714285714,0
911,Charade (1963),Comedy|Crime|Mystery|Romance|Thriller,4.066666666666666,15,0.04166666666666666,1
6516,Anastasia (1956),Drama,3.5,2,0.002976190476190476,0
57,Home for the Holidays (1995),Drama,3.2857142857142856,14,0.03869047619047619,0
376,"River Wild, The (1994)",Action|Thriller,3.2403846153846154,52,0.1517857142857143,0
67999,Global Metal (2008),Documentary,4.0,1,0.0,1
4036,Shadow of the Vampire (2000),Drama|Horror,3.28125,16,0.04464285714285714,1
2995,House on Haunted Hill (1999),Horror|Thriller,2.6875,8,0.020833333333333332,0
6215,Laurel Canyon (2002),Drama,3.9,5,0.011904761904761904,0
105351,Runner Runner (2013),Crime|Drama|Thriller,3.5,1,0.0,0
3432,Death Wish 3 (1985),Action|Drama,1.6666666666666667,3,0.005952380952380952,0
8191,Anne of the Thousand Days (1969),Drama,4.0,3,0.005952380952380952,1
7924,Stray Dog (Nora inu) (1949),Drama|Film-Noir|Thriller,3.75,2,0.002976190476190476,0
3024,Piranha (1978),Horror|Sci-Fi,0.5,1,0.0,0
1835,City of Angels (1998),Drama|Fantasy|Romance,3.4166666666666665,18,0.050595238095238096,0
4354,Unlawful Entry (1992),Crime|Thriller,2.75,4,0.008928571428571428,0
414,"Air Up There, The (1994)",Comedy,3.5,2,0.002976190476190476,0
4293,Summer Rental (1985),Comedy,3.0,1,0.0,0
36535,Everything Is Illuminated (2005),Comedy|Drama,3.8,10,0.026785714285714284,0
37830,Final Fantasy VII: Advent Children (2004),Action|Adventure|Animation|Fantasy|Sci-Fi,3.375,8,0.020833333333333332,0
2967,"Bad Seed, The (1956)",Drama|Thriller,4.0,2,0.002976190476190476,1
91450,"Perfect Game, The (2009)",Drama,3.5,1,0.0,0
8493,Memphis Belle (1990),Action|Drama|War,3.25,8,0.020833333333333332,0
7920,Desperate Living (1977),Comedy|Crime,4.0,1,0.0,1
452,Widows' Peak (1994),Drama,3.6666666666666665,6,0.01488095238095238,1
108190,Divergent (2014),Adventure|Romance|Sci-Fi|IMAX,1.75,2,0.002976190476190476,0
58509,Sun Valley Serenade (1941),Comedy|Musical|Romance,3.0,1,0.0,0
2676,Instinct (1999),Drama|Thriller,3.7222222222222223,9,0.023809523809523808,1
2259,Blame It on Rio (1984),Comedy|Romance,2.4545454545454546,11,0.029761904761904757,0
137,Man of the Year (1995),Documentary,1.0,1,0.0,0
91542,Sherlock Holmes: A Game of Shadows (2011),Action|Adventure|Comedy|Crime|Mystery|Thriller,3.576923076923077,13,0.03571428571428571,0
4902,"Devil's Backbone, The (Espinazo del diablo, El) (2001)",Drama|Fantasy|Horror|Thriller|War,3.8,5,0.011904761904761904,1
97923,Flight (2012),Drama,3.9375,8,0.020833333333333332,1
1005,D3: The Mighty Ducks (1996),Children|Comedy,2.409090909090909,11,0.029761904761904757,0
970,Beat the Devil (1953),Adventure|Comedy|Crime|Drama|Romance,4.0,1,0.0,1
47274,Murmur of the Heart (Le souffle au coeur) (1971),Drama,1.5,1,0.0,0
6890,Elephant (2003),Drama,3.576923076923077,13,0.03571428571428571,0
56607,"Kite Runner, The (2007)",Drama,4.0,3,0.005952380952380952,1
6155,How to Lose a Guy in 10 Days (2003),Comedy|Romance,3.4705882352941178,17,0.047619047619047616,0
932,"Affair to Remember, An (1957)",Drama|Romance,4.035714285714286,14,0.03869047619047619,1
7075,"Court Jester, The (1956)",Adventure|Comedy|Musical,3.5,8,0.020833333333333332,1
40870,C.R.A.Z.Y. (2005),Drama,3.857142857142857,7,0.017857142857142856,0
33145,"Lot Like Love, A (2005)",Comedy|Drama|Romance,3.25,4,0.008928571428571428,0
56949,27 Dresses (2008),Comedy|Romance,3.1666666666666665,12,0.03273809523809523,0
4734,Jay and Silent Bob Strike Back (2001),Adventure|Comedy,3.238095238095238,21,0.05952380952380952,1
1516,Children of the Revolution (1996),Comedy,4.166666666666667,3,0.005952380952380952,1
2425,"General, The (1998)",Crime,3.5,4,0.008928571428571428,0
3135,"Great Santini, The (1979)",Drama,3.625,12,0.03273809523809523,1
2780,"Raven, The (1963)",Comedy|Horror,3.4285714285714284,7,0.017857142857142856,0
49651,Rocky Balboa (2006),Action|Drama,3.2,10,0.026785714285714284,0
7365,Noi the Albino (Nói albinói) (2003),Drama,3.6666666666666665,3,0.005952380952380952,1
1389,Jaws 3-D (1983),Action|Horror,2.3333333333333335,12,0.03273809523809523,0
4010,Brewster's Millions (1985),Comedy,3.3333333333333335,3,0.005952380952380952,1
1684,Mrs. Dalloway (1997),Drama|Romance,3.6666666666666665,3,0.005952380952380952,0
114,Margaret's Museum (1995),Drama,3.5,4,0.008928571428571428,0
44761,Brick (2005),Crime|Drama|Film-Noir|Mystery,3.8823529411764706,17,0.047619047619047616,0
3699,Starman (1984),Adventure|Drama|Romance|Sci-Fi,3.433333333333333,15,0.04166666666666666,0
1018,That Darn Cat! (1965),Children|Comedy|Mystery,2.9166666666666665,6,0.01488095238095238,0
25777,Monkey Business (1931),Comedy,1.5,1,0.0,0
106782,"Wolf of Wall Street, The (2013)",Comedy|Crime|Drama,3.727272727272727,11,0.029761904761904757,0
5961,Blue Steel (1990),Action|Thriller,3.0,3,0.005952380952380952,0
722,"Haunted World of Edward D. Wood Jr., The (1996)",Documentary,4.0,5,0.011904761904761904,1
6647,"Business of Fancydancing, The (2002)",Drama,5.0,1,0.0,1
6679,Revolution OS (2001),Documentary,3.25,2,0.002976190476190476,0
7382,I'm Not Scared (Io non ho paura) (2003),Drama|Mystery|Thriller,3.0,2,0.002976190476190476,0
2721,Trick (1999),Comedy|Romance,3.2777777777777777,9,0.023809523809523808,0
3051,Anywhere But Here (1999),Comedy|Drama,2.857142857142857,7,0.017857142857142856,1
3097,"Shop Around the Corner, The (1940)",Comedy|Drama|Romance,4.142857142857143,7,0.017857142857142856,0
7727,Protocol (1984),Comedy,2.0,1,0.0,0
32853,"Sorrow and the Pity, The (Le chagrin et la pitié) (1969)",Documentary|War,4.5,1,0.0,1
30848,"Love Song for Bobby Long, A (2004)",Drama,4.0,2,0.002976190476190476,0
58839,Leatherheads (2008),Comedy|Drama|Romance,3.5,2,0.002976190476190476,0
3726,Assault on Precinct 13 (1976),Action|Thriller,3.0,5,0.011904761904761904,1
6944,Father of the Bride (1991),Comedy,2.8333333333333335,21,0.05952380952380952,0
4273,Under the Sand (2000),Drama,2.8333333333333335,3,0.005952380952380952,0
3572,Carnosaur (1993),Horror|Sci-Fi,0.6666666666666666,3,0.005952380952380952,0
3947,Get Carter (1971),Action|Crime|Drama|Thriller,3.75,4,0.008928571428571428,0
34552,"Girl in the Café, The (2005)",Drama|Romance,4.0,2,0.002976190476190476,1
6567,Buffalo Soldiers (2001),Comedy|Crime|Drama|War,3.5,3,0.005952380952380952,1
79008,South Park: Imaginationland (2008),Animation|Comedy|Fantasy,4.0,2,0.002976190476190476,1
26947,Pusher (1996),Crime|Thriller,2.75,2,0.002976190476190476,1
71135,Pandorum (2009),Horror|Sci-Fi|Thriller,3.3333333333333335,3,0.005952380952380952,1
2280,Clay Pigeons (1998),Crime,2.625,4,0.008928571428571428,0
59604,"Girl Next Door, The (2007)",Crime|Drama|Horror|Thriller,2.1666666666666665,3,0.005952380952380952,1
60647,Transsiberian (2008),Crime|Drama|Thriller,3.6,5,0.011904761904761904,0
97860,Killing Them Softly (2012),Crime|Drama|Thriller,4.0,1,0.0,1
3327,Beyond the Mat (1999),Documentary,3.0,3,0.005952380952380952,0
4725,Session 9 (2001),Horror|Thriller,3.2142857142857144,7,0.017857142857142856,0
7789,"11'09""01 - September 11 (2002)",Drama,3.0,2,0.002976190476190476,1
34332,Sky High (2005),Action|Adventure|Children|Comedy,3.25,6,0.01488095238095238,1
88744,Rise of the Planet of the Apes (2011),Action|Drama|Sci-Fi|Thriller,3.3333333333333335,6,0.01488095238095238,0
58309,War Dance (2007),Documentary,3.5,1,0.0,0
77866,Robin Hood (2010),Action|Adventure|Drama|Romance|War,4.25,2,0.002976190476190476,1
67408,Monsters vs. Aliens (2009),Animation|Sci-Fi|IMAX,3.857142857142857,7,0.017857142857142856,1
1330,April Fool's Day (1986),Horror,2.375,8,0.020833333333333332,1
94777,Men in Black III (M.III.B.) (M.I.B.³) (2012),Action|Comedy|Sci-Fi|IMAX,3.6666666666666665,6,0.01488095238095238,1
4222,C.H.U.D. (1984),Horror,2.5,2,0.002976190476190476,1
45726,"You, Me and Dupree (2006)",Comedy,3.0625,8,0.020833333333333332,0
8062,Dahmer (2002),Drama|Horror|Thriller,1.5,1,0.0,0
1889,Insomnia (1997),Drama|Mystery|Thriller,3.6818181818181817,11,0.029761904761904757,1
2111,"Man with Two Brains, The (1983)",Comedy,2.642857142857143,7,0.017857142857142856,0
2765,"Acid House, The (1998)",Comedy|Drama,4.0,1,0.0,1
2422,"Karate Kid, Part III, The (1989)",Action|Adventure|Children|Drama,2.3333333333333335,12,0.03273809523809523,0
64993,5 Centimeters per Second (Byôsoku 5 senchimêtoru) (2007),Animation|Drama|Romance,4.75,2,0.002976190476190476,1
1479,"Saint, The (1997)",Action|Romance|Sci-Fi|Thriller,3.397727272727273,44,0.12797619047619047,1
5283,National Lampoon's Van Wilder (2002),Comedy,3.25,12,0.03273809523809523,0
2014,Freaky Friday (1977),Children|Comedy|Fantasy,3.3333333333333335,9,0.023809523809523808,0
2041,Condorman (1981),Action|Adventure|Children|Comedy,2.8333333333333335,6,0.01488095238095238,0
4465,"Accused, The (1988)",Drama,3.75,8,0.020833333333333332,1
1023,Winnie the Pooh and the Blustery Day (1968),Animation|Children|Musical,4.117647058823529,17,0.047619047619047616,1
4238,Along Came a Spider (2001),Action|Crime|Mystery|Thriller,2.7857142857142856,14,0.03869047619047619,0
691,Mrs. Winterbourne (1996),Comedy|Romance,2.5,4,0.008928571428571428,0
2442,Hilary and Jackie (1998),Drama,3.55,10,0.026785714285714284,1
2852,"Soldier's Story, A (1984)",Drama,4.0,5,0.011904761904761904,0
3429,Creature Comforts (1989),Animation|Comedy,3.7,10,0.026785714285714284,1
6249,Boat Trip (2003),Comedy,2.1666666666666665,3,0.005952380952380952,0
7156,"Fog of War: Eleven Lessons from the Life of Robert S. McNamara, The (2003)",Documentary|War,4.375,16,0.04464285714285714,0
54274,I Know Who Killed Me (2007),Crime|Drama|Thriller,1.0,2,0.002976190476190476,0
880,"Island of Dr. Moreau, The (1996)",Sci-Fi|Thriller,2.652173913043478,23,0.06547619047619047,1
56171,"Golden Compass, The (2007)",Adventure|Children|Fantasy,3.4375,8,0.020833333333333332,0
112183,Birdman (2014),Comedy|Drama,4.5,2,0.002976190476190476,1
55269,"Darjeeling Limited, The (2007)",Adventure|Comedy|Drama,3.9615384615384617,13,0.03571428571428571,1
2241,Class (1983),Comedy,2.7,5,0.011904761904761904,0
7321,Twisted (2004),Thriller,2.25,2,0.002976190476190476,0
1498,Inventing the Abbotts (1997),Drama|Romance,3.7,5,0.011904761904761904,1
2853,"Alice, Sweet Alice (a.k.a. Communion) (a.k.a. Holy Terror) (1976)",Horror|Mystery,4.0,2,0.002976190476190476,0
94677,"Dictator, The (2012)",Comedy,2.8333333333333335,3,0.005952380952380952,0
33162,Kingdom of Heaven (2005),Action|Drama|Romance|War,3.823529411764706,17,0.047619047619047616,1
3519,Force 10 from Navarone (1978),Action|Drama|War,3.3636363636363638,11,0.029761904761904757,0
3289,Not One Less (Yi ge dou bu neng shao) (1999),Drama,4.5,4,0.008928571428571428,1
2403,First Blood (Rambo: First Blood) (1982),Action|Adventure|Drama|Thriller,3.25,20,0.05654761904761904,1
80241,Going the Distance (2010),Comedy|Romance,3.3333333333333335,3,0.005952380952380952,0
631,All Dogs Go to Heaven 2 (1996),Adventure|Animation|Children|Fantasy|Musical|Romance,2.875,8,0.020833333333333332,0
4184,"Bishop's Wife, The (1947)",Comedy|Drama|Romance,4.5,2,0.002976190476190476,1
69951,"Imaginarium of Doctor Parnassus, The (2009)",Drama|Fantasy,3.611111111111111,9,0.023809523809523808,1
6881,Pieces of April (2003),Comedy|Drama,3.7,5,0.011904761904761904,1
4876,Thirteen Ghosts (a.k.a. Thir13en Ghosts) (2001),Horror|Thriller,2.8333333333333335,9,0.023809523809523808,0
32017,"Pacifier, The (2005)",Action|Comedy,2.1666666666666665,3,0.005952380952380952,0
5927,"Best Little Whorehouse in Texas, The (1982)",Comedy|Drama|Musical|Romance,2.9166666666666665,6,0.01488095238095238,0
550,Threesome (1994),Comedy|Romance,3.0714285714285716,14,0.03869047619047619,0
5747,Gallipoli (1981),Drama|War,3.8125,8,0.020833333333333332,0
6385,Whale Rider (2002),Drama,3.892857142857143,14,0.03869047619047619,1
93766,Wrath of the Titans (2012),Action|Adventure|Fantasy|IMAX,2.75,2,0.002976190476190476,0
6998,House of Cards (1993),Drama,3.25,2,0.002976190476190476,0
1621,Soul Food (1997),Drama,3.0,4,0.008928571428571428,1
8858,"Apple, The (1980)",Musical|Sci-Fi,1.0,1,0.0,0
737,Barb Wire (1996),Action|Sci-Fi,2.84375,16,0.04464285714285714,0
87869,Horrible Bosses (2011),Comedy|Crime,3.357142857142857,7,0.017857142857142856,0
40629,Pride & Prejudice (2005),Drama|Romance,4.208333333333333,12,0.03273809523809523,1
30825,Meet the Fockers (2004),Comedy,2.9444444444444446,18,0.050595238095238096,0
1931,Mutiny on the Bounty (1935),Adventure|Drama,4.0625,8,0.020833333333333332,0
2902,Psycho II (1983),Horror|Mystery|Thriller,2.4166666666666665,12,0.03273809523809523,0
3635,"Spy Who Loved Me, The (1977)",Action|Adventure|Thriller,3.4782608695652173,23,0.06547619047619047,0
6791,Babette's Feast (Babettes gæstebud) (1987),Drama,3.9,5,0.011904761904761904,1
5644,"Pride of the Yankees, The (1942)",Drama,4.0,2,0.002976190476190476,1
96430,"Odd Life of Timothy Green, The (2012)",Comedy|Drama|Fantasy,3.0,1,0.0,0
60135,Surfwise (2007),Documentary,0.5,1,0.0,0
32213,Cube Zero (2004),Horror|Mystery|Sci-Fi|Thriller,3.0,3,0.005952380952380952,0
2017,Babes in Toyland (1961),Children|Fantasy|Musical,3.3333333333333335,3,0.005952380952380952,1
2118,"Dead Zone, The (1983)",Thriller,3.5,16,0.04464285714285714,1
3991,102 Dalmatians (2000),Children|Comedy,1.6666666666666667,3,0.005952380952380952,0
2816,Iron Eagle II (1988),Action|War,2.0,6,0.01488095238095238,0
4104,Ernest Goes to Camp (1987),Comedy,2.5,2,0.002976190476190476,0
3111,Places in the Heart (1984),Drama,3.625,4,0.008928571428571428,1
2806,Teaching Mrs. Tingle (1999),Comedy|Thriller,2.9285714285714284,14,0.03869047619047619,0
112556,Gone Girl (2014),Drama|Thriller,4.625,4,0.008928571428571428,1
3359,Breaking Away (1979),Comedy|Drama,3.8333333333333335,12,0.03273809523809523,1
40959,"Ice Harvest, The (2005)",Action|Comedy|Crime|Thriller,3.25,2,0.002976190476190476,0
2090,"Rescuers, The (1977)",Adventure|Animation|Children|Crime|Drama,3.8181818181818183,11,0.029761904761904757,1
3238,Eye of the Beholder (1999),Thriller,2.0,7,0.017857142857142856,0
74789,Alice in Wonderland (2010),Adventure|Fantasy|IMAX,3.1,15,0.04166666666666666,1
62792,Pride and Glory (2008),Crime|Drama,3.0,1,0.0,0
77298,Hell (L'enfer) (2005),Drama,2.0,1,0.0,0
83189,Merrill's Marauders (1962),Adventure|Drama|War,3.0,1,0.0,0
2857,Yellow Submarine (1968),Adventure|Animation|Comedy|Fantasy|Musical,3.775,20,0.05654761904761904,1
92259,Intouchables (2011),Comedy|Drama,4.34375,16,0.04464285714285714,1
27793,Starship Troopers 2: Hero of the Federation (2004),Action|Horror|Sci-Fi|War,1.375,4,0.008928571428571428,0
38798,In Her Shoes (2005),Comedy|Drama,3.2857142857142856,7,0.017857142857142856,0
91886,Dolphin Tale (2011),Children|Drama,4.75,2,0.002976190476190476,1
4811,Quadrophenia (1979),Drama|Musical,2.6666666666666665,3,0.005952380952380952,1
4776,Training Day (2001),Crime|Drama|Thriller,3.8513513513513513,37,0.10714285714285714,1
5881,Solaris (2002),Drama|Romance|Sci-Fi,3.5,11,0.029761904761904757,0
3063,Poison Ivy (1992),Drama|Thriller,3.2083333333333335,12,0.03273809523809523,0
76866,Until the Light Takes Us (2008),Documentary,2.5,1,0.0,0
2178,Frenzy (1972),Thriller,3.7,5,0.011904761904761904,1
4041,"Officer and a Gentleman, An (1982)",Drama|Romance,3.8181818181818183,22,0.062499999999999986,1
7062,Birdman of Alcatraz (1962),Drama,3.5,4,0.008928571428571428,0
116,Anne Frank Remembered (1995),Documentary,4.375,4,0.008928571428571428,1
1496,Anna Karenina (1997),Drama|Romance,3.5,2,0.002976190476190476,1
2966,"Straight Story, The (1999)",Adventure|Drama,3.875,16,0.04464285714285714,1
62265,"Accidental Husband, The (2009)",Comedy|Romance,3.5,1,0.0,0
6367,Down with Love (2003),Comedy|Romance,2.875,12,0.03273809523809523,0
5882,Treasure Planet (2002),Adventure|Animation|Children|Sci-Fi|IMAX,3.0,3,0.005952380952380952,0
5333,Bob le Flambeur (1955),Crime|Drama,4.0,1,0.0,1
3730,"Conversation, The (1974)",Drama|Mystery,4.305555555555555,18,0.050595238095238096,1
4812,SpaceCamp (1986),Adventure|Sci-Fi,2.5,6,0.01488095238095238,0
3394,Blind Date (1987),Comedy|Romance,2.9,5,0.011904761904761904,0
2311,2010: The Year We Make Contact (1984),Sci-Fi,3.5434782608695654,23,0.06547619047619047,0
112175,How to Train Your Dragon 2 (2014),Action|Adventure|Animation,2.6666666666666665,3,0.005952380952380952,1
3004,"Bachelor, The (1999)",Comedy|Romance,2.8125,8,0.020833333333333332,0
4970,"Blue Angel, The (Blaue Engel, Der) (1930)",Drama,3.7142857142857144,7,0.017857142857142856,1
46967,Scoop (2006),Comedy|Fantasy|Mystery,3.0,5,0.011904761904761904,0
3125,"End of the Affair, The (1999)",Drama,3.9166666666666665,6,0.01488095238095238,0
4387,Kiss of the Dragon (2001),Action,2.642857142857143,7,0.017857142857142856,0
379,Timecop (1994),Action|Sci-Fi|Thriller,2.4074074074074074,27,0.07738095238095237,1
2960,Beefcake (1999),Drama,5.0,1,0.0,1
2068,Fanny and Alexander (Fanny och Alexander) (1982),Drama|Fantasy|Mystery,3.923076923076923,13,0.03571428571428571,0
55721,Elite Squad (Tropa de Elite) (2007),Action|Crime|Drama|Thriller,3.75,2,0.002976190476190476,1
57991,In Which We Serve (1942),Drama|War,3.5,1,0.0,0
2815,Iron Eagle (1986),Action|War,1.75,4,0.008928571428571428,0
8948,Alfie (2004),Comedy|Drama|Romance,3.357142857142857,7,0.017857142857142856,0
26322,Gone in 60 Seconds (1974),Action|Crime|Drama,3.5,4,0.008928571428571428,1
36326,Strings (2004),Adventure|Fantasy,3.0,1,0.0,0
5733,"Eyewitness (Janitor, The) (1981)",Thriller,4.0,1,0.0,1
8643,"Cinderella Story, A (2004)",Comedy|Romance,3.1,5,0.011904761904761904,1
5647,Ernest Goes to Africa (1997),Comedy,1.0,1,0.0,0
2882,Jakob the Liar (1999),Drama,2.5,3,0.005952380952380952,0
55052,Atonement (2007),Drama|Romance|War,3.888888888888889,9,0.023809523809523808,0
5446,Rabbit-Proof Fence (2002),Adventure|Drama,3.857142857142857,7,0.017857142857142856,1
2065,"Purple Rose of Cairo, The (1985)",Comedy|Drama|Fantasy|Romance,3.9444444444444446,18,0.050595238095238096,1
4223,Enemy at the Gates (2001),Drama|War,3.630434782608696,23,0.06547619047619047,1
7150,Stuck on You (2003),Comedy,3.375,4,0.008928571428571428,0
3010,Rosetta (1999),Drama,1.0,1,0.0,0
43679,Final Destination 3 (2006),Horror|Mystery|Thriller,2.6666666666666665,6,0.01488095238095238,0
95858,For the Birds (2000),Animation|Children|Comedy,3.5,1,0.0,0
27,Now and Then (1995),Children|Drama,3.5416666666666665,12,0.03273809523809523,0
7812,Babylon 5: Thirdspace (1998),Drama|Sci-Fi,4.0,2,0.002976190476190476,1
4681,"War of the Roses, The (1989)",Comedy|Drama,3.409090909090909,11,0.029761904761904757,0
2681,Free Enterprise (1998),Comedy|Romance|Sci-Fi,2.5,2,0.002976190476190476,0
5893,"Last Seduction, The (1994)",Crime|Drama|Thriller,4.0,5,0.011904761904761904,1
60516,Meet Dave (2008),Comedy|Sci-Fi,3.5,1,0.0,0
89388,I Don't Know How She Does It (2011),Comedy,4.5,1,0.0,1
4215,Revenge of the Nerds II: Nerds in Paradise (1987),Comedy,1.9642857142857142,14,0.03869047619047619,0
371,"Paper, The (1994)",Comedy|Drama,3.0714285714285716,28,0.08035714285714285,0
547,Surviving the Game (1994),Action|Adventure|Thriller,2.6666666666666665,3,0.005952380952380952,0
3713,"Long Walk Home, The (1990)",Drama,3.6666666666666665,3,0.005952380952380952,1
2249,My Blue Heaven (1990),Comedy,3.25,14,0.03869047619047619,0
4409,Shadows and Fog (1991),Comedy|Drama|Mystery|Thriller,3.5,2,0.002976190476190476,0
3090,Matewan (1987),Drama,3.8,5,0.011904761904761904,1
95218,First Position (2011),Documentary,4.5,1,0.0,1
4954,Ocean's Eleven (a.k.a. Ocean's 11) (1960),Comedy|Crime,3.7,5,0.011904761904761904,1
49961,Notes on a Scandal (2006),Drama,4.0,10,0.026785714285714284,0
3384,"Taking of Pelham One Two Three, The (1974)",Action|Crime,3.888888888888889,9,0.023809523809523808,1
55768,Bee Movie (2007),Animation|Comedy,3.75,4,0.008928571428571428,0
1475,Kama Sutra: A Tale of Love (1996),Romance,3.125,4,0.008928571428571428,0
54736,"Kingdom, The (2007)",Action|Drama|Thriller,3.75,4,0.008928571428571428,0
118696,The Hobbit: The Battle of the Five Armies (2014),Adventure|Fantasy,3.75,2,0.002976190476190476,0
3494,True Grit (1969),Adventure|Drama|Western,3.45,10,0.026785714285714284,1
94780,Snow White and the Huntsman (2012),Action|Adventure|Drama,3.625,4,0.008928571428571428,1
3786,But I'm a Cheerleader (1999),Comedy,3.0833333333333335,6,0.01488095238095238,1
51694,Starter for 10 (2006),Drama|Romance,3.0,2,0.002976190476190476,1
304,Roommates (1995),Comedy|Drama,3.0,5,0.011904761904761904,0
4912,Funny Girl (1968),Drama|Musical|Romance,2.6,5,0.011904761904761904,1
55232,Resident Evil: Extinction (2007),Action|Horror|Sci-Fi|Thriller,3.75,8,0.020833333333333332,0
93297,Act of Valor (2012),Action|Thriller|War,4.0,1,0.0,1
49793,We Are Marshall (2006),Drama,4.5,1,0.0,1
2364,"Godzilla 1985: The Legend Is Reborn (Gojira) (Godzilla) (Return of Godzilla, The) (1984)",Action|Horror|Sci-Fi|Thriller,2.6666666666666665,3,0.005952380952380952,0
32840,Vincent (1982),Animation,4.75,2,0.002976190476190476,1
72131,Michael Jackson's This Is It (2009),Documentary|Musical|IMAX,2.8333333333333335,3,0.005952380952380952,0
4425,Howling III: The Marsupials (1987),Comedy|Horror,1.3333333333333333,3,0.005952380952380952,0
2945,Mike's Murder (1984),Mystery,4.0,2,0.002976190476190476,0
56174,I Am Legend (2007),Action|Horror|Sci-Fi|Thriller|IMAX,3.537037037037037,27,0.07738095238095237,1
2632,"Saragossa Manuscript, The (Rekopis znaleziony w Saragossie) (1965)",Adventure|Drama|Mystery,3.5,1,0.0,0
98114,Bloodtide (1982),Horror,2.0,1,0.0,0
59501,"Chronicles of Narnia: Prince Caspian, The (2008)",Adventure|Children|Fantasy,3.142857142857143,7,0.017857142857142856,0
936,Ninotchka (1939),Comedy|Romance,4.6,5,0.011904761904761904,1
187,Party Girl (1995),Comedy,3.8333333333333335,3,0.005952380952380952,0
3146,Deuce Bigalow: Male Gigolo (1999),Comedy,2.8076923076923075,13,0.03571428571428571,0
6331,Spellbound (2002),Documentary,3.75,16,0.04464285714285714,0
4117,Hope and Glory (1987),Drama,4.5,3,0.005952380952380952,1
5093,Collateral Damage (2002),Action|Thriller,2.75,6,0.01488095238095238,0
98491,Paperman (2012),Animation|Comedy|Romance,4.5,1,0.0,1
98441,Rebecca of Sunnybrook Farm (1938),Children|Comedy|Drama|Musical,4.0,1,0.0,1
58156,Semi-Pro (2008),Comedy,3.1666666666666665,3,0.005952380952380952,1
1422,Murder at 1600 (1997),Crime|Drama|Mystery|Thriller,3.3333333333333335,9,0.023809523809523808,0
1034,Freeway (1996),Comedy|Crime|Drama|Thriller,3.7857142857142856,7,0.017857142857142856,0
2667,"Mole People, The (1956)",Horror|Sci-Fi,2.0,3,0.005952380952380952,0
270,Love Affair (1994),Drama|Romance,3.8181818181818183,11,0.029761904761904757,1
3508,"Outlaw Josey Wales, The (1976)",Action|Adventure|Drama|Thriller|Western,3.861111111111111,18,0.050595238095238096,1
81641,Fair Game (2010),Drama|Thriller,4.25,2,0.002976190476190476,1
36276,Hidden (a.k.a. Cache) (Caché) (2005),Drama|Mystery|Thriller,3.65,10,0.026785714285714284,0
6536,Sinbad: Legend of the Seven Seas (2003),Adventure|Animation|Children|Fantasy,3.375,4,0.008928571428571428,0
98154,Lincoln (2012),Drama|War,4.125,4,0.008928571428571428,1
73321,"Book of Eli, The (2010)",Action|Adventure|Drama,3.75,8,0.020833333333333332,0
87264,Brewster's Millions (1945),Comedy,3.0,1,0.0,0
7704,"Delta Force, The (1986)",Action,3.25,2,0.002976190476190476,0
98124,"Batman: The Dark Knight Returns, Part 1 (2012)",Action|Animation|Sci-Fi,3.25,2,0.002976190476190476,0
6014,National Security (2003),Action|Comedy,3.0714285714285716,7,0.017857142857142856,1
52579,"Vie en Rose, La (Môme, La) (2007)",Drama|Musical,4.0,4,0.008928571428571428,0
78519,No Highway in the Sky (1951),Drama|Thriller,3.0,1,0.0,0
76208,"Cremator, The (Spalovac mrtvol) (1969)",Comedy|Drama|Horror|Thriller,3.0,1,0.0,0
1008,"Davy Crockett, King of the Wild Frontier (1955)",Adventure|Western,2.5714285714285716,7,0.017857142857142856,1
7827,Cypher (2002),Action|Sci-Fi|Thriller,3.5,2,0.002976190476190476,0
27847,Game Over: Kasparov and the Machine (2003),Documentary,4.0,1,0.0,1
60526,Death Defying Acts (2007),Drama|Romance|Thriller,3.5,1,0.0,0
3653,"Endless Summer, The (1966)",Documentary,4.1,5,0.011904761904761904,0
4201,"End, The (1978)",Comedy,3.25,2,0.002976190476190476,0
5246,Smokey and the Bandit II (1980),Action|Comedy,2.5,1,0.0,0
32898,"Trip to the Moon, A (Voyage dans la lune, Le) (1902)",Action|Adventure|Fantasy|Sci-Fi,4.0,2,0.002976190476190476,1
79695,"Expendables, The (2010)",Action|Adventure|Thriller,2.6666666666666665,6,0.01488095238095238,0
82,Antonia's Line (Antonia) (1995),Comedy|Drama,4.285714285714286,7,0.017857142857142856,1
6026,"Deathmaker, The (Totmacher, Der) (1995)",Crime|Drama,2.5,1,0.0,0
61729,Ghost Town (2008),Comedy|Fantasy|Romance,3.5,4,0.008928571428571428,0
4268,Town & Country (2001),Comedy,1.0,2,0.002976190476190476,0
67799,The Butterfly Effect 3: Revelations (2009),Drama|Fantasy|Sci-Fi|Thriller,4.0,1,0.0,1
3330,Splendor in the Grass (1961),Drama|Romance,3.8,5,0.011904761904761904,1
1928,Cimarron (1931),Drama|Western,1.0,1,0.0,0
47950,Hollywoodland (2006),Crime|Drama|Mystery|Thriller,2.6666666666666665,3,0.005952380952380952,0
5638,Godzilla vs. Mothra (Mosura tai Gojira) (1964),Action|Adventure|Fantasy|Sci-Fi,3.6666666666666665,3,0.005952380952380952,0
8758,Kotch (1971),Comedy|Drama,3.25,2,0.002976190476190476,0
2817,Aces: Iron Eagle III (1992),Action,2.3,5,0.011904761904761904,0
1865,Wild Man Blues (1997),Documentary,3.5,2,0.002976190476190476,1
47644,Invincible (2006),Drama,3.0,5,0.011904761904761904,0
6530,"Tenant, The (Locataire, Le) (1976)",Drama|Horror|Mystery|Thriller,4.1,5,0.011904761904761904,1
79185,Knight and Day (2010),Action|Comedy|Thriller,2.625,4,0.008928571428571428,0
1486,"Quiet Room, The (1996)",Drama,5.0,1,0.0,1
77307,Dogtooth (Kynodontas) (2009),Drama,3.75,2,0.002976190476190476,0
1848,"Borrowers, The (1997)",Adventure|Children|Comedy|Fantasy,3.5625,8,0.020833333333333332,0
4090,"Brave Little Toaster, The (1987)",Animation|Children,4.125,4,0.008928571428571428,1
84954,"Adjustment Bureau, The (2011)",Romance|Sci-Fi|Thriller,3.2222222222222223,9,0.023809523809523808,0
71254,Gamer (2009),Action|Sci-Fi|Thriller,2.8333333333333335,3,0.005952380952380952,0
5609,Ballistic: Ecks vs. Sever (2002),Action|Thriller,0.75,2,0.002976190476190476,0
2303,Nashville (1975),Drama|Musical,4.333333333333333,9,0.023809523809523808,0
94018,Battleship (2012),Action|Sci-Fi|Thriller|IMAX,2.7,5,0.011904761904761904,0
3615,Dinosaur (2000),Adventure|Animation|Children,3.2,10,0.026785714285714284,0
96488,Searching for Sugar Man (2012),Documentary,4.0,1,0.0,1
31431,Boogeyman (2005),Drama|Horror|Mystery|Thriller,2.75,2,0.002976190476190476,0
990,Maximum Risk (1996),Action|Adventure|Thriller,2.6,5,0.011904761904761904,0
5544,Time After Time (1979),Sci-Fi|Thriller,4.25,4,0.008928571428571428,1
2789,Damien: Omen II (1978),Horror,2.1666666666666665,6,0.01488095238095238,0
6638,Valley Girl (1983),Comedy|Romance,3.5,3,0.005952380952380952,1
1863,Major League: Back to the Minors (1998),Comedy,2.2,5,0.011904761904761904,1
44911,Magic (1978),Drama|Horror|Romance|Thriller,2.5,1,0.0,0
2803,"Pelican Brief, The (1993)",Crime|Drama|Mystery|Romance|Thriller,3.575,20,0.05654761904761904,0
517,Rising Sun (1993),Action|Drama|Mystery,3.269230769230769,13,0.03571428571428571,0
59549,Shelter (2007),Drama|Romance,4.5,1,0.0,1
113225,Magic in the Moonlight (2014),Comedy|Drama|Romance,4.166666666666667,3,0.005952380952380952,1
26350,"Passenger, The (Professione: reporter) (1975)",Drama,3.5,3,0.005952380952380952,1
6294,Bulletproof Monk (2003),Action|Adventure|Sci-Fi,3.227272727272727,11,0.029761904761904757,1
4109,Flowers in the Attic (1987),Drama|Thriller,3.1666666666666665,3,0.005952380952380952,0
84601,Unknown (2011),Drama|Mystery|Thriller,3.357142857142857,7,0.017857142857142856,0
4518,"Lair of the White Worm, The (1988)",Horror,3.8333333333333335,3,0.005952380952380952,1
4095,Cry Freedom (1987),Drama,4.0,5,0.011904761904761904,0
132,Jade (1995),Thriller,2.375,8,0.020833333333333332,0
72380,"Box, The (2009)",Drama|Horror|Mystery|Sci-Fi|Thriller,5.0,1,0.0,1
6997,Hoffa (1992),Crime|Drama,4.166666666666667,3,0.005952380952380952,1
1082,"Candidate, The (1972)",Drama,3.769230769230769,13,0.03571428571428571,0
8911,Raise Your Voice (2004),Romance,2.25,2,0.002976190476190476,1
65685,Inkheart (2008),Adventure|Fantasy,2.3333333333333335,3,0.005952380952380952,0
2145,Pretty in Pink (1986),Comedy|Drama|Romance,3.3703703703703702,27,0.07738095238095237,1
7238,Ashes and Diamonds (Popiól i diament) (1958),Drama|War,5.0,1,0.0,1
58191,Taxi to the Dark Side (2007),Documentary,3.1666666666666665,3,0.005952380952380952,0
39869,Manderlay (2005),Drama,3.1666666666666665,6,0.01488095238095238,0
3189,My Dog Skip (1999),Children|Drama,3.3,10,0.026785714285714284,1
4642,Hedwig and the Angry Inch (2000),Comedy|Drama|Musical,3.642857142857143,14,0.03869047619047619,0
2829,"Muse, The (1999)",Comedy,2.375,12,0.03273809523809523,0
3467,Hud (1963),Drama|Western,3.7857142857142856,7,0.017857142857142856,1
6967,Dead of Night (1945),Horror|Mystery,4.0,1,0.0,1
97870,"Sessions, The (Surrogate, The) (2012)",Drama,1.5,1,0.0,0
7701,Look Who's Talking Too (1990),Comedy|Romance,1.7222222222222223,9,0.023809523809523808,0
81132,Rubber (2010),Action|Adventure|Comedy|Crime|Drama|Film-Noir|Horror|Mystery|Thriller|Western,5.0,1,0.0,1
72737,"Princess and the Frog, The (2009)",Animation|Children|Fantasy|Musical|Romance,3.875,8,0.020833333333333332,1
71429,World's Greatest Dad (2009),Comedy|Drama,3.0,3,0.005952380952380952,0
5439,S.O.B. (1981),Comedy,3.0,1,0.0,0
144,"Brothers McMullen, The (1995)",Comedy,3.730769230769231,26,0.0744047619047619,1
7698,"China Syndrome, The (1979)",Drama|Thriller,3.5833333333333335,6,0.01488095238095238,1
112064,"Plot Against Harry, The (1989)",Comedy,2.5,1,0.0,0
25744,Haxan: Witchcraft Through the Ages (a.k.a. The Witches) (1922),Documentary|Horror,3.5,1,0.0,0
3835,"Crush, The (1993)",Thriller,3.0,5,0.011904761904761904,0
51080,Breach (2007),Drama|Thriller,3.0,7,0.017857142857142856,0
8799,Little Black Book (2004),Comedy|Romance,3.75,2,0.002976190476190476,1
5518,Beau Pere (a.k.a. Stepfather) (Beau-père) (1981),Drama,4.0,1,0.0,1
2477,Firewalker (1986),Adventure,4.0,1,0.0,1
81014,Hush (2009),Horror|Thriller,3.5,1,0.0,0
33615,Madagascar (2005),Adventure|Animation|Children|Comedy,3.357142857142857,21,0.05952380952380952,0
4056,"Pledge, The (2001)",Crime|Drama|Mystery|Thriller,3.4583333333333335,12,0.03273809523809523,1
76060,"Slammin' Salmon, The (2009)",Comedy,3.0,2,0.002976190476190476,0
126,"NeverEnding Story III, The (1994)",Adventure|Children|Fantasy,1.7857142857142858,7,0.017857142857142856,0
4977,Kandahar (Safar e Ghandehar) (2001),Drama,4.0,1,0.0,1
5296,"Sweetest Thing, The (2002)",Comedy|Romance,3.875,4,0.008928571428571428,1
2135,Doctor Dolittle (1967),Adventure|Children|Musical,2.8333333333333335,12,0.03273809523809523,0
112623,Dawn of the Planet of the Apes (2014),Sci-Fi,3.8333333333333335,6,0.01488095238095238,1
62956,Futurama: Bender's Game (2008),Action|Adventure|Animation|Comedy|Fantasy|Sci-Fi,3.5,7,0.017857142857142856,0
792,"Hungarian Fairy Tale, A (Hol volt, hol nem volt) (1987)",Fantasy,2.0,1,0.0,0
2624,After Life (Wandafuru raifu) (1998),Drama|Fantasy,3.5,4,0.008928571428571428,0
36519,Transporter 2 (2005),Action|Crime|Thriller,3.55,10,0.026785714285714284,1
3221,"Draughtsman's Contract, The (1982)",Drama,3.5,3,0.005952380952380952,1
3826,Hollow Man (2000),Horror|Sci-Fi|Thriller,2.414285714285714,35,0.10119047619047618,0
49284,10 Items or Less (2006),Comedy|Drama|Romance,4.25,2,0.002976190476190476,0
91694,Intruders (2011),Horror|Thriller,2.5,1,0.0,0
254,Jefferson in Paris (1995),Drama,3.0,5,0.011904761904761904,0
40414,Joyeux Noël (Merry Christmas) (2005),Drama|War,3.6666666666666665,3,0.005952380952380952,0
45728,Clerks II (2006),Comedy,3.764705882352941,17,0.047619047619047616,1
2066,Out of the Past (1947),Film-Noir,4.5,7,0.017857142857142856,1
3566,"Big Kahuna, The (2000)",Comedy|Drama,3.1,5,0.011904761904761904,1
8167,Captain Blood (1935),Action|Adventure|Romance,3.125,4,0.008928571428571428,0
3546,What Ever Happened to Baby Jane? (1962),Drama|Horror|Thriller,3.6875,8,0.020833333333333332,1
55272,We Own the Night (2007),Crime|Drama,3.25,2,0.002976190476190476,0
6893,"Italian Job, The (1969)",Action|Comedy|Crime,3.5,6,0.01488095238095238,0
87522,Larry Crowne (2011),Comedy|Drama|Romance,4.0,2,0.002976190476190476,1
84775,Submarino (2010),Drama,4.5,1,0.0,1
86548,Water for Elephants (2011),Drama|Romance,3.4,5,0.011904761904761904,0
5155,"Big Bird Cage, The (1972)",Action,4.0,1,0.0,1
47952,"Covenant, The (2006)",Action|Horror|Thriller,1.5,1,0.0,0
1024,"Three Caballeros, The (1945)",Animation|Children|Musical,2.0,2,0.002976190476190476,0
6049,Ethan Frome (1993),Drama,3.0,1,0.0,0
7943,"Killers, The (1946)",Crime|Film-Noir,3.3333333333333335,3,0.005952380952380952,1
2025,Lolita (1997),Drama|Romance,3.772727272727273,11,0.029761904761904757,0
72167,"Boondock Saints II: All Saints Day, The (2009)",Action|Crime|Drama|Thriller,2.75,4,0.008928571428571428,1
4835,Coal Miner's Daughter (1980),Drama,3.5833333333333335,6,0.01488095238095238,0
3790,Groove (2000),Drama,3.5,2,0.002976190476190476,0
27850,"Yes Men, The (2003)",Documentary,4.125,4,0.008928571428571428,0
71484,Metropia (2009),Animation|Sci-Fi,4.0,1,0.0,1
53379,"Ghost Ship, The (1943)",Drama|Mystery|Thriller,3.5,1,0.0,0
5557,Slap Her... She's French (a.k.a. She Gets What She Wants) (2002),Comedy,2.0,1,0.0,0
5657,Flashback (1990),Action|Comedy,3.0,1,0.0,0
3200,"Last Detail, The (1973)",Comedy|Drama,4.3,10,0.026785714285714284,1
4055,Panic (2000),Drama,3.5,3,0.005952380952380952,0
34528,Junebug (2005),Comedy|Drama,3.4166666666666665,6,0.01488095238095238,0
5364,Unfaithful (2002),Drama|Thriller,2.9545454545454546,11,0.029761904761904757,0
417,Barcelona (1994),Comedy|Romance,3.375,8,0.020833333333333332,0
62834,Babylon 5: The Legend of the Rangers: To Live and Die in Starlight (2002),Sci-Fi,3.0,2,0.002976190476190476,0
67193,Duplicity (2009),Crime|Romance|Thriller,3.5,1,0.0,0
51091,Black Snake Moan (2006),Drama,3.6,5,0.011904761904761904,0
1996,Poltergeist III (1988),Horror|Thriller,2.0,5,0.011904761904761904,0
3696,Night of the Creeps (1986),Comedy|Horror|Sci-Fi|Thriller,3.0,3,0.005952380952380952,0
31424,Alone in the Dark (2005),Action|Horror|Sci-Fi|Thriller,1.3333333333333333,3,0.005952380952380952,0
2409,Rocky II (1979),Action|Drama,2.888888888888889,27,0.07738095238095237,0
4619,Little Monsters (1989),Comedy,2.75,4,0.008928571428571428,0
44840,"Benchwarmers, The (2006)",Comedy,2.25,4,0.008928571428571428,0
289,Only You (1994),Comedy|Romance,3.5555555555555554,18,0.050595238095238096,1
4700,"Princess Diaries, The (2001)",Children|Comedy|Romance,3.0,19,0.05357142857142856,1
3412,"Bear, The (Ours, L') (1988)",Adventure|Children|Drama,3.4,5,0.011904761904761904,0
447,"Favor, The (1994)",Comedy|Romance,3.0,1,0.0,0
8373,"Stepford Wives, The (2004)",Comedy|Fantasy|Thriller,2.857142857142857,14,0.03869047619047619,0
27022,Thursday (1998),Action|Crime|Thriller,3.75,2,0.002976190476190476,0
38304,No Direction Home: Bob Dylan (2005),Documentary,5.0,1,0.0,1
2340,Meet Joe Black (1998),Romance,3.3666666666666667,30,0.0863095238095238,1
3794,Chuck & Buck (2000),Comedy|Drama,3.375,4,0.008928571428571428,1
3477,Empire Records (1995),Comedy|Drama,3.55,10,0.026785714285714284,0
8225,Night of the Living Dead (1990),Horror,2.875,4,0.008928571428571428,0
42011,Fun with Dick and Jane (2005),Comedy|Crime,3.5,5,0.011904761904761904,0
79953,With a Song in My Heart (1952),Drama|Musical,2.5,1,0.0,0
33036,"Eiger Sanction, The (1975)",Action|Adventure|Drama|Thriller,2.0,1,0.0,0
68519,S. Darko (S. Darko: A Donnie Darko Tale) (2009),Crime|Mystery|Sci-Fi|Thriller,5.0,1,0.0,1
105943,Bridegroom (2013),Documentary,3.5,1,0.0,0
2496,Blast from the Past (1999),Comedy|Romance,3.275,20,0.05654761904761904,0
26133,"Charlie Brown Christmas, A (1965)",Animation|Children|Comedy,3.3,5,0.011904761904761904,0
71374,Hellraiser: Hellworld (2005),Horror,2.0,1,0.0,0
54,"Big Green, The (1995)",Children|Comedy,2.8125,8,0.020833333333333332,0
2819,Three Days of the Condor (3 Days of the Condor) (1975),Drama|Mystery|Romance|Thriller,4.342105263157895,19,0.05357142857142856,1
3179,Angela's Ashes (1999),Drama,4.166666666666667,6,0.01488095238095238,1
6724,Paper Moon (1973),Comedy|Crime|Drama,3.8333333333333335,3,0.005952380952380952,1
102880,After Earth (2013),Action|Adventure|Sci-Fi|IMAX,3.0,1,0.0,0
2337,Velvet Goldmine (1998),Drama,4.0,3,0.005952380952380952,1
6558,Curly Sue (1991),Comedy|Drama,3.1,5,0.011904761904761904,0
6645,THX 1138 (1971),Action|Adventure|Drama|Sci-Fi,3.3,5,0.011904761904761904,0
58937,Julia (2008),Drama|Thriller,4.0,1,0.0,1
88950,"Conspirator, The (2010)",Drama,4.5,1,0.0,1
96417,Premium Rush (2012),Action|Thriller,3.5,1,0.0,0
2847,Only Angels Have Wings (1939),Adventure|Drama|Romance,3.5,2,0.002976190476190476,1
7387,Dawn of the Dead (1978),Action|Drama|Horror,4.0,11,0.029761904761904757,0
42632,Lady Vengeance (Sympathy for Lady Vengeance) (Chinjeolhan geumjassi) (2005),Crime|Drama|Mystery|Thriller,4.125,4,0.008928571428571428,1
1526,Fathers' Day (1997),Comedy,1.5,2,0.002976190476190476,0
96737,Dredd (2012),Action|Sci-Fi,2.875,4,0.008928571428571428,0
6552,Dirty Pretty Things (2002),Crime|Drama|Thriller,3.7,10,0.026785714285714284,1
87529,Your Highness (2011),Action|Adventure|Comedy|Fantasy,1.8333333333333333,3,0.005952380952380952,0
2942,Flashdance (1983),Drama|Romance,2.8823529411764706,17,0.047619047619047616,1
40148,Revolver (2005),Crime|Drama|Thriller,4.0,3,0.005952380952380952,1
54910,Behind the Mask: The Rise of Leslie Vernon (2006),Comedy|Horror|Thriller,3.5,1,0.0,0
107406,Snowpiercer (2013),Action|Drama|Sci-Fi,3.25,2,0.002976190476190476,0
2266,"Butcher's Wife, The (1991)",Comedy|Romance,3.0,5,0.011904761904761904,0
6321,Stella (1990),Drama,1.5,2,0.002976190476190476,0
6624,Agent Cody Banks (2003),Action|Adventure|Children|Fantasy,1.0,2,0.002976190476190476,0
96596,Branded (2012),Action|Drama|Mystery|Sci-Fi,3.0,1,0.0,0
665,Underground (1995),Comedy|Drama|War,3.875,8,0.020833333333333332,1
7177,Osama (2003),Drama,3.8333333333333335,3,0.005952380952380952,1
4520,License to Drive (1988),Comedy,2.25,4,0.008928571428571428,0
8880,Mask (1985),Drama,2.6875,8,0.020833333333333332,0
3054,Pokémon: The First Movie (1998),Adventure|Animation|Children|Fantasy|Sci-Fi,1.9166666666666667,6,0.01488095238095238,0
103688,"Conjuring, The (2013)",Horror|Thriller,4.5,1,0.0,1
2859,Stop Making Sense (1984),Documentary|Musical,4.090909090909091,11,0.029761904761904757,0
1397,Bastard Out of Carolina (1996),Drama,3.5,7,0.017857142857142856,0
992,"Rich Man's Wife, The (1996)",Thriller,2.0,2,0.002976190476190476,0
1662,Gang Related (1997),Crime,4.0,1,0.0,1
363,"Wonderful, Horrible Life of Leni Riefenstahl, The (Macht der Bilder: Leni Riefenstahl, Die) (1993)",Documentary,3.9,5,0.011904761904761904,1
84258,Up in Arms (1944),Comedy|Musical,3.0,1,0.0,0
99007,Warm Bodies (2013),Comedy|Horror|Romance,3.375,4,0.008928571428571428,0
54513,Talk to Me (2007),Drama,4.0,1,0.0,1
2952,Sydney (Hard Eight) (1996),Crime|Drama|Thriller,3.25,10,0.026785714285714284,0
49932,Inland Empire (2006),Drama|Mystery|Thriller,3.25,2,0.002976190476190476,0
3586,"Idolmaker, The (1980)",Drama,3.5,1,0.0,0
4612,Jesus of Montreal (Jésus de Montréal) (1989),Drama,3.6666666666666665,6,0.01488095238095238,0
2432,Stepmom (1998),Drama,3.3,5,0.011904761904761904,0
5107,Hart's War (2002),Drama|War,3.5,5,0.011904761904761904,0
7319,Club Dread (2004),Comedy|Horror,2.0,1,0.0,0
1969,"Nightmare on Elm Street 2: Freddy's Revenge, A (1985)",Horror,2.5833333333333335,12,0.03273809523809523,1
8526,Around the World in 80 Days (2004),Adventure|Children|Comedy,2.0,2,0.002976190476190476,0
95058,Cosmopolis  (2012),Drama,3.0,1,0.0,0
8985,Blade: Trinity (2004),Action|Fantasy|Horror|Thriller,3.0714285714285716,7,0.017857142857142856,0
80549,Easy A (2010),Comedy|Romance,4.0,2,0.002976190476190476,1
26318,"Phantom of Liberty, The (Fantôme de la liberté, Le) (1974)",Comedy|Drama,3.5,1,0.0,0
4402,Dr. Goldfoot and the Bikini Machine (1965),Comedy,2.5,1,0.0,0
88810,"Help, The (2011)",Drama,3.625,4,0.008928571428571428,0
92509,"Vow, The (2012)",Drama|Romance,3.0,3,0.005952380952380952,0
96751,Arbitrage (2012),Drama|Thriller,3.3333333333333335,3,0.005952380952380952,0
6436,This Boy's Life (1993),Drama,3.6666666666666665,3,0.005952380952380952,0
4141,Head Over Heels (2001),Comedy|Romance,3.75,2,0.002976190476190476,1
4415,Cheech & Chong's Nice Dreams (1981),Comedy,2.6666666666666665,3,0.005952380952380952,0
336,"Walking Dead, The (1995)",Drama|War,3.0,1,0.0,0
111732,"Dance of Reality, The (Danza de la realidad, La) (2013)",Drama|Fantasy,3.5,1,0.0,0
2958,Naturally Native (1998),Drama,1.0,1,0.0,0
1398,In Love and War (1996),Romance|War,3.5,3,0.005952380952380952,0
84716,Castaway on the Moon (Kimssi pyoryugi) (2009),Comedy|Drama|Romance,4.0,2,0.002976190476190476,1
3742,Battleship Potemkin (1925),Drama|War,4.333333333333333,9,0.023809523809523808,1
72735,Carla's Song (1996),Drama|Romance|War,3.5,1,0.0,0
3198,Papillon (1973),Crime|Drama,3.7857142857142856,21,0.05952380952380952,1
78349,Exam (2009),Mystery|Thriller,4.0,2,0.002976190476190476,1
53887,O Lucky Man! (1973),Comedy|Drama|Fantasy|Musical,3.3333333333333335,3,0.005952380952380952,0
5165,Zombie (a.k.a. Zombie 2: The Dead Are Among Us) (Zombi 2) (1979),Horror,3.5,1,0.0,0
6405,Treasure Island (1950),Adventure|Children,4.0,1,0.0,1
8604,Taxi (1998),Action|Comedy,3.75,4,0.008928571428571428,1
4733,"Curse of the Jade Scorpion, The (2001)",Comedy,4.0,8,0.020833333333333332,1
4008,Born on the Fourth of July (1989),Drama|War,3.638888888888889,18,0.050595238095238096,1
5329,"Salton Sea, The (2002)",Crime|Drama|Thriller,4.0,4,0.008928571428571428,1
3705,Bird on a Wire (1990),Action|Comedy|Romance,3.0714285714285716,7,0.017857142857142856,0
2796,Funny Farm (1988),Comedy,2.75,8,0.020833333333333332,1
7247,Chitty Chitty Bang Bang (1968),Adventure|Children|Comedy|Fantasy|Musical,3.3333333333333335,3,0.005952380952380952,0
5056,"Enigma of Kaspar Hauser, The (a.k.a. Mystery of Kaspar Hauser, The) (Jeder für sich und Gott Gegen Alle) (1974)",Crime|Drama,4.75,2,0.002976190476190476,1
51086,"Number 23, The (2007)",Drama|Mystery|Thriller,2.8333333333333335,6,0.01488095238095238,0
8666,Catwoman (2004),Action|Crime|Fantasy,2.5555555555555554,9,0.023809523809523808,0
8118,Delta Force 2 (Delta Force 2: The Colombian Connection) (1990),Action|Adventure|Thriller|War,1.5,1,0.0,0
2033,"Black Cauldron, The (1985)",Adventure|Animation|Children|Fantasy,3.0,8,0.020833333333333332,0
83177,Yogi Bear (2010),Children|Comedy,5.0,1,0.0,1
3061,Holiday Inn (1942),Comedy|Musical,4.0625,8,0.020833333333333332,0
27878,Born into Brothels (2004),Documentary,4.3,5,0.011904761904761904,1
988,Grace of My Heart (1996),Comedy|Drama,3.5,2,0.002976190476190476,1
5746,Galaxy of Terror (Quest) (1981),Action|Horror|Mystery|Sci-Fi,0.5,1,0.0,0
7541,100 Girls (2000),Comedy|Romance,3.0,2,0.002976190476190476,0
5392,Bus Stop (1956),Comedy|Drama|Romance,4.166666666666667,3,0.005952380952380952,1
85342,Elite Squad: The Enemy Within (Tropa de Elite 2 - O Inimigo Agora É Outro) (2010),Action|Crime|Drama,4.166666666666667,3,0.005952380952380952,1
1551,Buddy (1997),Adventure|Children|Drama,2.0,1,0.0,0
5269,"Piano Teacher, The (La pianiste) (2001)",Drama,3.9,5,0.011904761904761904,1
4639,America's Sweethearts (2001),Comedy|Romance,2.0416666666666665,12,0.03273809523809523,0
5288,"Atomic Cafe, The (1982)",Documentary|War,3.5,3,0.005952380952380952,0
3765,"Hot Spot, The (1990)",Crime|Drama|Romance,3.5,2,0.002976190476190476,0
109376,Cuban Fury (2014),Comedy,4.0,1,0.0,1
1556,Speed 2: Cruise Control (1997),Action|Romance|Thriller,1.9565217391304348,23,0.06547619047619047,0
6419,Mr. & Mrs. Bridge (1990),Drama,4.5,1,0.0,1
558,"Pagemaster, The (1994)",Action|Adventure|Animation|Children|Fantasy,2.5,9,0.023809523809523808,0
2044,"Devil and Max Devlin, The (1981)",Comedy|Fantasy,3.0,2,0.002976190476190476,0
32627,Rhinestone (1984),Comedy,1.0,1,0.0,0
8724,"Leopard, The (Gattopardo, Il) (1963)",Drama|War,3.375,4,0.008928571428571428,1
5655,"Fan, The (1981)",Drama|Thriller,2.0,1,0.0,0
102088,"Grandmaster, The (Yi dai zong shi) (2013)",Action|Drama|IMAX,3.0,1,0.0,0
2208,"Lady Vanishes, The (1938)",Drama|Mystery|Thriller,3.85,10,0.026785714285714284,1
95207,Abraham Lincoln: Vampire Hunter (2012),Action|Fantasy|Horror|Thriller,3.25,2,0.002976190476190476,0
2757,Frances (1982),Drama,3.6,5,0.011904761904761904,0
507,"Perfect World, A (1993)",Crime|Drama|Thriller,3.7333333333333334,15,0.04166666666666666,1
40955,Breakfast on Pluto (2005),Comedy|Drama,4.166666666666667,3,0.005952380952380952,1
2239,Swept Away (Travolti da un insolito destino nell'azzurro mare d'Agosto) (1975),Comedy|Drama,4.2,5,0.011904761904761904,1
5401,Undercover Brother (2002),Comedy,2.8333333333333335,6,0.01488095238095238,0
51562,Babylon 5: The Gathering (1993),Sci-Fi,3.75,4,0.008928571428571428,1
2621,Xiu Xiu: The Sent-Down Girl (Tian yu) (1998),Drama,3.9166666666666665,6,0.01488095238095238,1
6952,Gothika (2003),Horror|Thriller,3.0,6,0.01488095238095238,1
4054,Save the Last Dance (2001),Drama|Romance,3.0,12,0.03273809523809523,0
2961,"Story of Us, The (1999)",Comedy|Drama,2.625,8,0.020833333333333332,0
4221,Necessary Roughness (1991),Comedy,3.5,2,0.002976190476190476,0
178,Love & Human Remains (1993),Comedy|Drama,3.5,2,0.002976190476190476,1
3007,American Movie (1999),Documentary,3.3846153846153846,13,0.03571428571428571,1
38095,"Bittersweet Life, A (Dalkomhan insaeng) (2005)",Action|Crime|Drama,4.0,2,0.002976190476190476,0
7386,"Ten Commandments, The (1956)",Adventure|Drama,4.0,6,0.01488095238095238,1
6659,Tremors (1990),Comedy|Horror|Sci-Fi,3.5,20,0.05654761904761904,1
96829,"Hunt, The (Jagten) (2012)",Drama,3.6666666666666665,3,0.005952380952380952,1
4203,Harley Davidson and the Marlboro Man (1991),Action|Crime|Drama,3.5,3,0.005952380952380952,0
64575,Doubt (2008),Drama|Mystery,4.25,8,0.020833333333333332,1
4703,Chocolat (1988),Drama,3.1818181818181817,11,0.029761904761904757,1
97921,Silver Linings Playbook (2012),Comedy|Drama,4.285714285714286,7,0.017857142857142856,1
59188,Viva Zapata! (1952),Western,5.0,1,0.0,1
4759,Two Can Play That Game (2001),Comedy|Drama,3.5,2,0.002976190476190476,0
5642,"Onion Field, The (1979)",Drama,3.8,5,0.011904761904761904,1
54648,Rush Hour 3 (2007),Action|Comedy|Crime|Thriller,1.875,4,0.008928571428571428,0
1654,FairyTale: A True Story (1997),Children|Drama|Fantasy,3.0,4,0.008928571428571428,0
4842,"Dogs of War, The (1980)",Drama|War,3.25,2,0.002976190476190476,1
4096,"Curse, The (a.k.a. The Farm) (1987)",Horror|Sci-Fi,0.5,1,0.0,0
33669,"Sisterhood of the Traveling Pants, The (2005)",Adventure|Comedy|Drama,3.6,5,0.011904761904761904,0
5517,Nightcap (Merci pour le chocolat) (2000),Crime|Thriller,4.0,1,0.0,1
961,Little Lord Fauntleroy (1936),Drama,3.375,4,0.008928571428571428,0
5506,Blood Work (2002),Crime|Drama|Mystery|Thriller,2.6666666666666665,6,0.01488095238095238,0
4555,Torch Song Trilogy (1988),Comedy|Drama|Romance,4.5,2,0.002976190476190476,1
3262,Twin Peaks: Fire Walk with Me (1992),Crime|Drama|Mystery|Thriller,4.0,4,0.008928571428571428,1
4077,"With a Friend Like Harry... (Harry, un ami qui vous veut du bien) (2000)",Drama|Thriller,3.9,5,0.011904761904761904,0
27434,Darkness (2002),Horror|Mystery,4.5,1,0.0,1
4911,Jabberwocky (1977),Adventure|Comedy|Fantasy,3.6,5,0.011904761904761904,1
2500,Jawbreaker (1999),Comedy,2.5,7,0.017857142857142856,0
67295,Kung Fu Panda: Secrets of the Furious Five (2008),Action|Animation|Children|Comedy,3.25,4,0.008928571428571428,0
6887,Radio (2003),Drama,3.125,4,0.008928571428571428,1
7396,Scenes From a Marriage (Scener ur ett äktenskap) (1973),Drama,3.5,1,0.0,0
3930,"Creature from the Black Lagoon, The (1954)",Adventure|Horror|Sci-Fi,3.25,6,0.01488095238095238,0
71464,"Serious Man, A (2009)",Comedy|Drama,3.9166666666666665,6,0.01488095238095238,1
3296,To Sir with Love (1967),Drama,3.8461538461538463,13,0.03571428571428571,1
4677,Turner & Hooch (1989),Comedy|Crime,2.5,12,0.03273809523809523,0
2533,Escape from the Planet of the Apes (1971),Action|Sci-Fi,2.675,20,0.05654761904761904,1
2099,Song of the South (1946),Adventure|Animation|Children|Musical,3.3333333333333335,9,0.023809523809523808,0
1322,Amityville 1992: It's About Time (1992),Horror,2.0,2,0.002976190476190476,0
3241,"Cup, The (Phörpa) (1999)",Comedy,3.0,1,0.0,0
85788,Insidious (2010),Fantasy|Horror|Thriller,3.75,2,0.002976190476190476,0
8830,Anacondas: The Hunt for the Blood Orchid (2004),Adventure|Drama|Horror|Sci-Fi|Thriller,1.8333333333333333,6,0.01488095238095238,0
106002,Ender's Game (2013),Action|Adventure|Sci-Fi|IMAX,2.5,3,0.005952380952380952,0
255,"Jerky Boys, The (1995)",Comedy,2.4444444444444446,9,0.023809523809523808,0
47491,Adam's Apples (Adams æbler) (2005),Comedy|Drama,3.5,4,0.008928571428571428,1
3824,Autumn in New York (2000),Drama|Romance,2.4,10,0.026785714285714284,0
4410,Something Wild (1986),Comedy|Crime|Drama,3.375,4,0.008928571428571428,1
6442,Belle époque (1992),Comedy|Romance,3.8333333333333335,3,0.005952380952380952,0
65130,Revolutionary Road (2008),Drama|Romance,3.0,4,0.008928571428571428,0
4143,Valentine (2001),Horror|Mystery,2.4285714285714284,7,0.017857142857142856,0
179,Mad Love (1995),Drama|Romance,2.75,6,0.01488095238095238,0
3099,Shampoo (1975),Comedy|Drama|Romance,2.6,5,0.011904761904761904,0
68319,X-Men Origins: Wolverine (2009),Action|Sci-Fi|Thriller,3.21875,16,0.04464285714285714,1
6166,Dennis the Menace (1993),Comedy,1.7142857142857142,7,0.017857142857142856,0
94015,Mirror Mirror (2012),Adventure|Comedy|Fantasy,2.0,1,0.0,0
7771,Zorba the Greek (Alexis Zorbas) (1964),Adventure|Drama,3.6666666666666665,3,0.005952380952380952,0
27912,Outfoxed: Rupert Murdoch's War on Journalism (2004),Documentary,4.0,1,0.0,1
6063,May (2002),Drama|Horror,3.5,4,0.008928571428571428,1
65642,"Timecrimes (Cronocrímenes, Los) (2007)",Sci-Fi|Thriller,4.0,3,0.005952380952380952,0
4622,Loverboy (1989),Comedy,2.25,2,0.002976190476190476,0
6783,"Rules of the Game, The (La règle du jeu) (1939)",Comedy|Drama,4.142857142857143,7,0.017857142857142856,1
60760,"X-Files: I Want to Believe, The (2008)",Drama|Mystery|Sci-Fi|Thriller,2.8,5,0.011904761904761904,0
2182,"Wrong Man, The (1956)",Drama|Film-Noir|Thriller,3.1666666666666665,3,0.005952380952380952,0
4160,"Widow of St. Pierre, The (Veuve de Saint-Pierre, La) (2000)",Drama|Romance,3.0,1,0.0,0
3681,For a Few Dollars More (Per qualche dollaro in più) (1965),Action|Drama|Thriller|Western,4.130434782608695,23,0.06547619047619047,1
93838,The Raid: Redemption (2011),Action|Crime,3.5,3,0.005952380952380952,1
4473,Bat*21 (1988),Drama|War,3.75,2,0.002976190476190476,0
7024,"Salo, or The 120 Days of Sodom (Salò o le 120 giornate di Sodoma) (1976)",Drama,2.3333333333333335,3,0.005952380952380952,0
1487,Selena (1997),Drama|Musical,2.75,8,0.020833333333333332,0
3261,Singles (1992),Comedy|Drama|Romance,3.7777777777777777,9,0.023809523809523808,0
82926,Klown: The Movie (Klovn) (2010),Comedy,4.0,1,0.0,1
5309,Three Men and a Little Lady (1990),Comedy|Romance,2.409090909090909,11,0.029761904761904757,0
3417,"Crimson Pirate, The (1952)",Adventure|Comedy,4.0,1,0.0,1
2050,Herbie Goes Bananas (1980),Adventure|Children|Comedy,3.0,4,0.008928571428571428,0
1541,Addicted to Love (1997),Comedy|Romance,2.7777777777777777,9,0.023809523809523808,0
6591,"Magdalene Sisters, The (2002)",Drama,4.0,4,0.008928571428571428,1
3797,"In Crowd, The (2000)",Thriller,1.6666666666666667,3,0.005952380952380952,0
64497,"Day the Earth Stood Still, The (2008)",Drama|Sci-Fi|Thriller|IMAX,2.65,10,0.026785714285714284,1
7058,Life with Father (1947),Comedy,2.5,2,0.002976190476190476,0
4234,"Tailor of Panama, The (2001)",Drama|Thriller,2.9375,8,0.020833333333333332,1
6535,"Legally Blonde 2: Red, White & Blonde (2003)",Comedy,2.923076923076923,13,0.03571428571428571,0
4404,Faust (1926),Drama|Fantasy|Horror,3.5,3,0.005952380952380952,1
8838,Alice Doesn't Live Here Anymore (1974),Drama|Romance,3.3333333333333335,3,0.005952380952380952,1
39414,Shopgirl (2005),Comedy|Drama|Romance,0.5,1,0.0,0
627,"Last Supper, The (1995)",Drama|Thriller,3.5,9,0.023809523809523808,1
57243,"Band's Visit, The (Bikur Ha-Tizmoret) (2007)",Comedy|Drama,4.0,3,0.005952380952380952,1
96121,Hope Springs (2012),Comedy|Drama,1.0,1,0.0,0
166,"Doom Generation, The (1995)",Comedy|Crime|Drama,2.0,3,0.005952380952380952,0
4345,"Anniversary Party, The (2001)",Drama,3.6666666666666665,6,0.01488095238095238,0
77455,Exit Through the Gift Shop (2010),Comedy|Documentary,3.75,10,0.026785714285714284,0
4914,Breathless (À bout de souffle) (1960),Crime|Drama|Romance,4.0,14,0.03869047619047619,1
8879,Murder on the Orient Express (1974),Crime|Mystery|Thriller,3.75,10,0.026785714285714284,1
32019,Be Cool (2005),Comedy|Crime|Musical,2.5,6,0.01488095238095238,0
8362,Raising Helen (2004),Comedy|Drama|Romance,3.0,3,0.005952380952380952,0
46970,Talladega Nights: The Ballad of Ricky Bobby (2006),Action|Comedy,3.263157894736842,19,0.05357142857142856,0
114935,Predestination (2014),Sci-Fi|Thriller,4.0,2,0.002976190476190476,0
366,"Wes Craven's New Nightmare (Nightmare on Elm Street Part 7: Freddy's Finale, A) (1994)",Drama|Horror|Mystery|Thriller,3.1470588235294117,17,0.047619047619047616,0
548,Terminal Velocity (1994),Action|Mystery|Thriller,2.625,16,0.04464285714285714,0
1667,Mad City (1997),Action|Drama,3.6666666666666665,3,0.005952380952380952,0
501,Naked (1993),Drama,4.2272727272727275,11,0.029761904761904757,0
4341,What's the Worst That Could Happen? (2001),Comedy,3.0,2,0.002976190476190476,1
5385,"Last Waltz, The (1978)",Documentary,3.4,5,0.011904761904761904,0
5415,Divine Secrets of the Ya-Ya Sisterhood (2002),Comedy|Drama,2.7,5,0.011904761904761904,1
6300,Flickering Lights (Blinkende lygter) (2000),Action|Comedy|Crime,4.0,4,0.008928571428571428,1
3600,Blue Hawaii (1961),Comedy|Musical,3.6666666666666665,3,0.005952380952380952,1
1014,Pollyanna (1960),Children|Comedy|Drama,3.3,10,0.026785714285714284,0
1935,How Green Was My Valley (1941),Drama|Musical|Romance,3.125,4,0.008928571428571428,0
91535,"Bourne Legacy, The (2012)",Action|Adventure|Drama|Thriller|IMAX,4.1,5,0.011904761904761904,0
6985,"Passion of Joan of Arc, The (Passion de Jeanne d'Arc, La) (1928)",Drama,3.3333333333333335,3,0.005952380952380952,1
31437,Nobody Knows (Dare mo shiranai) (2004),Drama,4.125,4,0.008928571428571428,1
2348,Sid and Nancy (1986),Drama,4.1,10,0.026785714285714284,1
8016,"Getaway, The (1972)",Action|Crime|Drama|Thriller,3.5,3,0.005952380952380952,0
620,Scream of Stone (Cerro Torre: Schrei aus Stein) (1991),Drama,5.0,1,0.0,1
5298,Human Nature (2001),Comedy|Romance,3.0,4,0.008928571428571428,0
2498,My Favorite Martian (1999),Comedy|Sci-Fi,1.5,6,0.01488095238095238,0
5999,Heavy Metal 2000 (2000),Action|Adventure|Animation|Fantasy|Sci-Fi,3.75,2,0.002976190476190476,1
2318,Happiness (1998),Comedy|Drama,4.1,25,0.07142857142857142,1
32029,Hostage (2005),Action|Crime|Drama|Thriller,3.3125,8,0.020833333333333332,1
3513,Rules of Engagement (2000),Drama|Thriller,2.875,8,0.020833333333333332,1
27741,"Twilight Samurai, The (Tasogare Seibei) (2002)",Drama|Romance,3.9166666666666665,6,0.01488095238095238,0
84374,No Strings Attached (2011),Comedy|Romance,3.75,2,0.002976190476190476,1
2860,Blue Streak (1999),Comedy,3.25,6,0.01488095238095238,1
71695,"Docks of New York, The (1928)",Crime|Drama,4.0,1,0.0,1
5714,Buddy Buddy (1981),Comedy,3.5,1,0.0,0
2518,Night Shift (1982),Comedy,3.4615384615384617,13,0.03571428571428571,1
7256,Touching the Void (2003),Adventure|Documentary,3.566666666666667,15,0.04166666666666666,1
352,Crooklyn (1994),Comedy|Drama,2.75,4,0.008928571428571428,1
7169,Chasing Liberty (2004),Comedy|Romance,2.6666666666666665,3,0.005952380952380952,0
101687,Blue Caprice (2013),Crime|Drama,2.5,1,0.0,0
5222,Kissing Jessica Stein (2001),Comedy|Romance,3.3,5,0.011904761904761904,0
86852,"Beaver, The (2011)",Drama,3.1666666666666665,3,0.005952380952380952,0
44193,She's the Man (2006),Comedy|Romance,3.75,2,0.002976190476190476,0
7010,"Lover, The (Amant, L') (1992)",Drama|Romance,3.25,2,0.002976190476190476,0
3164,"Alley Cats, The (1966)",Drama,1.0,1,0.0,0
32289,Ice Princess (2005),Children|Comedy|Drama,3.0,1,0.0,0
95088,Safety Not Guaranteed (2012),Comedy|Drama,3.75,4,0.008928571428571428,1
5782,"Professional, The (Le professionnel) (1981)",Action|Drama|Thriller,4.1875,24,0.06845238095238095,1
26403,"Hobbit, The (1977)",Animation|Children|Fantasy,3.0,3,0.005952380952380952,0
2443,Playing by Heart (1998),Drama|Romance,3.5,6,0.01488095238095238,1
2453,"Boy Who Could Fly, The (1986)",Drama|Fantasy,1.5833333333333333,6,0.01488095238095238,0
6909,"Eye, The (Gin gwai) (Jian gui) (2002)",Thriller,1.5,2,0.002976190476190476,0
4305,Angel Eyes (2001),Romance|Thriller,2.7857142857142856,7,0.017857142857142856,0
2555,Baby Geniuses (1999),Comedy,0.9285714285714286,7,0.017857142857142856,0
4809,Silkwood (1983),Drama,3.5,2,0.002976190476190476,0
2589,Friends & Lovers (1999),Comedy|Drama|Romance,3.0,3,0.005952380952380952,1
68254,"Smart Set, The (1928)",Comedy|Drama,2.5,1,0.0,0
5513,Martin Lawrence Live: Runteldat (2002),Comedy|Documentary,1.0,1,0.0,0
51660,"Ultimate Gift, The (2006)",Drama,4.0,1,0.0,1
94,Beautiful Girls (1996),Comedy|Drama|Romance,3.5,21,0.05952380952380952,1
98809,"Hobbit: An Unexpected Journey, The (2012)",Adventure|Fantasy|IMAX,3.7777777777777777,18,0.050595238095238096,1
2682,Limbo (1999),Drama,4.0,4,0.008928571428571428,0
37739,"Greatest Game Ever Played, The (2005)",Drama,3.75,2,0.002976190476190476,0
2374,Gung Ho (1986),Comedy|Drama,3.3,5,0.011904761904761904,0
62049,1984 (1956),Drama|Sci-Fi,3.5,4,0.008928571428571428,0
302,"Queen Margot (Reine Margot, La) (1994)",Drama|Romance,4.388888888888889,9,0.023809523809523808,1
3145,Cradle Will Rock (1999),Drama,3.4285714285714284,7,0.017857142857142856,0
6810,Sleeping with the Enemy (1991),Drama|Thriller,2.857142857142857,7,0.017857142857142856,0
2315,Bride of Chucky (Child's Play 4) (1998),Comedy|Horror|Thriller,1.6363636363636365,11,0.029761904761904757,0
2368,King Kong Lives (1986),Adventure|Sci-Fi,1.25,2,0.002976190476190476,0
33779,Eddie Izzard: Dress to Kill (1999),Comedy,4.5,1,0.0,1
1804,"Newton Boys, The (1998)",Crime|Drama,3.1666666666666665,9,0.023809523809523808,0
77240,I Am Love (Io sono l'amore) (2009),Drama|Romance,4.0,1,0.0,1
3598,Hamlet (2000),Crime|Drama|Romance|Thriller,3.875,8,0.020833333333333332,1
6528,Start the Revolution Without Me (1970),Comedy,3.0,1,0.0,0
26159,Tokyo Drifter (Tôkyô nagaremono) (1966),Action|Crime|Drama,3.75,2,0.002976190476190476,0
8573,Reconstruction (2003),Drama|Romance,4.0,1,0.0,1
4613,K-9 (1989),Action|Comedy|Crime,2.2142857142857144,7,0.017857142857142856,0
83369,"Way Back, The (2010)",Drama,3.5,2,0.002976190476190476,0
37382,Domino (2005),Crime|Drama|Thriller,2.5,6,0.01488095238095238,0
4589,Eddie and the Cruisers (1983),Drama|Musical|Mystery,3.0,4,0.008928571428571428,0
840,House Arrest (1996),Children|Comedy,2.1666666666666665,3,0.005952380952380952,0
5065,"Mothman Prophecies, The (2002)",Drama|Fantasy|Horror|Mystery|Thriller,3.1875,16,0.04464285714285714,1
87306,Super 8 (2011),Mystery|Sci-Fi|Thriller|IMAX,3.3333333333333335,6,0.01488095238095238,0
8589,Winter War (Talvisota) (1989),Drama|War,3.3333333333333335,3,0.005952380952380952,0
61248,Death Race (2008),Action|Adventure|Sci-Fi|Thriller,3.5,3,0.005952380952380952,1
49286,"Holiday, The (2006)",Comedy|Romance,3.3,5,0.011904761904761904,1
34177,"Hindenburg, The (1975)",Drama|Thriller,3.0,1,0.0,0
4688,Black Robe (1991),Adventure|Drama,3.6666666666666665,3,0.005952380952380952,0
3028,"Taming of the Shrew, The (1967)",Comedy,3.6666666666666665,6,0.01488095238095238,1
88672,Our Idiot Brother (2011),Comedy,3.6666666666666665,3,0.005952380952380952,1
56251,Futurama: Bender's Big Score (2007),Animation|Comedy|Sci-Fi,4.083333333333333,12,0.03273809523809523,0
1038,Unhook the Stars (1996),Drama,3.0,1,0.0,0
93443,Goon (2011),Comedy|Drama,3.0,1,0.0,0
44972,Scary Movie 4 (2006),Comedy|Horror,2.5833333333333335,6,0.01488095238095238,0
116823,The Hunger Games: Mockingjay - Part 1 (2014),Adventure|Sci-Fi|Thriller,3.8,5,0.011904761904761904,0
66297,Futurama: Into the Wild Green Yonder (2009),Action|Animation|Comedy|Sci-Fi,2.0,2,0.002976190476190476,0
3628,Flying Tigers (1942),Action|Drama|Romance|War,3.5,1,0.0,0
34536,The Great Raid (2005),Action|Drama|War,3.5,1,0.0,0
72641,"Blind Side, The  (2009)",Drama,3.75,10,0.026785714285714284,0
26007,"Unknown Soldier, The (Tuntematon sotilas) (1955)",Drama|War,4.0,1,0.0,1
944,Lost Horizon (1937),Drama,3.8,5,0.011904761904761904,0
6314,Undercover Blues (1993),Comedy|Crime,2.0,1,0.0,0
5282,High Crimes (2002),Thriller,3.125,4,0.008928571428571428,0
65261,Ponyo (Gake no ue no Ponyo) (2008),Adventure|Animation|Children|Fantasy,4.3,5,0.011904761904761904,1
869,Kansas City (1996),Crime|Drama|Musical|Thriller,3.2,5,0.011904761904761904,1
4037,House of Games (1987),Crime|Film-Noir|Mystery|Thriller,3.9,5,0.011904761904761904,0
5880,Extreme Ops (2002),Action|Adventure|Crime|Thriller,0.5,1,0.0,0
50858,Lonely Hearts (2006),Crime|Drama|Thriller,3.0,1,0.0,0
3177,Next Friday (2000),Comedy,2.8333333333333335,6,0.01488095238095238,1
177,Lord of Illusions (1995),Horror,2.5416666666666665,12,0.03273809523809523,0
4756,"Musketeer, The (2001)",Action|Adventure|Drama|Romance,2.7,5,0.011904761904761904,1
26974,Gummo (1997),Drama,3.6666666666666665,3,0.005952380952380952,0
4477,Big Top Pee-Wee (1988),Adventure|Children|Comedy,1.5,3,0.005952380952380952,0
4492,Critters (1986),Comedy|Sci-Fi,2.4,5,0.011904761904761904,0
6073,Victim (1961),Crime|Drama,3.0,1,0.0,0
4592,"Experts, The (1989)",Comedy,2.0,1,0.0,0
66304,Hotel for Dogs (2009),Adventure|Children|Comedy,2.5,1,0.0,0
73000,Nine (2009),Drama|Musical|Romance,4.0,1,0.0,1
42725,Grandma's Boy (2006),Comedy,3.5,8,0.020833333333333332,1
3926,Voyage to the Bottom of the Sea (1961),Adventure|Sci-Fi,3.75,2,0.002976190476190476,1
69945,"Fast and the Furious, The (1955)",Crime|Mystery,3.75,2,0.002976190476190476,0
458,Geronimo: An American Legend (1993),Drama|Western,2.9545454545454546,11,0.029761904761904757,0
72129,Saw VI (2009),Crime|Horror|Mystery|Thriller,3.0,4,0.008928571428571428,1
123,Chungking Express (Chung Hing sam lam) (1994),Drama|Mystery|Romance,4.090909090909091,11,0.029761904761904757,1
50798,Epic Movie (2007),Adventure|Comedy,1.2142857142857142,7,0.017857142857142856,0
5146,Vampire Hunter D: Bloodlust (Banpaia hantâ D) (2000),Animation|Fantasy|Horror|Sci-Fi,3.4444444444444446,9,0.023809523809523808,0
110127,Noah (2014),Adventure|Drama|IMAX,3.25,4,0.008928571428571428,0
478,Jimmy Hollywood (1994),Comedy|Crime|Drama,3.3333333333333335,3,0.005952380952380952,1
2181,Marnie (1964),Drama|Mystery|Romance|Thriller,3.1666666666666665,3,0.005952380952380952,0
358,Higher Learning (1995),Drama,3.4583333333333335,12,0.03273809523809523,0
6900,Black Sunday (1977),Action|Drama|Thriller,3.5,1,0.0,0
59159,Murders in the Rue Morgue (1932),Crime|Horror|Mystery,3.5,1,0.0,0
5798,Escanaba in da Moonlight (2001),Comedy,3.5,1,0.0,0
26152,Batman (1966),Action|Adventure|Comedy,3.4285714285714284,7,0.017857142857142856,1
72554,Cell 211 (Celda 211) (2009),Action|Drama,2.75,2,0.002976190476190476,0
4448,"Score, The (2001)",Action|Drama,3.3333333333333335,21,0.05952380952380952,0
4464,"Accidental Tourist, The (1988)",Comedy|Drama|Romance,2.8,5,0.011904761904761904,0
4735,Ghosts of Mars (2001),Horror|Sci-Fi|Thriller,2.5,11,0.029761904761904757,0
3859,"Eyes of Tammy Faye, The (2000)",Documentary,3.5,2,0.002976190476190476,0
4219,Girls Just Want to Have Fun (1985),Comedy,3.0,2,0.002976190476190476,0
3791,Footloose (1984),Drama,2.5714285714285716,7,0.017857142857142856,1
130512,Hippocrates (2014),Comedy|Drama,3.5,1,0.0,0
3079,Mansfield Park (1999),Comedy|Drama|Romance,3.6363636363636362,11,0.029761904761904757,0
4687,Billy Liar (1963),Comedy,3.0,1,0.0,0
3841,Air America (1990),Action|Comedy,3.0,9,0.023809523809523808,0
57368,Cloverfield (2008),Action|Mystery|Sci-Fi|Thriller,3.076923076923077,13,0.03571428571428571,0
58889,"Business of Being Born, The (2008)",Documentary,3.0,1,0.0,0
4928,That Obscure Object of Desire (Cet obscur objet du désir) (1977),Drama,3.6666666666666665,3,0.005952380952380952,1
72378,2012 (2009),Action|Drama|Sci-Fi|Thriller,3.0,12,0.03273809523809523,0
81,Things to Do in Denver When You're Dead (1995),Crime|Drama|Romance,3.1842105263157894,19,0.05357142857142856,0
42952,"Woman's Face, A (1941)",Drama|Thriller,2.0,1,0.0,0
86644,"Fast Five (Fast and the Furious 5, The) (2011)",Action|Crime|Drama|Thriller|IMAX,3.625,4,0.008928571428571428,1
40966,"Libertine, The (2004)",Drama,3.0,2,0.002976190476190476,0
4063,Prelude to a Kiss (1992),Comedy|Drama|Romance,4.0,1,0.0,1
5169,Scarlet Street (1945),Film-Noir,2.5,2,0.002976190476190476,0
2552,My Boyfriend's Back (1993),Comedy,3.0,2,0.002976190476190476,0
26346,"Story of Adele H., The (Histoire d'Adèle H., L') (1975)",Drama,2.0,1,0.0,0
1310,Hype! (1996),Documentary,5.0,1,0.0,1
6017,Divine Intervention (Yadon ilaheyya) (2002),Comedy|Drama|Romance|War,3.0,1,0.0,0
837,Matilda (1996),Children|Comedy|Fantasy,3.58,25,0.07142857142857142,0
27851,"Fond Kiss, A (Ae Fond Kiss...) (2004)",Drama|Romance,4.0,1,0.0,1
1361,Paradise Lost: The Child Murders at Robin Hood Hills (1996),Documentary,4.785714285714286,7,0.017857142857142856,1
297,Panther (1995),Drama,2.5,2,0.002976190476190476,0
1312,Female Perversions (1996),Drama,3.0,2,0.002976190476190476,1
91622,Young Adult (2011),Comedy|Drama,3.25,2,0.002976190476190476,0
4233,Tomcats (2001),Comedy,3.8333333333333335,3,0.005952380952380952,0
4347,Divided We Fall (Musíme si pomáhat) (2000),Comedy|Drama,4.5,2,0.002976190476190476,1
453,For Love or Money (1993),Comedy|Romance,2.0,2,0.002976190476190476,0
31435,Rory O'Shea Was Here (Inside I'm Dancing) (2004),Drama,4.0,2,0.002976190476190476,1
3092,"47 Samurai (Chûshingura) (Loyal 47 Ronin, The) (1962)",Drama,3.5,2,0.002976190476190476,0
7006,Knight Moves (1992),Mystery|Thriller,3.0,1,0.0,0
7980,"Bridge Too Far, A (1977)",Action|Drama|War,4.0,2,0.002976190476190476,0
103042,Man of Steel (2013),Action|Adventure|Fantasy|Sci-Fi|IMAX,3.75,6,0.01488095238095238,1
4627,Miss Firecracker (1989),Comedy,3.5,3,0.005952380952380952,0
98122,Indie Game: The Movie (2012),Documentary,4.0,2,0.002976190476190476,1
13,Balto (1995),Adventure|Animation|Children,3.5,2,0.002976190476190476,0
55276,Michael Clayton (2007),Drama|Thriller,3.725,20,0.05654761904761904,0
2386,Jerry Springer: Ringmaster (1998),Comedy|Drama,2.3333333333333335,3,0.005952380952380952,0
66785,"Good, the Bad, the Weird, The (Joheunnom nabbeunnom isanghannom) (2008)",Action|Adventure|Comedy|Western,4.25,2,0.002976190476190476,1
7393,"Slugger's Wife, The (1985)",Comedy|Romance,3.0,1,0.0,0
3420,...And Justice for All (1979),Drama|Thriller,3.1666666666666665,9,0.023809523809523808,0
83613,Cowboys & Aliens (2011),Action|Sci-Fi|Thriller|Western|IMAX,2.9166666666666665,6,0.01488095238095238,0
2715,"Velocity of Gary, The (1998)",Comedy|Romance,4.0,1,0.0,1
1948,Tom Jones (1963),Adventure|Comedy|Romance,3.85,10,0.026785714285714284,0
93510,21 Jump Street (2012),Action|Comedy|Crime,3.9166666666666665,6,0.01488095238095238,0
42723,Hostel (2005),Horror,2.25,8,0.020833333333333332,1
6266,What a Girl Wants (2003),Comedy|Drama|Romance,2.5,4,0.008928571428571428,0
88129,Drive (2011),Crime|Drama|Film-Noir|Thriller,4.045454545454546,11,0.029761904761904757,1
2107,Halloween H20: 20 Years Later (Halloween 7: The Revenge of Laurie Strode) (1998),Horror|Thriller,2.3181818181818183,11,0.029761904761904757,1
72605,Brothers (2009),Drama|Thriller|War,3.6666666666666665,3,0.005952380952380952,0
1337,"Body Snatcher, The (1945)",Drama|Horror|Thriller,3.5,6,0.01488095238095238,0
2566,Doug's 1st Movie (1999),Animation|Children,4.0,2,0.002976190476190476,1
2593,"Monster, The (Mostro, Il) (1994)",Comedy,2.5,3,0.005952380952380952,0
1187,Passion Fish (1992),Drama,3.7,5,0.011904761904761904,1
7743,Explorers (1985),Adventure|Children|Sci-Fi,4.0,2,0.002976190476190476,1
30747,"Goodbye, Dragon Inn (Bu san) (2003)",Comedy|Drama,3.0,1,0.0,0
3864,Godzilla 2000 (Gojira ni-sen mireniamu) (1999),Action|Adventure|Sci-Fi,2.375,8,0.020833333333333332,0
43921,Running Scared (2006),Action|Crime|Thriller,3.25,4,0.008928571428571428,0
3643,"Fighting Seabees, The (1944)",Action|Drama|War,5.0,1,0.0,1
69526,Transformers: Revenge of the Fallen (2009),Action|Adventure|Sci-Fi|IMAX,3.8636363636363638,11,0.029761904761904757,0
105844,12 Years a Slave (2013),Drama,3.9375,8,0.020833333333333332,1
2864,Splendor (1999),Comedy,4.0,1,0.0,1
2210,Sabotage (1936),Thriller,3.75,4,0.008928571428571428,1
8903,"Terror, The (1963)",Horror|Mystery,1.5,1,0.0,0
735,Cemetery Man (Dellamorte Dellamore) (1994),Horror,3.857142857142857,7,0.017857142857142856,0
86316,Gold Diggers of 1937 (1936),Comedy|Musical|Romance,4.5,1,0.0,1
6751,Cold Creek Manor (2003),Drama|Thriller,2.75,2,0.002976190476190476,0
71129,Green Lantern: First Flight (2009),Action|Adventure|Animation|Fantasy|Sci-Fi,4.5,1,0.0,1
3783,Croupier (1998),Crime|Drama,3.9285714285714284,7,0.017857142857142856,1
64999,War of the Worlds 2: The Next Wave (2008),Action,1.5,1,0.0,0
6804,Crimewave (1985),Comedy|Crime,3.0,1,0.0,0
65465,Last Chance Harvey (2008),Drama|Romance,3.6666666666666665,3,0.005952380952380952,1
867,Carpool (1996),Comedy|Crime,1.0,1,0.0,0
6776,Lagaan: Once Upon a Time in India (2001),Comedy|Drama|Musical|Romance,3.875,4,0.008928571428571428,0
3078,Liberty Heights (1999),Drama,3.125,4,0.008928571428571428,0
3877,Supergirl (1984),Action|Adventure|Fantasy,2.0,6,0.01488095238095238,0
7845,Tremors II: Aftershocks (1996),Comedy|Horror|Sci-Fi,2.3333333333333335,3,0.005952380952380952,0
41226,Sounder (1972),Drama,4.5,1,0.0,1
7486,Happy Together (a.k.a. Buenos Aires Affair) (Chun gwong cha sit) (1997),Drama|Romance,4.333333333333333,3,0.005952380952380952,1
3646,Big Momma's House (2000),Comedy,2.4615384615384617,13,0.03571428571428571,0
2752,Outrageous Fortune (1987),Comedy|Mystery,2.6666666666666665,6,0.01488095238095238,0
4649,Wet Hot American Summer (2001),Comedy,2.3333333333333335,3,0.005952380952380952,0
8596,Revenge of the Pink Panther (1978),Comedy|Crime,4.0,2,0.002976190476190476,1
27555,Fubar (2002),Comedy,3.5,1,0.0,0
8421,Dying of Laughter (Muertos de Risa) (1999),Comedy,3.5,1,0.0,0
4454,More (1998),Animation|Drama|Sci-Fi|IMAX,5.0,1,0.0,1
1126,Drop Dead Fred (1991),Comedy|Fantasy,3.111111111111111,18,0.050595238095238096,0
2656,Tarantula (1955),Horror|Sci-Fi,4.0,2,0.002976190476190476,1
328,Tales from the Crypt Presents: Demon Knight (1995),Horror|Thriller,2.2058823529411766,17,0.047619047619047616,0
2506,"Other Sister, The (1999)",Comedy|Drama|Romance,3.375,8,0.020833333333333332,0
51709,"Host, The (Gwoemul) (2006)",Comedy|Drama|Horror|Sci-Fi|Thriller,4.25,2,0.002976190476190476,1
80839,Secretariat (2010),Adventure|Drama,4.0,2,0.002976190476190476,1
611,Hellraiser: Bloodline (1996),Action|Horror|Sci-Fi,2.6,10,0.026785714285714284,0
152,"Addiction, The (1995)",Drama|Horror,3.0,5,0.011904761904761904,0
4006,Transformers: The Movie (1986),Adventure|Animation|Children|Sci-Fi,3.375,20,0.05654761904761904,1
68659,Fanboys (2008),Adventure|Comedy|Drama,3.5,1,0.0,0
4710,"Shootist, The (1976)",Drama|Western,4.5,4,0.008928571428571428,1
4298,Rififi (Du rififi chez les hommes) (1955),Crime|Film-Noir|Thriller,4.5,3,0.005952380952380952,1
3272,Bad Lieutenant (1992),Crime|Drama,3.0,4,0.008928571428571428,0
5492,Fathom (1967),Adventure,3.0,1,0.0,0
81140,6 Souls (Shelter) (2010),Horror|Mystery|Thriller,3.5,1,0.0,0
8720,"Super, The (1991)",Comedy,2.5,1,0.0,0
5499,Robin and Marian (1976),Adventure|Drama|Romance,3.3333333333333335,3,0.005952380952380952,0
7884,Highway 61 (1991),Comedy,3.5,2,0.002976190476190476,1
6289,Ghosts of the Abyss (2003),Documentary|IMAX,3.5,1,0.0,0
429,Cabin Boy (1994),Comedy,2.25,10,0.026785714285714284,0
1627,U Turn (1997),Crime|Drama|Mystery,3.25,6,0.01488095238095238,0
1133,Talking About Sex (1994),Comedy|Drama,3.0,2,0.002976190476190476,1
67923,"Fast & Furious (Fast and the Furious 4, The) (2009)",Action|Crime|Drama|Thriller,4.5,1,0.0,1
6953,21 Grams (2003),Crime|Drama|Mystery|Romance|Thriller,4.053571428571429,28,0.08035714285714285,1
7163,Paycheck (2003),Action|Sci-Fi|Thriller,3.111111111111111,9,0.023809523809523808,0
5055,Dragon: The Bruce Lee Story (1993),Action|Drama,3.55,10,0.026785714285714284,1
7570,Octopussy (1983),Action|Adventure|Thriller,3.5,4,0.008928571428571428,1
2978,Three to Tango (1999),Comedy|Romance,3.0,8,0.020833333333333332,0
5357,Iron Will (1994),Adventure,3.5,2,0.002976190476190476,1
496,What Happened Was... (1994),Comedy|Drama|Romance|Thriller,3.6666666666666665,3,0.005952380952380952,1
49910,Freedom Writers (2007),Drama,2.875,4,0.008928571428571428,0
70361,12 Rounds (2009),Action|Thriller,2.6,5,0.011904761904761904,1
2103,Tall Tale (1995),Adventure|Children|Fantasy|Western,4.0,2,0.002976190476190476,1
83525,Outrage (Autoreiji) (2010),Crime|Drama,5.0,1,0.0,1
33817,My Summer of Love (2004),Drama|Romance,3.3333333333333335,3,0.005952380952380952,0
8327,Dolls (2002),Drama|Romance,4.1,5,0.011904761904761904,1
99149,"Misérables, Les (2012)",Drama|Musical|Romance|IMAX,4.25,2,0.002976190476190476,0
31347,Christmas in July (1940),Comedy|Romance,4.0,1,0.0,1
1670,Welcome to Sarajevo (1997),Drama|War,4.25,2,0.002976190476190476,1
4971,Moscow on the Hudson (1984),Comedy|Drama,3.375,4,0.008928571428571428,0
5214,"Oh, God! (1977)",Comedy|Fantasy,2.8333333333333335,6,0.01488095238095238,0
57274,[REC] (2007),Drama|Horror|Thriller,3.3333333333333335,6,0.01488095238095238,0
4336,Nightwatch (Nattevagten) (1994),Horror|Thriller,3.5,1,0.0,0
8974,"SpongeBob SquarePants Movie, The (2004)",Adventure|Animation|Children|Comedy,3.75,4,0.008928571428571428,1
2434,Down in the Delta (1998),Drama,4.0,2,0.002976190476190476,1
30850,"Merchant of Venice, The (2004)",Drama,3.8333333333333335,3,0.005952380952380952,0
7225,Pumping Iron (1977),Documentary,4.0,2,0.002976190476190476,1
1816,Two Girls and a Guy (1997),Comedy|Drama,2.125,4,0.008928571428571428,0
33639,Mad Hot Ballroom (2005),Children|Documentary,3.5,3,0.005952380952380952,0
3456,"Color of Paradise, The (Rang-e khoda) (1999)",Drama,3.8333333333333335,3,0.005952380952380952,0
1987,Prom Night (1980),Horror,0.75,2,0.002976190476190476,0
807,"Rendezvous in Paris (Rendez-vous de Paris, Les) (1995)",Comedy|Romance,4.0,2,0.002976190476190476,1
3743,Boys and Girls (2000),Comedy|Romance,2.9,5,0.011904761904761904,1
445,Fatal Instinct (1993),Comedy,2.888888888888889,9,0.023809523809523808,0
44694,Volver (2006),Comedy|Drama,4.75,2,0.002976190476190476,1
189,Reckless (1995),Comedy|Fantasy,3.0,1,0.0,0
117881,Still Alice (2014),Drama,4.5,1,0.0,1
2540,"Corruptor, The (1999)",Action|Crime|Drama|Thriller,4.0,1,0.0,1
79870,Smash His Camera (2010),Documentary,3.5,1,0.0,0
5670,Comedian (2002),Comedy|Documentary,4.5,1,0.0,1
154,Beauty of the Day (Belle de jour) (1967),Drama,4.277777777777778,18,0.050595238095238096,1
6135,Still of the Night (1982),Mystery|Thriller,3.0,1,0.0,0
45431,Over the Hedge (2006),Adventure|Animation|Children|Comedy,3.4166666666666665,6,0.01488095238095238,0
7039,Thunderheart (1992),Crime|Mystery|Thriller,2.0,1,0.0,0
92096,14 Blades (Jin yi wei) (2010),Action|Drama,3.0,1,0.0,0
101112,Oz the Great and Powerful (2013),Action|Adventure|Fantasy|IMAX,3.375,4,0.008928571428571428,1
59387,"Fall, The (2006)",Adventure|Drama|Fantasy,3.9285714285714284,7,0.017857142857142856,1
1943,"Greatest Show on Earth, The (1952)",Drama,2.3,5,0.011904761904761904,0
7564,Kwaidan (Kaidan) (1964),Horror,3.9285714285714284,7,0.017857142857142856,0
6618,Shaolin Soccer (Siu lam juk kau) (2001),Action|Comedy,3.1818181818181817,11,0.029761904761904757,1
7587,"Samouraï, Le (Godson, The) (1967)",Crime|Drama|Thriller,4.333333333333333,3,0.005952380952380952,1
62553,"Secret Life of Bees, The (2008)",Drama,3.5,2,0.002976190476190476,1
60397,Mamma Mia! (2008),Comedy|Musical|Romance,2.888888888888889,9,0.023809523809523808,0
6390,Silk Stockings (1957),Musical,4.0,1,0.0,1
3912,Beautiful (2000),Comedy|Drama,1.0,2,0.002976190476190476,0
62644,"Wave, The (Welle, Die) (2008)",Drama,4.2,5,0.011904761904761904,1
3550,"Hunger, The (1983)",Horror,1.0,1,0.0,0
74621,Dare (2009),Drama,3.0,1,0.0,0
87232,X-Men: First Class (2011),Action|Adventure|Sci-Fi|Thriller|War,4.28125,16,0.04464285714285714,0
89470,Contagion (2011),Sci-Fi|Thriller|IMAX,3.5,3,0.005952380952380952,0
4123,Ishtar (1987),Comedy,1.0,1,0.0,0
2802,Tequila Sunrise (1988),Action|Drama|Romance|Thriller,3.4166666666666665,12,0.03273809523809523,1
5917,Zoot Suit (1981),Drama|Musical,3.5,1,0.0,0
7983,Broadway Danny Rose (1984),Comedy,4.25,4,0.008928571428571428,1
63072,"Road, The (2009)",Adventure|Drama|Thriller,2.8,5,0.011904761904761904,0
60756,Step Brothers (2008),Comedy,3.4285714285714284,7,0.017857142857142856,1
74324,Temple Grandin (2010),Drama,3.25,4,0.008928571428571428,0
55205,Interview (2007),Drama,4.0,1,0.0,1
5530,Simone (S1m0ne) (2002),Comedy|Drama|Fantasy|Sci-Fi,2.75,4,0.008928571428571428,0
4339,Von Ryan's Express (1965),Action|Adventure|Drama|War,4.125,4,0.008928571428571428,1
8781,"Manchurian Candidate, The (2004)",Thriller,3.590909090909091,11,0.029761904761904757,0
5582,Captain Ron (1992),Adventure|Comedy,4.0,1,0.0,1
70599,"Time Traveler's Wife, The (2009)",Drama|Romance|Sci-Fi,4.125,4,0.008928571428571428,0
90403,"Three Musketeers, The (2011)",Action|Adventure,4.0,1,0.0,1
120821,The War at Home (1979),Documentary|War,4.5,1,0.0,1
72720,"Single Man, A (2009)",Drama,4.25,2,0.002976190476190476,1
3538,East is East (1999),Comedy,3.7,5,0.011904761904761904,1
7416,"Sunshine Boys, The (1975)",Comedy,3.0,1,0.0,0
104274,Paranoia (2013),Drama|Thriller,2.5,1,0.0,0
91630,Mission: Impossible - Ghost Protocol (2011),Action|Adventure|Thriller|IMAX,3.75,10,0.026785714285714284,1
1113,"Associate, The (1996)",Comedy,3.5,5,0.011904761904761904,0
6408,Animals are Beautiful People (1974),Comedy|Documentary,4.0,2,0.002976190476190476,1
25767,"Man Who Laughs, The (1928)",Drama|Romance,5.0,1,0.0,1
102445,Star Trek Into Darkness (2013),Action|Adventure|Sci-Fi|IMAX,4.0625,8,0.020833333333333332,1
47423,Half Nelson (2006),Drama,3.5,1,0.0,0
3652,"City of the Living Dead (a.k.a. Gates of Hell, The) (Paura nella città dei morti viventi) (1980)",Horror,2.0,1,0.0,0
6614,I Love You to Death (1990),Comedy|Crime,3.0,2,0.002976190476190476,0
6473,Half Moon Street (1986),Drama|Thriller,3.5,1,0.0,0
65585,Bride Wars (2009),Comedy|Romance,1.75,2,0.002976190476190476,0
39400,"Fog, The (2005)",Action|Horror|Mystery|Thriller,2.0,2,0.002976190476190476,0
112290,Boyhood (2014),Drama,4.3,5,0.011904761904761904,1
7700,"Wages of Fear, The (Salaire de la peur, Le) (1953)",Action|Adventure|Drama|Thriller,4.625,4,0.008928571428571428,1
4662,"See No Evil, Hear No Evil (1989)",Comedy|Crime,2.1666666666666665,6,0.01488095238095238,0
86817,Something Borrowed (2011),Comedy|Drama|Romance,3.25,2,0.002976190476190476,0
74688,Dear John (2010),Drama|Romance|War,4.0,1,0.0,1
55830,Be Kind Rewind (2008),Comedy,3.2,5,0.011904761904761904,0
5360,"Survivors, The (1983)",Comedy,3.0,1,0.0,0
5477,Sex and Lucia (Lucía y el sexo) (2001),Drama|Romance,3.1,5,0.011904761904761904,1
7481,Enemy Mine (1985),Adventure|Drama|Sci-Fi,2.875,4,0.008928571428571428,0
46335,"Fast and the Furious: Tokyo Drift, The (Fast and the Furious 3, The) (2006)",Action|Crime|Drama|Thriller,1.9285714285714286,7,0.017857142857142856,0
1711,Midnight in the Garden of Good and Evil (1997),Crime|Drama|Mystery,3.3636363636363638,22,0.062499999999999986,1
2331,Living Out Loud (1998),Comedy|Drama|Romance,3.25,8,0.020833333333333332,0
4618,Leviathan (1989),Horror|Sci-Fi|Thriller,2.0,3,0.005952380952380952,0
2055,Hot Lead and Cold Feet (1978),Action|Comedy|Western,2.0,2,0.002976190476190476,0
523,Ruby in Paradise (1993),Drama,4.0,4,0.008928571428571428,1
5826,Rio Grande (1950),Romance|Western,5.0,1,0.0,1
74156,Edge of Darkness (2010),Drama|Thriller,3.25,2,0.002976190476190476,0
1305,"Paris, Texas (1984)",Drama|Romance,3.95,10,0.026785714285714284,1
5105,Don't Look Now (1973),Drama|Horror|Thriller,3.8,5,0.011904761904761904,0
2351,"Nights of Cabiria (Notti di Cabiria, Le) (1957)",Drama,4.25,6,0.01488095238095238,1
6856,Yankee Doodle Dandy (1942),Drama|Musical,3.6666666666666665,3,0.005952380952380952,1
5127,Dragonfly (2002),Drama|Fantasy|Mystery|Romance|Thriller,2.0,1,0.0,0
803,Walking and Talking (1996),Comedy|Drama|Romance,3.375,4,0.008928571428571428,0
30803,3-Iron (Bin-jip) (2004),Drama|Romance,4.166666666666667,3,0.005952380952380952,1
54787,Death Sentence (2007),Drama|Thriller,3.25,2,0.002976190476190476,0
2419,Extremities (1986),Drama|Thriller,2.0,2,0.002976190476190476,0
68848,"Brothers Bloom, The (2008)",Adventure|Comedy|Crime|Romance,3.75,2,0.002976190476190476,1
5122,Summer of '42 (1971),Drama,3.75,2,0.002976190476190476,1
64231,Punisher: War Zone (2008),Action|Crime|Drama|Thriller,2.8333333333333335,3,0.005952380952380952,0
45361,"American Haunting, An (2005)",Drama|Horror|Mystery|Thriller,2.25,2,0.002976190476190476,0
3590,"Lords of Flatbush, The (1974)",Comedy|Drama,4.0,1,0.0,1
8998,That's Entertainment (1974),Documentary,4.0,2,0.002976190476190476,1
89864,50/50 (2011),Comedy|Drama,3.75,10,0.026785714285714284,1
3466,Heart and Souls (1993),Comedy|Fantasy,4.0,7,0.017857142857142856,1
4251,Chopper (2000),Drama|Thriller,3.0,2,0.002976190476190476,0
97938,Life of Pi (2012),Adventure|Drama|IMAX,4.25,8,0.020833333333333332,1
55553,Black Sheep (2006),Comedy|Horror,2.0,1,0.0,0
3847,"Ilsa, She Wolf of the SS (1974)",Horror,2.3333333333333335,3,0.005952380952380952,0
52767,21 Up (1977),Documentary,3.125,4,0.008928571428571428,0
110655,Rio 2 (2014),Adventure|Animation|Children|Comedy,2.0,2,0.002976190476190476,0
4380,"Princess and the Warrior, The (Krieger und die Kaiserin, Der) (2000)",Drama|Romance,3.875,4,0.008928571428571428,1
114246,"Walk Among the Tombstones, A (2014)",Action|Crime|Mystery|Thriller,3.5,1,0.0,0
1631,"Assignment, The (1997)",Action|Thriller,3.5,4,0.008928571428571428,0
5480,Stuart Little 2 (2002),Children|Comedy,2.6,5,0.011904761904761904,1
95873,Ruby Sparks (2012),Comedy|Fantasy|Romance,3.7,5,0.011904761904761904,0
33646,"Longest Yard, The (2005)",Comedy|Drama,3.5,7,0.017857142857142856,0
2365,King Kong vs. Godzilla (Kingukongu tai Gojira) (1962),Action|Sci-Fi,3.25,4,0.008928571428571428,1
6067,Ordinary Decent Criminal (2000),Comedy|Crime,3.5,1,0.0,0
4397,Cannonball Run II (1984),Action|Comedy,2.75,6,0.01488095238095238,0
1929,Grand Hotel (1932),Drama|Romance,3.5,2,0.002976190476190476,0
4389,Lost and Delirious (2001),Drama,4.25,2,0.002976190476190476,1
3465,That's Life! (1986),Drama,1.0,1,0.0,0
91104,"Twilight Saga: Breaking Dawn - Part 1, The (2011)",Adventure|Drama|Fantasy|Romance,2.75,2,0.002976190476190476,1
2062,"Governess, The (1998)",Drama|Romance,1.0,1,0.0,0
55071,No End in Sight (2007),Documentary,4.0,2,0.002976190476190476,1
1936,Mrs. Miniver (1942),Drama|War,3.1666666666666665,3,0.005952380952380952,0
1933,"Life of Emile Zola, The (1937)",Drama,4.0,1,0.0,1
90890,Jack and Jill (2011),Comedy,3.5,1,0.0,0
69685,Daria: Is It College Yet? (2002),Animation|Comedy,3.5,3,0.005952380952380952,1
8833,Vanity Fair (2004),Drama|Romance,2.6666666666666665,3,0.005952380952380952,0
4478,Biloxi Blues (1988),Comedy|Drama,3.6,5,0.011904761904761904,0
4501,"Elvira, Mistress of the Dark (1988)",Comedy|Horror,1.75,2,0.002976190476190476,0
68269,"Young Victoria, The (2009)",Drama|Romance,3.5,4,0.008928571428571428,1
5998,Doppelganger (1993),Horror|Thriller,2.0,1,0.0,0
99871,Jesse Stone: No Remorse (2010),Crime|Mystery,3.5,1,0.0,0
25753,Greed (1924),Drama,3.0,1,0.0,0
6716,Daisy Miller (1974),Drama,2.5,1,0.0,0
53435,Hostel: Part II (2007),Crime|Horror|Thriller,1.6666666666666667,3,0.005952380952380952,0
1606,Kull the Conqueror (1997),Action|Adventure,2.6666666666666665,6,0.01488095238095238,0
4595,Fat Man and Little Boy (1989),Drama,3.25,2,0.002976190476190476,0
110611,Cold in July (2014),Drama|Thriller,4.0,1,0.0,1
52885,Paprika (Papurika) (2006),Animation|Mystery|Sci-Fi,3.7777777777777777,9,0.023809523809523808,1
6197,Spider (2002),Drama|Mystery,3.5,3,0.005952380952380952,0
437,Cops and Robbersons (1994),Comedy,2.5714285714285716,7,0.017857142857142856,0
37853,Into the Blue (2005),Action|Adventure|Crime|Thriller,3.6666666666666665,6,0.01488095238095238,1
5275,Boxcar Bertha (1972),Drama,3.5,1,0.0,0
5692,"Mechanic, The (1972)",Action|Thriller,3.5,1,0.0,0
346,Backbeat (1993),Drama|Musical,3.25,4,0.008928571428571428,0
27803,"Sea Inside, The (Mar adentro) (2004)",Drama,4.1923076923076925,13,0.03571428571428571,1
68650,Powder Blue (2009),Drama,5.0,1,0.0,1
27604,Suicide Club (Jisatsu saakuru) (2001),Horror|Mystery|Thriller,4.0,3,0.005952380952380952,1
4218,River's Edge (1986),Crime|Drama,3.0,3,0.005952380952380952,0
4888,Tape (2001),Drama,4.1,5,0.011904761904761904,1
3249,"Hand That Rocks the Cradle, The (1992)",Drama|Thriller,3.0,16,0.04464285714285714,0
2084,Newsies (1992),Children|Musical,2.7857142857142856,7,0.017857142857142856,0
25826,Libeled Lady (1936),Comedy|Romance,4.0,1,0.0,1
7459,Carandiru (2003),Crime|Drama,3.5,1,0.0,0
74677,"Yes Men Fix the World, The (2009)",Documentary,4.0,1,0.0,1
50794,Smokin' Aces (2006),Action|Crime|Drama|Thriller,3.142857142857143,7,0.017857142857142856,0
2024,"Rapture, The (1991)",Drama|Mystery,3.6666666666666665,6,0.01488095238095238,0
3206,Against All Odds (1984),Romance,3.0,3,0.005952380952380952,0
62394,Max Payne (2008),Action|Crime|Drama|Thriller,1.9,5,0.011904761904761904,0
1147,When We Were Kings (1996),Documentary,4.357142857142857,7,0.017857142857142856,1
88163,"Crazy, Stupid, Love. (2011)",Comedy|Drama|Romance,3.727272727272727,11,0.029761904761904757,1
389,"Colonel Chabert, Le (1994)",Drama|Romance|War,4.0,1,0.0,1
59000,Sex and Death 101 (2007),Comedy|Drama,3.5,1,0.0,0
2553,Village of the Damned (1960),Horror|Sci-Fi|Thriller,3.4615384615384617,13,0.03571428571428571,1
96314,Celeste and Jesse Forever (Celeste & Jesse Forever) (2012),Comedy|Drama|Romance,3.25,2,0.002976190476190476,0
5022,"Servant, The (1963)",Drama,3.0,2,0.002976190476190476,1
95510,"Amazing Spider-Man, The (2012)",Action|Adventure|Sci-Fi|IMAX,3.5625,8,0.020833333333333332,1
7792,"Parallax View, The (1974)",Thriller,3.6666666666666665,3,0.005952380952380952,1
7162,Cold Mountain (2003),Drama|Romance|War,3.7,15,0.04166666666666666,0
1581,Out to Sea (1997),Comedy,2.1666666666666665,3,0.005952380952380952,0
2548,"Rage: Carrie 2, The (1999)",Horror,1.4,5,0.011904761904761904,0
4723,"Deep End, The (2001)",Drama,2.25,2,0.002976190476190476,0
7773,"Bang, Bang, You're Dead (2002)",Drama,3.3333333333333335,3,0.005952380952380952,0
1983,Halloween II (1981),Horror,3.125,8,0.020833333333333332,0
4149,Saving Silverman (Evil Woman) (2001),Comedy|Romance,3.1153846153846154,13,0.03571428571428571,0
7049,Flying Down to Rio (1933),Comedy|Musical|Romance,3.0,2,0.002976190476190476,0
96821,"Perks of Being a Wallflower, The (2012)",Drama|Romance,3.7,5,0.011904761904761904,1
91325,Extremely Loud and Incredibly Close (2011),Drama,4.25,2,0.002976190476190476,0
5053,Blankman (1994),Comedy,3.1666666666666665,3,0.005952380952380952,0
8959,Birth (2004),Drama|Mystery,2.5,3,0.005952380952380952,0
5308,Three Men and a Baby (1987),Comedy,2.9722222222222223,18,0.050595238095238096,0
5585,Ernest Scared Stupid (1991),Comedy,3.5,2,0.002976190476190476,1
3483,"Road to El Dorado, The (2000)",Animation|Children,3.3333333333333335,6,0.01488095238095238,0
89535,"Havre, Le (2011)",Comedy|Drama,3.25,2,0.002976190476190476,0
7234,"Strada, La (1954)",Drama,3.5,4,0.008928571428571428,0
83527,Madeinusa (2006),Drama,3.0,1,0.0,0
69356,Zulu Dawn (1979),Action|Drama|Thriller|War,2.0,1,0.0,0
64997,War of the Worlds (2005),Action|Sci-Fi,3.5,1,0.0,0
5735,Faces of Death (1978),Documentary|Horror,2.75,2,0.002976190476190476,0
2919,"Year of Living Dangerously, The (1982)",Drama|Romance|War,4.1,10,0.026785714285714284,1
1629,"MatchMaker, The (1997)",Comedy|Romance,3.25,4,0.008928571428571428,1
80939,Conviction (2010),Drama,3.5,2,0.002976190476190476,0
82767,Rabbit Hole (2010),Drama,2.5,2,0.002976190476190476,0
80219,Machete (2010),Action|Adventure|Comedy|Crime|Thriller,3.7142857142857144,7,0.017857142857142856,0
71067,Carry on Screaming! (1966),Comedy|Horror,3.5,1,0.0,0
103137,"Bling Ring, The (2013)",Crime|Drama,3.0,1,0.0,0
33171,Mysterious Skin (2004),Drama|Mystery,4.125,4,0.008928571428571428,1
781,Stealing Beauty (1996),Drama,3.75,6,0.01488095238095238,0
2088,Popeye (1980),Adventure|Comedy|Musical,2.8636363636363638,22,0.062499999999999986,0
45208,RV (2006),Adventure|Children|Comedy,2.25,2,0.002976190476190476,0
606,Candyman: Farewell to the Flesh (1995),Fantasy|Horror,2.2,10,0.026785714285714284,0
4578,Chances Are (1989),Comedy|Romance,3.5,3,0.005952380952380952,1
7139,In America (2002),Drama|Romance,4.0,11,0.029761904761904757,1
53123,Once (2006),Drama|Musical|Romance,3.3333333333333335,9,0.023809523809523808,0
78039,Blue Valentine (2010),Drama|Romance,4.125,4,0.008928571428571428,1
6485,Rugrats Go Wild! (2003),Adventure|Animation|Children|Comedy,1.75,2,0.002976190476190476,0
78209,Get Him to the Greek (2010),Comedy,3.4,5,0.011904761904761904,0
26151,Au Hasard Balthazar (1966),Crime|Drama,5.0,1,0.0,1
72733,Invictus (2009),Drama,3.142857142857143,7,0.017857142857142856,0
3855,"Affair of Love, An (Liaison pornographique, Une) (1999)",Drama|Romance,4.333333333333333,3,0.005952380952380952,1
649,Cold Fever (Á köldum klaka) (1995),Comedy|Drama,5.0,1,0.0,1
102160,"Numbers Station, The (2013)",Action|Thriller,3.5,1,0.0,0
91978,Man on a Ledge (2012),Crime|Thriller,2.8333333333333335,3,0.005952380952380952,0
1318,Blue Juice (1995),Comedy|Drama,2.0,1,0.0,0
3115,Flawless (1999),Drama,3.3333333333333335,6,0.01488095238095238,0
4808,"Vanishing, The (1993)",Mystery|Thriller,3.6,5,0.011904761904761904,0
188,"Prophecy, The (1995)",Fantasy|Horror|Mystery,3.357142857142857,7,0.017857142857142856,1
7088,Black Orpheus (Orfeu Negro) (1959),Drama|Romance,4.5,3,0.005952380952380952,1
62374,Body of Lies (2008),Action|Drama|Thriller,4.0,4,0.008928571428571428,1
27876,Schultze Gets the Blues (2003),Comedy|Drama,3.5,2,0.002976190476190476,0
78218,Unthinkable (2010),Drama|Thriller,4.0,4,0.008928571428571428,1
5054,Brainstorm (1983),Sci-Fi|Thriller,4.25,4,0.008928571428571428,1
42002,"Producers, The (2005)",Comedy|Musical,2.9285714285714284,7,0.017857142857142856,1
97913,Wreck-It Ralph (2012),Animation|Comedy,3.8125,8,0.020833333333333332,0
91079,Like Crazy (2011),Drama|Romance,1.0,1,0.0,0
1725,"Education of Little Tree, The (1997)",Drama,4.5,2,0.002976190476190476,1
4245,Shadow Magic (2000),Drama|Romance,3.0,1,0.0,0
833,High School High (1996),Comedy,3.3333333333333335,3,0.005952380952380952,0
2934,"Amor brujo, El (Love Bewitched, A) (1986)",Drama|Musical,3.0,1,0.0,0
49274,Happy Feet (2006),Adventure|Animation|Children|Comedy|IMAX,3.3333333333333335,3,0.005952380952380952,1
8484,"Human Condition I, The (Ningen no joken I) (1959)",Drama|War,4.0,2,0.002976190476190476,1
3812,Everything You Always Wanted to Know About Sex * But Were Afraid to Ask (1972),Comedy,3.8125,8,0.020833333333333332,1
4432,Sweet Smell of Success (1957),Drama|Film-Noir,4.3,5,0.011904761904761904,1
4707,Liebestraum (1991),Mystery|Thriller,4.0,1,0.0,1
107137,Star Trek: Of Gods and Men (2007),Action|Adventure|Sci-Fi,1.5,1,0.0,0
5829,Men with Brooms (2002),Comedy|Drama|Romance,3.0,3,0.005952380952380952,1
5664,Brown Sugar (2002),Romance,3.0,1,0.0,0
50533,Into Great Silence (Die große Stille) (2005),Documentary,4.0,1,0.0,1
4225,"Dish, The (2001)",Comedy,3.9166666666666665,6,0.01488095238095238,1
86347,Louis C.K.: Chewed Up (2008),Comedy,3.375,4,0.008928571428571428,1
5812,Far from Heaven (2002),Drama|Romance,3.625,12,0.03273809523809523,0
4679,Uncle Buck (1989),Comedy,3.15,10,0.026785714285714284,1
271,Losing Isaiah (1995),Drama,3.5,5,0.011904761904761904,0
4200,Double Impact (1991),Action,3.25,2,0.002976190476190476,0
1972,"Nightmare on Elm Street 5: The Dream Child, A (1989)",Horror,2.0833333333333335,6,0.01488095238095238,0
26528,Anne of Green Gables (1985),Children|Drama,3.5,3,0.005952380952380952,0
510,Poetic Justice (1993),Drama,3.5,3,0.005952380952380952,0
78,"Crossing Guard, The (1995)",Action|Crime|Drama|Thriller,3.2,5,0.011904761904761904,1
4587,Earth Girls Are Easy (1988),Comedy|Musical|Sci-Fi,2.5,7,0.017857142857142856,0
93740,Salmon Fishing in the Yemen (2011),Comedy|Drama|Romance,2.75,2,0.002976190476190476,1
52319,Inglorious Bastards (Quel maledetto treno blindato) (1978),Action|Adventure|Drama|War,3.9,5,0.011904761904761904,1
27592,Sympathy for Mr. Vengeance (Boksuneun naui geot) (2002),Crime|Drama,3.8125,8,0.020833333333333332,0
34018,At the Circus (1939),Comedy|Musical,3.5,1,0.0,0
5071,Maelström (2000),Drama|Romance,1.0,1,0.0,0
3771,The Golden Voyage of Sinbad (1973),Action|Adventure|Fantasy,4.0,1,0.0,1
27134,Dark Portals: The Chronicles of Vidocq  (Vidocq) (2001),Action|Crime|Fantasy,3.0,1,0.0,0
5596,Spaced Invaders (1990),Adventure|Comedy|Sci-Fi,2.0,2,0.002976190476190476,0
14,Nixon (1995),Drama,3.433333333333333,15,0.04166666666666666,0
4444,"Way of the Dragon, The (a.k.a. Return of the Dragon) (Meng long guo jiang) (1972)",Action|Crime,4.666666666666667,3,0.005952380952380952,1
93040,"Civil War, The (1990)",Documentary|War,0.5,1,0.0,0
5941,Drumline (2002),Comedy|Drama|Musical|Romance,3.5,5,0.011904761904761904,0
2381,Police Academy 4: Citizens on Patrol (1987),Comedy|Crime,1.9583333333333333,12,0.03273809523809523,0
3857,Bless the Child (2000),Thriller,3.0,4,0.008928571428571428,0
7142,Honey (2003),Drama|Romance,3.0,4,0.008928571428571428,0
4193,"Fantasticks, The (1995)",Musical,4.0,1,0.0,1
6858,Knife in the Water (Nóz w wodzie) (1962),Drama,4.0,2,0.002976190476190476,1
44815,ATL (2006),Drama,3.25,2,0.002976190476190476,0
947,My Man Godfrey (1936),Comedy|Romance,4.625,4,0.008928571428571428,1
4012,Punchline (1988),Comedy|Drama,3.5,2,0.002976190476190476,1
60937,"Mummy: Tomb of the Dragon Emperor, The (2008)",Action|Adventure|Fantasy|Thriller,3.125,4,0.008928571428571428,0
4919,Subway (1985),Crime|Drama|Romance|Thriller,4.0,2,0.002976190476190476,1
419,"Beverly Hillbillies, The (1993)",Comedy,2.15625,16,0.04464285714285714,0
82022,"Reef, The (2010)",Drama|Horror|Thriller,2.5,1,0.0,0
326,To Live (Huozhe) (1994),Drama,3.5,4,0.008928571428571428,0
2575,"Dreamlife of Angels, The (Vie rêvée des anges, La) (1998)",Drama,3.5,5,0.011904761904761904,0
388,Boys Life (1995),Drama,3.5,2,0.002976190476190476,1
3559,Limelight (1952),Comedy|Drama|Romance,4.0,1,0.0,1
3695,"Toxic Avenger Part III: The Last Temptation of Toxie, The (1989)",Comedy|Horror,1.8333333333333333,3,0.005952380952380952,0
49824,Dreamgirls (2006),Drama|Musical,3.357142857142857,7,0.017857142857142856,1
81180,30 Days of Night: Dark Days (2010),Horror|Thriller,3.75,2,0.002976190476190476,1
40819,Walk the Line (2005),Drama|Musical|Romance,3.96875,32,0.09226190476190475,0
77795,Cargo (2009),Sci-Fi,3.5,1,0.0,0
32721,Battle of the Bulge (1965),Action|Drama|War,3.5,1,0.0,0
3957,Billy Jack (1971),Action|Drama,3.0,3,0.005952380952380952,0
31694,Bride & Prejudice (2004),Comedy|Musical|Romance,2.6666666666666665,3,0.005952380952380952,0
4932,Dressed to Kill (1980),Mystery|Thriller,4.0,4,0.008928571428571428,1
6743,Jungle Book (1942),Adventure|Fantasy,3.3,5,0.011904761904761904,0
3549,Guys and Dolls (1955),Comedy|Musical|Romance,3.6666666666666665,12,0.03273809523809523,0
1051,Trees Lounge (1996),Drama,3.4,5,0.011904761904761904,0
2206,Suspicion (1941),Film-Noir|Mystery|Thriller,4.0,8,0.020833333333333332,1
3754,"Adventures of Rocky and Bullwinkle, The (2000)",Adventure|Animation|Children|Comedy|Fantasy,1.9166666666666667,6,0.01488095238095238,0
3963,"Unsinkable Molly Brown, The (1964)",Musical,2.5,2,0.002976190476190476,0
1750,Star Kid (1997),Adventure|Children|Fantasy|Sci-Fi,2.5,2,0.002976190476190476,0
3950,Tigerland (2000),Drama,3.3,5,0.011904761904761904,0
7942,Summer with Monika (Sommaren med Monika) (1953),Drama|Romance,3.1,5,0.011904761904761904,0
55995,Beowulf (2007),Action|Adventure|Animation|Fantasy|IMAX,3.0,6,0.01488095238095238,0
581,"Celluloid Closet, The (1995)",Documentary,4.076923076923077,13,0.03571428571428571,1
65567,Passengers (2008),Drama|Mystery|Thriller,2.75,2,0.002976190476190476,0
3565,Where the Heart Is (2000),Comedy|Drama,2.75,10,0.026785714285714284,0
62336,FLCL (2000),Animation|Comedy|Fantasy|Sci-Fi,4.0,4,0.008928571428571428,0
1564,For Roseanna (Roseanna's Grave) (1997),Comedy|Drama|Romance,3.0,1,0.0,0
6910,Kronos (a.k.a. Captain Kronos: Vampire Hunter) (1973),Horror,2.0,2,0.002976190476190476,0
48322,Jackass Number Two (2006),Comedy|Documentary,4.125,4,0.008928571428571428,0
5034,"Truly, Madly, Deeply (1991)",Drama|Romance,3.6,5,0.011904761904761904,0
5321,"Triumph of Love, The (2001)",Comedy,3.0,4,0.008928571428571428,1
71304,Thirst (Bakjwi) (2009),Drama|Horror,3.5,2,0.002976190476190476,0
1837,"Odd Couple II, The (1998)",Comedy,2.5,5,0.011904761904761904,0
687,Country Life (1994),Drama|Romance,3.0,1,0.0,0
8866,Wimbledon (2004),Comedy|Romance,3.5,7,0.017857142857142856,1
93933,Footnote (Hearat Shulayim) (2011),Drama,4.5,1,0.0,1
3331,My Tutor (1983),Drama,3.5,2,0.002976190476190476,1
49649,Eragon (2006),Action|Adventure|Fantasy,3.1666666666666665,6,0.01488095238095238,0
615,Bread and Chocolate (Pane e cioccolata) (1973),Comedy|Drama,4.25,4,0.008928571428571428,1
8372,Garfield: The Movie (2004),Animation|Children|Comedy,2.4,5,0.011904761904761904,1
2349,Mona Lisa (1986),Comedy|Thriller,4.222222222222222,9,0.023809523809523808,1
2634,"Mummy, The (1959)",Horror,1.75,2,0.002976190476190476,0
2822,Medicine Man (1992),Adventure|Romance,2.6363636363636362,11,0.029761904761904757,1
1477,Love Jones (1997),Romance,2.0,1,0.0,0
5606,Society (1989),Horror|Mystery,3.0,1,0.0,0
58299,Horton Hears a Who! (2008),Adventure|Animation|Children|Comedy,3.3,5,0.011904761904761904,0
6184,"Man Who Fell to Earth, The (1976)",Drama|Sci-Fi,3.9,5,0.011904761904761904,1
4745,O (2001),Drama,3.5,2,0.002976190476190476,0
1864,Sour Grapes (1998),Comedy,4.5,1,0.0,1
3741,Badlands (1973),Crime|Drama|Thriller,4.153846153846154,13,0.03571428571428571,0
53161,"I'm a Cyborg, But That's OK (Saibogujiman kwenchana) (2006)",Comedy|Drama|Romance|Sci-Fi,4.0,1,0.0,1
52712,"Invisible, The (2007)",Crime|Drama|Fantasy|Mystery|Thriller,2.5,2,0.002976190476190476,0
26199,Alice's Restaurant (1969),Comedy|Drama,3.5,1,0.0,0
4644,Bread and Tulips (Pane e tulipani) (2000),Comedy|Drama|Romance,3.2857142857142856,7,0.017857142857142856,0
4086,"Big Easy, The (1987)",Action|Crime|Mystery|Romance|Thriller,3.625,8,0.020833333333333332,1
8623,Roxanne (1987),Comedy|Romance,3.2083333333333335,12,0.03273809523809523,0
3157,Stuart Little (1999),Children|Comedy|Fantasy,2.6875,16,0.04464285714285714,0
78088,Buried (2010),Mystery|Thriller,3.5,2,0.002976190476190476,0
6817,"White Hunter, Black Heart (1990)",Adventure|Drama,3.75,2,0.002976190476190476,0
2976,Bringing Out the Dead (1999),Drama,3.4,10,0.026785714285714284,0
5515,Songs From the Second Floor (Sånger från andra våningen) (2000),Drama,3.5,3,0.005952380952380952,1
4743,Tortilla Soup (2001),Comedy|Romance,3.1666666666666665,3,0.005952380952380952,0
56915,"Water Horse: Legend of the Deep, The (2007)",Adventure|Children|Fantasy,3.0,1,0.0,0
7005,King Ralph (1991),Comedy,2.25,2,0.002976190476190476,0
62434,Zack and Miri Make a Porno (2008),Comedy|Drama|Romance,2.888888888888889,9,0.023809523809523808,0
103253,Elysium (2013),Action|Drama|Sci-Fi|IMAX,2.75,4,0.008928571428571428,0
4368,Dr. Dolittle 2 (2001),Comedy,2.5454545454545454,11,0.029761904761904757,0
463,Guilty as Sin (1993),Crime|Drama|Thriller,3.0,1,0.0,0
34532,"Skeleton Key, The (2005)",Drama|Horror|Mystery|Thriller,4.0,2,0.002976190476190476,0
49957,"History Boys, The (2006)",Comedy|Drama,4.625,4,0.008928571428571428,1
2287,Them! (1954),Horror|Sci-Fi|Thriller,4.1,5,0.011904761904761904,1
1177,Enchanted April (1992),Drama|Romance,4.0,10,0.026785714285714284,1
320,Suture (1993),Film-Noir|Thriller,4.0,1,0.0,1
6352,Lambada (1990),Drama,1.8333333333333333,3,0.005952380952380952,0
2378,Police Academy (1984),Comedy|Crime,2.918918918918919,37,0.10714285714285714,1
176,Living in Oblivion (1995),Comedy,3.875,8,0.020833333333333332,1
2416,Back to School (1986),Comedy,3.25,12,0.03273809523809523,0
37857,MirrorMask (2005),Adventure|Children|Drama|Fantasy,3.375,8,0.020833333333333332,0
4563,Young Einstein (1988),Comedy,2.0,2,0.002976190476190476,0
40614,Derailed (2005),Drama|Thriller,3.1666666666666665,3,0.005952380952380952,0
1734,My Life in Pink (Ma vie en rose) (1997),Comedy|Drama,3.6875,8,0.020833333333333332,0
251,"Hunted, The (1995)",Action,3.0,3,0.005952380952380952,0
82005,"Extra Man, The (2010)",Comedy,2.0,1,0.0,0
1859,Taste of Cherry (Ta'm e guilass) (1997),Drama,5.0,1,0.0,1
564,Chasers (1994),Comedy,1.25,2,0.002976190476190476,0
115569,Nightcrawler (2014),Crime|Drama|Thriller,3.6666666666666665,3,0.005952380952380952,0
6074,Endangered Species (1982),Mystery|Sci-Fi|Thriller,4.5,1,0.0,1
2556,Telling You (1998),Comedy|Drama|Romance,2.0,2,0.002976190476190476,0
74624,Agora (2009),Adventure|Drama|Romance,2.5,2,0.002976190476190476,0
3055,Felicia's Journey (1999),Thriller,3.2857142857142856,7,0.017857142857142856,1
4206,"Mighty Quinn, The (1989)",Crime|Mystery,4.0,2,0.002976190476190476,1
103171,Schlussmacher (2013),Comedy,3.5,1,0.0,0
30712,"Narrow Margin, The (1952)",Crime|Drama|Film-Noir,3.5,1,0.0,0
6341,"Shape of Things, The (2003)",Drama,3.0,2,0.002976190476190476,0
6533,"What's Up, Doc? (1972)",Comedy,3.1666666666666665,3,0.005952380952380952,0
2102,Steamboat Willie (1928),Animation|Children|Comedy|Musical,3.5,4,0.008928571428571428,0
42197,Keeping Mum (2005),Comedy|Crime,4.166666666666667,3,0.005952380952380952,1
2448,Virus (1999),Horror|Sci-Fi,3.0,3,0.005952380952380952,1
27674,11:14 (2003),Comedy|Crime|Drama|Mystery|Thriller,3.9166666666666665,6,0.01488095238095238,1
4205,Mermaids (1990),Comedy|Drama|Romance,3.3,5,0.011904761904761904,0
96634,Emergo (Apartment 143) (2011),Horror,2.0,1,0.0,0
5923,Author! Author! (1982),Comedy|Drama,2.5,2,0.002976190476190476,0
2709,Muppets From Space (1999),Children|Comedy,2.9285714285714284,7,0.017857142857142856,0
1503,8 Heads in a Duffel Bag (1997),Comedy,2.6,5,0.011904761904761904,0
1535,Love! Valour! Compassion! (1997),Drama|Romance,3.642857142857143,7,0.017857142857142856,1
62344,Rachel Getting Married (2008),Drama|Romance,3.5,1,0.0,0
3076,Irma la Douce (1963),Comedy,3.8333333333333335,3,0.005952380952380952,1
2756,Wanted: Dead or Alive (1987),Action,5.0,1,0.0,1
7004,Kindergarten Cop (1990),Action|Comedy|Crime|Thriller,2.6904761904761907,21,0.05952380952380952,0
27620,Fear and Trembling (Stupeur et tremblements) (2003),Comedy,2.0,1,0.0,0
5509,Biggie and Tupac (2002),Documentary,3.0,1,0.0,0
108200,Reasonable Doubt (2014),Crime|Thriller,4.0,1,0.0,1
73608,Heat (1972),Comedy|Drama|Romance,1.0,1,0.0,0
3073,"Sandpiper, The (1965)",Drama|Romance,2.3333333333333335,3,0.005952380952380952,0
51037,Unknown (2006),Drama|Mystery|Thriller,3.0,2,0.002976190476190476,1
46,How to Make an American Quilt (1995),Drama|Romance,3.2,20,0.05654761904761904,0
3953,Dr. T and the Women (2000),Comedy|Romance,2.4,5,0.011904761904761904,0
8183,Educating Rita (1983),Comedy|Drama,3.75,8,0.020833333333333332,0
48591,"Grudge 2, The (2006)",Drama|Horror|Mystery|Thriller,2.6666666666666665,3,0.005952380952380952,0
103335,Despicable Me 2 (2013),Animation|Children|Comedy|IMAX,3.5833333333333335,6,0.01488095238095238,1
93840,"Cabin in the Woods, The (2012)",Comedy|Horror|Sci-Fi|Thriller,3.6666666666666665,6,0.01488095238095238,0
110407,"Machine, The (2013)",Sci-Fi|Thriller,3.25,2,0.002976190476190476,0
46322,Jet Li's Fearless (Huo Yuan Jia) (2006),Action|Drama,4.0625,8,0.020833333333333332,0
7299,Monsieur Ibrahim (Monsieur Ibrahim et les fleurs du Coran) (2003),Drama,4.0,2,0.002976190476190476,1
6789,"Apartment, The (Appartement, L') (1996)",Drama|Mystery|Romance,3.5,1,0.0,0
5186,Honeysuckle Rose (a.k.a. On the Road Again) (1980),Drama|Romance,4.0,1,0.0,1
33903,"Edukators, The (Die Fetten Jahre sind vorbei) (2004)",Comedy|Crime|Drama|Romance,4.75,2,0.002976190476190476,1
110295,"Legend of Hercules, The (2014)",Action|Adventure,2.0,1,0.0,0
42004,Transamerica (2005),Adventure|Comedy|Drama,3.8333333333333335,3,0.005952380952380952,1
5580,Aspen Extreme (1993),Action,3.0,1,0.0,0
6060,"Guru, The (2002)",Comedy|Romance,3.3333333333333335,3,0.005952380952380952,1
5367,My Beautiful Laundrette (1985),Drama|Romance,3.875,4,0.008928571428571428,1
4512,Hot to Trot (1988),Comedy,2.0,1,0.0,0
4496,D.O.A. (1988),Film-Noir|Mystery|Thriller,3.375,4,0.008928571428571428,0
2488,Peeping Tom (1960),Drama|Horror|Thriller,4.5,2,0.002976190476190476,1
2361,Pink Flamingos (1972),Comedy,2.875,8,0.020833333333333332,1
6722,Once Upon a Time in China II (Wong Fei-hung Ji Yi: Naam yi dong ji keung) (1992),Action|Romance,4.5,1,0.0,1
250,Heavyweights (Heavy Weights) (1995),Children|Comedy,3.1666666666666665,6,0.01488095238095238,1
7492,Martin (1977),Drama|Horror,3.6666666666666665,3,0.005952380952380952,1
47707,My Geisha (1962),Comedy,2.5,1,0.0,0
6392,"Man Called Horse, A (1970)",Adventure|Drama|Western,4.0,1,0.0,1
90958,Daffy Duck's Movie: Fantastic Island (1983),Animation|Children|Comedy,3.5,1,0.0,0
3322,3 Strikes (2000),Comedy,2.25,2,0.002976190476190476,0
98402,Nokas (2010),Crime|Thriller,0.5,1,0.0,0
5602,"Ladykillers, The (1955)",Comedy|Crime,3.9,10,0.026785714285714284,1
113348,Teenage Mutant Ninja Turtles (2014),Action|Adventure|Comedy,1.25,2,0.002976190476190476,0
3747,Jesus' Son (1999),Drama,3.75,2,0.002976190476190476,0
37844,Roll Bounce (2005),Comedy|Drama|Romance,2.5,2,0.002976190476190476,0
5410,Silent Running (1972),Drama|Sci-Fi,3.7,5,0.011904761904761904,0
5529,Serving Sara (2002),Comedy|Romance,3.0,1,0.0,0
97250,Charlie Chan in London (1934),Drama|Mystery,2.5,1,0.0,0
459,"Getaway, The (1994)",Action|Adventure|Crime|Drama|Romance|Thriller,2.5,4,0.008928571428571428,0
5313,"Scorpion King, The (2002)",Action|Adventure|Fantasy,2.8181818181818183,11,0.029761904761904757,0
287,Nina Takes a Lover (1994),Comedy|Romance,2.6666666666666665,3,0.005952380952380952,0
3088,Harvey (1950),Comedy|Fantasy,3.8461538461538463,13,0.03571428571428571,1
4676,Troop Beverly Hills (1989),Comedy,2.5,4,0.008928571428571428,0
6351,Hysterical Blindness (2002),Drama,2.5,1,0.0,0
269,My Crazy Life (Mi vida loca) (1993),Drama,4.0,1,0.0,1
27721,"Very Long Engagement, A (Un long dimanche de fiançailles) (2004)",Drama|Mystery|Romance|War,3.8333333333333335,12,0.03273809523809523,0
8033,How to Steal a Million (1966),Comedy|Crime|Romance,3.9166666666666665,6,0.01488095238095238,1
3172,Ulysses (Ulisse) (1954),Adventure,3.5,1,0.0,0
54605,"Kill, Baby, Kill (Operazione paura) (1966)",Horror,3.0,1,0.0,0
6013,Kangaroo Jack (2003),Action|Comedy,1.5,3,0.005952380952380952,0
8364,Baadasssss! (How to Get the Man's Foot Outta Your Ass) (2003),Drama,3.3333333333333335,3,0.005952380952380952,1
2049,"Happiest Millionaire, The (1967)",Comedy|Musical,4.0,2,0.002976190476190476,0
71745,Where the Wild Things Are (2009),Adventure|Children|Drama|Fantasy|IMAX,3.6875,8,0.020833333333333332,1
6330,People I Know (2002),Crime|Drama,3.6666666666666665,3,0.005952380952380952,1
3571,Time Code (2000),Comedy|Drama,3.75,2,0.002976190476190476,1
34583,Prime Cut (1972),Action|Crime|Drama,3.5,2,0.002976190476190476,0
1130,"Howling, The (1980)",Horror|Mystery,2.8333333333333335,6,0.01488095238095238,0
48883,Death of a President (2006),Crime|Drama|Mystery|Thriller,2.5,1,0.0,0
4174,Avalon (1990),Drama,4.5,2,0.002976190476190476,1
5032,Romantic Comedy (1983),Comedy,2.5,1,0.0,0
54094,Driving Lessons (2006),Comedy|Drama,4.0,1,0.0,1
2899,Gulliver's Travels (1939),Adventure|Animation|Children,3.0714285714285716,7,0.017857142857142856,0
6598,Step Into Liquid (2002),Documentary,3.0,1,0.0,0
835,Foxfire (1996),Drama,3.0,4,0.008928571428571428,0
3700,"Brother from Another Planet, The (1984)",Drama|Sci-Fi,4.5,2,0.002976190476190476,1
3040,Meatballs (1979),Comedy,3.269230769230769,13,0.03571428571428571,1
2152,Air Bud: Golden Receiver (1998),Children|Comedy,1.5,4,0.008928571428571428,0
4021,Before Night Falls (2000),Drama,4.0,3,0.005952380952380952,1
3728,One False Move (1992),Crime|Drama|Film-Noir|Thriller,3.875,4,0.008928571428571428,0
6579,"One, Two, Three (1961)",Comedy,4.333333333333333,3,0.005952380952380952,1
3286,Snow Day (2000),Comedy,1.25,2,0.002976190476190476,0
39381,"Proposition, The (2005)",Crime|Drama|Western,3.7142857142857144,7,0.017857142857142856,0
3736,"Ace in the Hole (Big Carnival, The) (1951)",Drama,2.25,2,0.002976190476190476,0
60037,"Happening, The (2008)",Drama|Sci-Fi|Thriller,2.2142857142857144,7,0.017857142857142856,0
4744,Jeepers Creepers (2001),Horror,3.0,9,0.023809523809523808,0
3349,"Perils of Pauline, The (1947)",Comedy,3.0,1,0.0,0
4866,"Last Castle, The (2001)",Action,4.166666666666667,9,0.023809523809523808,1
101025,Jack the Giant Slayer (2013),Adventure|Fantasy|IMAX,4.0,1,0.0,1
5942,"Hot Chick, The (2002)",Comedy,3.2857142857142856,7,0.017857142857142856,0
1002,Ed's Next Move (1996),Comedy|Romance,3.0,1,0.0,0
5027,Another 48 Hrs. (1990),Action|Comedy|Crime|Drama|Thriller,2.375,8,0.020833333333333332,0
40723,Wolf Creek (2005),Crime|Horror|Thriller,2.5,2,0.002976190476190476,0
114140,Carson City (1952),Action|Romance|Western,3.0,1,0.0,0
3834,Bronco Billy (1980),Adventure|Drama|Romance,2.5,3,0.005952380952380952,0
110771,"Other Woman, The (2014)",Comedy|Romance,3.25,4,0.008928571428571428,1
27636,Herr Lehmann (2003),Comedy|Drama,4.0,2,0.002976190476190476,0
45668,"Lake House, The (2006)",Drama|Fantasy|Romance,3.125,4,0.008928571428571428,0
66066,"Grudge 3, The (2009)",Horror,0.5,2,0.002976190476190476,0
82157,August Mordum's Underground (2003),Horror,3.5,1,0.0,0
5350,"Mystic Masseur, The (2001)",Drama,4.0,1,0.0,1
6815,Into the Night (1985),Action|Comedy|Drama|Thriller,3.25,2,0.002976190476190476,0
4633,Parents (1989),Comedy|Drama|Horror,3.5,1,0.0,0
47382,Step Up (2006),Drama|Romance,4.25,4,0.008928571428571428,1
3324,Drowning Mona (2000),Comedy,2.857142857142857,7,0.017857142857142856,0
59594,"War, Inc. (2008)",Comedy|Crime|Thriller,2.3333333333333335,3,0.005952380952380952,1
61937,Sawdust and Tinsel (Gycklarnas afton) (1953),Drama,4.0,2,0.002976190476190476,1
53919,"Man in the Iron Mask, The (1939)",Adventure,0.5,1,0.0,0
2095,"Shaggy D.A., The (1976)",Children|Comedy,3.1,5,0.011904761904761904,0
104074,Percy Jackson: Sea of Monsters (2013),Adventure|Children|Fantasy,2.25,2,0.002976190476190476,0
26269,Lone Wolf and Cub: Sword of Vengeance (Kozure Ôkami: Kowokashi udekashi tsukamatsuru) (1972),Action|Crime,3.0,1,0.0,0
829,Joe's Apartment (1996),Comedy|Fantasy|Musical,3.0,4,0.008928571428571428,0
43014,"Quatermass Xperiment, The (1955)",Horror|Mystery|Sci-Fi|Thriller,3.0,1,0.0,0
4485,Casual Sex? (1988),Comedy,2.3333333333333335,3,0.005952380952380952,0
7358,Searching for Debra Winger (2002),Documentary,3.0,1,0.0,0
25856,Wuthering Heights (1939),Drama|Romance,3.1666666666666665,3,0.005952380952380952,1
2820,Hamlet (1964),Drama,3.0,2,0.002976190476190476,0
1796,In God's Hands (1998),Action|Drama,5.0,1,0.0,1
4470,Ariel (1988),Drama,4.0,2,0.002976190476190476,1
4481,"Boost, The (1988)",Drama,3.0,1,0.0,0
8602,Shadows (1959),Drama,3.0,1,0.0,0
58351,City of Men (Cidade dos Homens) (2007),Drama,4.0,2,0.002976190476190476,1
8808,"Princess Diaries 2: Royal Engagement, The (2004)",Comedy|Romance,2.3,5,0.011904761904761904,0
5419,Scooby-Doo (2002),Adventure|Children|Comedy|Fantasy|Mystery,2.111111111111111,9,0.023809523809523808,0
61,Eye for an Eye (1996),Drama|Thriller,3.4285714285714284,14,0.03869047619047619,0
95311,Presto (2008),Animation|Children|Comedy|Fantasy,4.625,4,0.008928571428571428,1
2334,"Siege, The (1998)",Action|Thriller,3.0555555555555554,9,0.023809523809523808,0
2837,Bedrooms & Hallways (1998),Comedy|Romance,2.25,2,0.002976190476190476,0
3181,Titus (1999),Drama,4.5,4,0.008928571428571428,1
59333,Made of Honor (2008),Comedy|Romance,3.0,5,0.011904761904761904,0
43376,Sophie Scholl: The Final Days (Sophie Scholl - Die letzten Tage) (2005),Drama|War,4.25,6,0.01488095238095238,1
1128,"Fog, The (1980)",Horror,3.357142857142857,7,0.017857142857142856,0
813,Larger Than Life (1996),Comedy,2.0,2,0.002976190476190476,0
32792,"Red Desert (Deserto rosso, Il) (1964)",Drama,3.0,1,0.0,0
1839,My Giant (1998),Comedy,1.6,5,0.011904761904761904,0
27426,"Accidental Spy, The (Dak miu mai shing) (2001)",Action|Comedy|Thriller,2.75,2,0.002976190476190476,0
4359,"Seven Year Itch, The (1955)",Comedy,3.5,2,0.002976190476190476,1
63479,Sex Drive (2008),Comedy,3.75,2,0.002976190476190476,1
5363,"New Guy, The (2002)",Comedy,2.625,4,0.008928571428571428,1
1726,"Postman, The (1997)",Action|Adventure|Drama|Sci-Fi,3.375,12,0.03273809523809523,0
6324,It Runs in the Family (2003),Comedy|Drama,2.0,1,0.0,0
2112,Grand Canyon (1991),Crime|Drama,3.125,8,0.020833333333333332,0
103980,Blue Jasmine (2013),Drama,3.6666666666666665,3,0.005952380952380952,1
26226,"Hi, Mom! (1970)",Comedy,4.0,1,0.0,1
2016,"Apple Dumpling Gang Rides Again, The (1979)",Children|Comedy|Western,1.75,4,0.008928571428571428,0
3858,Cecil B. DeMented (2000),Comedy,3.6666666666666665,3,0.005952380952380952,1
6161,Painted Fire (Chihwaseon) (2002),Drama,2.5,2,0.002976190476190476,0
61255,"Rocker, The (2008)",Comedy,3.0,2,0.002976190476190476,0
4989,How High (2001),Comedy,2.5,4,0.008928571428571428,1
2896,Alvarez Kelly (1966),Western,3.0,2,0.002976190476190476,0
881,First Kid (1996),Children|Comedy,3.2857142857142856,7,0.017857142857142856,0
96588,Pitch Perfect (2012),Comedy|Musical,2.875,4,0.008928571428571428,1
1821,"Object of My Affection, The (1998)",Comedy|Romance,2.625,8,0.020833333333333332,0
45440,Art School Confidential (2006),Comedy|Drama,2.8333333333333335,3,0.005952380952380952,0
4568,Best of the Best (1989),Action,3.5,2,0.002976190476190476,1
27563,"Happiness of the Katakuris, The (Katakuri-ke no kôfuku) (2001)",Comedy|Horror|Musical,3.0,1,0.0,0
58933,Saawariya (2007),Drama|Musical|Romance,3.5,1,0.0,0
703,Boys (1996),Drama,5.0,1,0.0,1
195,Something to Talk About (1995),Comedy|Drama|Romance,3.1538461538461537,13,0.03571428571428571,0
7091,Horse Feathers (1932),Comedy,4.2,5,0.011904761904761904,1
4386,Cats & Dogs (2001),Children|Comedy,2.5,6,0.01488095238095238,0
3018,Re-Animator (1985),Comedy|Horror|Sci-Fi,3.6363636363636362,11,0.029761904761904757,1
60530,Water Lilies (Naissance des pieuvres) (2007),Drama,3.0,1,0.0,0
48414,Open Season (2006),Adventure|Animation|Children|Comedy|IMAX,2.5,1,0.0,0
26111,Becket (1964),Drama,3.5,4,0.008928571428571428,1
2120,Needful Things (1993),Drama|Horror,2.0,4,0.008928571428571428,1
26686,Ghost Dad (1990),Comedy|Fantasy,2.125,4,0.008928571428571428,1
2996,Music of the Heart (1999),Drama,4.0,3,0.005952380952380952,1
43919,Date Movie (2006),Comedy|Romance,1.1666666666666667,3,0.005952380952380952,0
45950,"Inconvenient Truth, An (2006)",Documentary,3.611111111111111,9,0.023809523809523808,1
1055,Shadow Conspiracy (1997),Thriller,3.0,1,0.0,0
54004,I Now Pronounce You Chuck and Larry (2007),Comedy|Romance,2.75,4,0.008928571428571428,0
7070,Red River (1948),Action|Adventure|Western,4.0,2,0.002976190476190476,1
6447,Duel at Diablo (1966),War,2.5,1,0.0,0
6086,"I, the Jury (1982)",Crime|Drama|Thriller,1.5,1,0.0,0
3925,Stranger Than Paradise (1984),Comedy|Drama,3.8125,8,0.020833333333333332,1
798,Daylight (1996),Action|Adventure|Drama|Thriller,2.6,15,0.04166666666666666,0
5047,Kung Pow: Enter the Fist (2002),Action|Comedy,2.3333333333333335,3,0.005952380952380952,0
5839,My Father's Glory (La gloire de mon père) (1990),Adventure|Drama,4.125,4,0.008928571428571428,0
7028,Quick Change (1990),Comedy|Crime,4.0,1,0.0,1
6666,"Discreet Charm of the Bourgeoisie, The (Charme discret de la bourgeoisie, Le) (1972)",Comedy|Drama|Fantasy,4.0,3,0.005952380952380952,0
7300,Vanishing Point (1971),Action|Drama,3.5,1,0.0,0
46855,Army of Shadows (L'armée des ombres) (1969),Action|Drama|Thriller|War,4.166666666666667,3,0.005952380952380952,1
4508,Gorillas in the Mist (1988),Drama,3.0,8,0.020833333333333332,0
4537,Running on Empty (1988),Drama,3.8333333333333335,3,0.005952380952380952,1
38388,Goal! The Dream Begins (Goal!) (2005),Drama,3.0,3,0.005952380952380952,1
39703,Little Fish (2005),Crime|Drama|Romance|Thriller,3.5,2,0.002976190476190476,0
44825,"Brotherhood of Justice, The (1986)",Action|Drama|Thriller,2.0,1,0.0,0
493,Menace II Society (1993),Action|Crime|Drama,3.2857142857142856,14,0.03869047619047619,0
7742,Baxter (1989),Drama|Horror,3.5,3,0.005952380952380952,0
3521,Mystery Train (1989),Comedy|Drama,2.875,4,0.008928571428571428,0
4080,Baby Boom (1987),Comedy,3.4,5,0.011904761904761904,1
4442,"Last Dragon, The (1985)",Action|Comedy|Drama,2.0,1,0.0,0
1874,Still Breathing (1997),Comedy|Romance,3.5,2,0.002976190476190476,0
2097,Something Wicked This Way Comes (1983),Children|Drama|Fantasy|Mystery|Thriller,3.5,4,0.008928571428571428,0
56141,Blame it on Fidel! (La faute à Fidel!) (2006),Drama,4.5,1,0.0,1
25870,Here Comes Mr. Jordan (1941),Comedy|Fantasy|Romance,4.0,2,0.002976190476190476,1
6554,Garage Days (2002),Comedy|Musical,3.5,1,0.0,0
37731,Green Street Hooligans (a.k.a. Hooligans) (2005),Crime|Drama,3.4166666666666665,6,0.01488095238095238,0
65230,Marley & Me (2008),Comedy|Drama,3.25,2,0.002976190476190476,0
81788,"Next Three Days, The (2010)",Crime|Drama|Romance|Thriller,4.2,5,0.011904761904761904,1
4248,Josie and the Pussycats (2001),Comedy,3.0833333333333335,6,0.01488095238095238,0
3229,Another Man's Poison (1952),Crime|Drama,4.0,1,0.0,1
3248,Sister Act 2: Back in the Habit (1993),Comedy,3.4,10,0.026785714285714284,0
51372,"""Great Performances"" Cats (1998)",Musical,1.0,1,0.0,0
148,"Awfully Big Adventure, An (1995)",Drama,3.5,1,0.0,0
211,"Browning Version, The (1994)",Drama,4.25,2,0.002976190476190476,1
85354,Mesrine: Public Enemy #1 (L'ennemi public n°1) (2008),Action|Crime,4.25,2,0.002976190476190476,1
2356,Celebrity (1998),Comedy,2.4285714285714284,7,0.017857142857142856,0
74738,Isolation (2005),Horror|Thriller,2.5,1,0.0,0
5352,The Big Sleep (1978),Thriller,5.0,1,0.0,1
827,"Convent, The (O Convento) (1995)",Drama,3.0,2,0.002976190476190476,1
2284,Bandit Queen (1994),Drama,3.375,4,0.008928571428571428,0
127721,Yeti: The Giant of the 20th Century (1977),Adventure|Fantasy,1.0,1,0.0,0
3244,"Goodbye Girl, The (1977)",Comedy|Romance,3.9285714285714284,7,0.017857142857142856,1
85131,Battle: Los Angeles (2011),Action|Sci-Fi|War,3.3333333333333335,6,0.01488095238095238,0
2661,It Came from Outer Space (1953),Sci-Fi,3.0,1,0.0,0
113,Before and After (1996),Drama|Mystery,2.5,2,0.002976190476190476,0
62153,Look Back in Anger (1958),Drama,3.5,1,0.0,0
86,White Squall (1996),Action|Adventure|Drama,3.4615384615384617,13,0.03571428571428571,0
106766,Inside Llewyn Davis (2013),Drama,4.5,1,0.0,1
174,Jury Duty (1995),Comedy,2.1923076923076925,13,0.03571428571428571,0
3225,Down to You (2000),Comedy|Romance,2.2,5,0.011904761904761904,0
94833,"Pirates! Band of Misfits, The (2012)",Adventure|Animation|Children|Comedy,4.0,1,0.0,1
7027,Silverado (1985),Action|Western,3.9375,8,0.020833333333333332,0
2974,Bats (1999),Horror|Thriller,1.3333333333333333,3,0.005952380952380952,0
66385,Taking Chance (2009),Drama|War,4.166666666666667,3,0.005952380952380952,1
7371,Dogville (2003),Drama|Mystery|Thriller,4.083333333333333,12,0.03273809523809523,0
5738,Faces of Death 5 (1996),Documentary|Horror,3.0,1,0.0,0
52694,Mr. Bean's Holiday (2007),Comedy,2.875,4,0.008928571428571428,0
56587,"Bucket List, The (2007)",Comedy|Drama,3.5,4,0.008928571428571428,1
3096,My Man Godfrey (1957),Comedy,3.5,2,0.002976190476190476,1
53189,Eagle vs Shark (2007),Comedy,2.0,1,0.0,0
2868,Fright Night Part II (1988),Horror,2.0,2,0.002976190476190476,0
4271,Eureka (Yurîka) (2000),Drama,2.0,2,0.002976190476190476,0
87485,Bad Teacher (2011),Comedy,2.5,2,0.002976190476190476,0
79139,"Sorcerer's Apprentice, The (2010)",Action|Adventure|Children|Comedy|Fantasy,2.5,5,0.011904761904761904,1
1050,Looking for Richard (1996),Documentary|Drama,3.75,10,0.026785714285714284,1
4028,Songcatcher (2000),Drama,4.25,4,0.008928571428571428,1
65810,Notorious (2009),Drama|Musical,2.75,4,0.008928571428571428,0
7203,Final Cut (1998),Drama,3.0,1,0.0,0
31930,Masculin Féminin (1966),Drama,2.8333333333333335,3,0.005952380952380952,0
887,Talk of Angels (1998),Drama,2.0,1,0.0,0
2034,"Black Hole, The (1979)",Children|Sci-Fi,2.25,8,0.020833333333333332,0
8208,"Razor's Edge, The (1946)",Drama,3.25,2,0.002976190476190476,1
55,Georgia (1995),Drama,2.75,4,0.008928571428571428,0
4046,Friendly Persuasion (1956),Drama,4.0,1,0.0,1
7161,Cheaper by the Dozen (2003),Children|Comedy,3.5,4,0.008928571428571428,0
2451,"Gate, The (1987)",Horror,2.75,4,0.008928571428571428,0
4682,Warlock (1989),Action|Horror,2.8,5,0.011904761904761904,1
3938,"Slumber Party Massacre, The (1982)",Horror,3.0,1,0.0,0
8533,"Notebook, The (2004)",Drama|Romance,3.6666666666666665,21,0.05952380952380952,1
91128,"Rum Diary, The (2011)",Comedy|Drama|Thriller,3.0,2,0.002976190476190476,0
80617,Cats & Dogs: The Revenge of Kitty Galore (2010),Action|Children|Comedy,3.5,1,0.0,0
64969,Yes Man (2008),Comedy,3.375,4,0.008928571428571428,1
5635,"Man from Elysian Fields, The (2001)",Drama,1.75,2,0.002976190476190476,0
2505,8MM (1999),Drama|Mystery|Thriller,2.35,20,0.05654761904761904,1
7389,One Million Years B.C. (1966),Adventure|Fantasy,3.25,2,0.002976190476190476,0
2339,I'll Be Home For Christmas (1998),Comedy|Romance,3.0,1,0.0,0
83910,"Dilemma, The (2011)",Comedy|Drama,2.0,1,0.0,0
2207,Jamaica Inn (1939),Drama,2.0,1,0.0,0
2153,"Avengers, The (1998)",Action|Adventure,1.9666666666666666,15,0.04166666666666666,0
86430,Women Without Men (Zanan-e bedun-e mardan) (2009),Drama,2.5,1,0.0,0
70728,Bronson (2009),Action|Comedy|Drama|Thriller,3.5,1,0.0,0
103810,Red 2 (2013),Action|Comedy|Crime|Thriller,3.0,2,0.002976190476190476,0
8827,"Bill Cosby, Himself (1983)",Comedy|Documentary,3.6,5,0.011904761904761904,1
59900,You Don't Mess with the Zohan (2008),Comedy,1.5,4,0.008928571428571428,0
974,Algiers (1938),Drama|Romance,2.25,2,0.002976190476190476,0
25891,Heaven Can Wait (1943),Comedy|Fantasy|Romance,4.0,1,0.0,1
809,Fled (1996),Action|Adventure,2.3333333333333335,9,0.023809523809523808,0
51007,Days of Glory (Indigènes) (2006),Action|Adventure|Drama|War,3.25,2,0.002976190476190476,0
7449,Godsend (2004),Drama|Horror|Thriller,0.5,1,0.0,0
7063,"Aguirre: The Wrath of God (Aguirre, der Zorn Gottes) (1972)",Adventure|Drama,3.9375,8,0.020833333333333332,1
325,National Lampoon's Senior Trip (1995),Comedy,2.357142857142857,7,0.017857142857142856,0
32844,Waterloo Bridge (1940),Drama|Romance|War,4.0,1,0.0,1
3764,F/X2 (a.k.a. F/X 2 - The Deadly Art of Illusion) (1991),Action|Crime|Thriller,2.3333333333333335,3,0.005952380952380952,0
7925,"Hidden Fortress, The (Kakushi-toride no san-akunin) (1958)",Action|Adventure,4.333333333333333,6,0.01488095238095238,1
87,Dunston Checks In (1996),Children|Comedy,2.3333333333333335,9,0.023809523809523808,0
60649,Space Chimps (2008),Adventure|Animation|Comedy,2.5,1,0.0,0
5184,Heaven's Gate (1980),Western,2.5,1,0.0,0
89638,Nothing Personal (2009),Drama,3.0,1,0.0,0
89039,Another Earth (2011),Drama|Romance|Sci-Fi,3.5,1,0.0,0
4947,"Gauntlet, The (1977)",Action,2.75,4,0.008928571428571428,1
199,"Umbrellas of Cherbourg, The (Parapluies de Cherbourg, Les) (1964)",Drama|Musical|Romance,3.75,6,0.01488095238095238,1
3038,"Face in the Crowd, A (1957)",Drama,5.0,2,0.002976190476190476,1
528,"Scout, The (1994)",Comedy|Drama,3.75,4,0.008928571428571428,1
3502,My Life (1993),Drama,4.0,1,0.0,1
701,Daens (1992),Drama,4.0,1,0.0,1
46194,Adam & Steve (2005),Comedy|Romance,2.0,1,0.0,0
2888,Drive Me Crazy (1999),Comedy|Romance,1.8571428571428572,7,0.017857142857142856,0
5780,Polyester (1981),Comedy,4.0,3,0.005952380952380952,1
58490,Miss Pettigrew Lives for a Day (2008),Comedy|Romance,3.625,4,0.008928571428571428,1
1056,Jude (1996),Drama,3.0,1,0.0,0
67695,Observe and Report (2009),Action|Comedy,3.0,1,0.0,0
2769,"Yards, The (2000)",Crime|Drama,3.375,4,0.008928571428571428,0
52950,Day Watch (Dnevnoy dozor) (2006),Action|Fantasy|Horror|Thriller,4.333333333333333,3,0.005952380952380952,1
5943,Maid in Manhattan (2002),Comedy|Romance,2.5,6,0.01488095238095238,0
3553,Gossip (2000),Drama|Thriller,3.5,6,0.01488095238095238,1
4363,Too Late the Hero (1970),Action|War,3.0,1,0.0,0
6185,Dark Blue (2003),Action|Crime|Drama|Thriller,3.75,2,0.002976190476190476,1
60289,Kit Kittredge: An American Girl (2008),Children|Comedy|Drama|Mystery,3.0,1,0.0,0
5450,Lovely & Amazing (2001),Comedy|Drama|Romance,3.8,5,0.011904761904761904,1
5211,"Nude Bomb, The (1980)",Comedy,3.5,1,0.0,0
499,Mr. Wonderful (1993),Comedy|Romance,3.0,2,0.002976190476190476,0
3370,Betrayed (1988),Drama|Thriller,3.75,2,0.002976190476190476,1
4318,Postcards From the Edge (1990),Comedy|Drama,3.4,5,0.011904761904761904,0
6839,All I Want (Try Seventeen) (2002),Comedy|Drama|Romance,0.5,1,0.0,0
42946,Project A ('A' gai waak) (1983),Action|Comedy,4.0,1,0.0,1
5396,Let's Make Love (1960),Comedy|Musical|Romance,2.5,1,0.0,0
54775,War (2007),Action|Thriller,3.5,2,0.002976190476190476,0
49772,"Painted Veil, The (2006)",Drama|Romance,3.4166666666666665,6,0.01488095238095238,0
85020,"Mechanic, The (2011)",Action|Drama|Thriller,3.5,3,0.005952380952380952,0
120805,Robin Williams: Weapons of Self Destruction (2009),Comedy,2.0,1,0.0,0
6020,Alice Adams (1935),Comedy|Drama,2.0,1,0.0,0
467,Live Nude Girls (1995),Comedy,3.3333333333333335,3,0.005952380952380952,1
896,Wild Reeds (Les roseaux sauvages) (1994),Drama,2.5,2,0.002976190476190476,1
105731,Carrie (2013),Drama|Horror,2.75,2,0.002976190476190476,0
78116,Please Give (2010),Comedy|Drama,4.0,2,0.002976190476190476,0
6978,Slacker (1991),Comedy|Drama,4.166666666666667,3,0.005952380952380952,1
6463,Divine Trash (1998),Documentary,4.0,1,0.0,1
6403,"Swimmer, The (1968)",Drama,3.0,1,0.0,0
1447,Gridlock'd (1997),Crime,3.8333333333333335,3,0.005952380952380952,1
6550,Johnny English (2003),Action|Comedy|Thriller,2.05,10,0.026785714285714284,0
275,Mixed Nuts (1994),Comedy,2.4,5,0.011904761904761904,0
3182,"Mr. Death: The Rise and Fall of Fred A. Leuchter, Jr. (1999)",Documentary,3.0,2,0.002976190476190476,0
5689,Billy Bathgate (1991),Crime|Drama,3.5,1,0.0,0
33154,Enron: The Smartest Guys in the Room (2005),Documentary,3.9285714285714284,7,0.017857142857142856,1
4966,"Incredible Shrinking Man, The (1957)",Sci-Fi|Thriller,3.6666666666666665,3,0.005952380952380952,1
6715,Children of the Night (1991),Horror,3.0,1,0.0,0
66789,Screamers: The Hunting (2009),Sci-Fi|Thriller,3.0,1,0.0,0
2776,"Marcello Mastroianni: I Remember Yes, I Remember (Marcello Mastroianni: mi ricordo, sì, io mi ricordo) (1997)",Documentary,3.5,2,0.002976190476190476,0
5621,"Tuxedo, The (2002)",Action|Comedy,3.2,5,0.011904761904761904,0
3347,Never Cry Wolf (1983),Adventure|Drama,3.875,4,0.008928571428571428,0
3680,"Decline of Western Civilization Part II: The Metal Years, The (1988)",Documentary,4.5,3,0.005952380952380952,1
5547,Camilla (1994),Adventure|Drama|Romance,3.0,1,0.0,0
7016,Over the Top (1987),Action|Drama,2.75,2,0.002976190476190476,1
7810,Babylon 5: A Call to Arms (1999),Adventure|Sci-Fi,3.75,2,0.002976190476190476,0
33085,"Amityville Horror, The (2005)",Horror|Thriller,2.9,5,0.011904761904761904,0
6238,Green Card (1990),Comedy|Drama|Romance,3.1666666666666665,3,0.005952380952380952,1
74946,She's Out of My League (2010),Comedy,2.5,2,0.002976190476190476,0
4181,Tapeheads (1988),Comedy,3.3333333333333335,3,0.005952380952380952,1
3358,Defending Your Life (1991),Comedy|Drama|Fantasy|Romance,3.75,10,0.026785714285714284,1
2810,Perfect Blue (1997),Animation|Horror|Mystery|Thriller,3.857142857142857,7,0.017857142857142856,1
3014,Bustin' Loose (1981),Comedy,3.0,3,0.005952380952380952,0
1650,Washington Square (1997),Drama,3.0,4,0.008928571428571428,0
3955,"Ladies Man, The (2000)",Comedy,2.0,5,0.011904761904761904,0
70133,"Answer Man, The (a.k.a. Arlen Faber) (2009)",Comedy|Romance,3.0,1,0.0,0
95654,Geri's Game (1997),Animation|Children,4.0,1,0.0,1
96432,Lawless (2012),Crime|Drama,4.25,2,0.002976190476190476,1
60948,Bottle Shock (2008),Drama,3.5,1,0.0,0
40226,Wild Zero (2000),Action|Comedy|Horror|Romance|Sci-Fi,4.0,1,0.0,1
409,Above the Rim (1994),Crime|Drama,3.0,1,0.0,0
44864,Friends with Money (2006),Comedy|Drama|Romance,3.0,2,0.002976190476190476,0
3720,Sunshine (1999),Drama,3.25,2,0.002976190476190476,0
71106,Frequently Asked Questions About Time Travel (2009),Comedy|Sci-Fi,3.375,4,0.008928571428571428,1
4585,"Dream Team, The (1989)",Comedy,3.25,6,0.01488095238095238,0
2562,Bandits (1997),Drama,3.5,1,0.0,0
4847,Fat Girl (À ma soeur!) (2001),Drama,3.0,1,0.0,0
1817,No Looking Back (1998),Drama|Romance,4.0,1,0.0,1
2693,Trekkies (1997),Documentary,3.4444444444444446,9,0.023809523809523808,0
3823,Wonderland (1999),Drama,3.0,4,0.008928571428571428,0
5705,Xanadu (1980),Fantasy|Musical|Romance,2.625,4,0.008928571428571428,0
4276,Lost in America (1985),Comedy,3.0,3,0.005952380952380952,1
7883,I Walked with a Zombie (1943),Drama|Horror,3.75,2,0.002976190476190476,1
25774,"Golden Age, The (Âge d'Or, L') (1930)",Comedy|Drama|Romance,4.0,1,0.0,1
55080,"Brave One, The (2007)",Crime|Drama|Thriller,3.125,4,0.008928571428571428,1
6183,Pillow Talk (1959),Comedy|Musical|Romance,3.75,4,0.008928571428571428,0
6705,Party Monster (2003),Comedy|Crime|Drama|Thriller,2.75,2,0.002976190476190476,0
484,Lassie (1994),Adventure|Children,3.0,4,0.008928571428571428,1
347,Bitter Moon (1992),Drama|Film-Noir|Romance,3.0,2,0.002976190476190476,0
8019,Dark Water (Honogurai mizu no soko kara) (2002),Drama|Horror|Mystery|Thriller,3.25,2,0.002976190476190476,1
68536,Stanley Kubrick: A Life in Pictures (2001),Documentary,4.0,2,0.002976190476190476,0
52666,Benny's Video (1992),Drama|Horror,3.5,1,0.0,0
110586,Calvary (2014),Comedy|Drama,4.5,1,0.0,1
6808,Where Eagles Dare (1968),Action|Adventure|War,4.0,7,0.017857142857142856,1
4509,"Great Outdoors, The (1988)",Comedy,3.125,4,0.008928571428571428,0
460,Getting Even with Dad (1994),Comedy,2.0833333333333335,6,0.01488095238095238,0
8822,"Unidentified Flying Oddball (a.k.a. Spaceman and King Arthur, The) (a.k.a. Spaceman in King Arthur's Court, A) (1979)",Adventure|Comedy|Fantasy|Sci-Fi,1.0,1,0.0,0
4194,I Know Where I'm Going! (1945),Drama|Romance|War,4.5,1,0.0,1
58246,Grace Is Gone (2007),Drama,3.5,1,0.0,0
848,"Spitfire Grill, The (1996)",Drama,4.111111111111111,9,0.023809523809523808,1
77,Nico Icon (1995),Documentary,3.75,2,0.002976190476190476,1
3599,Anchors Aweigh (1945),Comedy|Musical,4.0,1,0.0,1
3871,Shane (1953),Drama|Western,4.0625,8,0.020833333333333332,1
70451,Max Manus (2008),Action|Drama|War,4.0,2,0.002976190476190476,1
8196,Beyond the Valley of the Dolls (1970),Comedy|Horror,2.3333333333333335,3,0.005952380952380952,0
4915,"Beastmaster, The (1982)",Action|Adventure|Fantasy,3.0,2,0.002976190476190476,1
53894,Sicko (2007),Documentary|Drama,3.590909090909091,11,0.029761904761904757,0
5193,"Jazz Singer, The (1980)",Musical,2.5,2,0.002976190476190476,0
2923,Handle with Care (a.k.a. Citizen's Band) (1977),Comedy,5.0,1,0.0,1
51412,Next (2007),Action|Sci-Fi|Thriller,3.6666666666666665,6,0.01488095238095238,1
59339,Mister Lonely (2007),Comedy|Drama,3.5,2,0.002976190476190476,1
55895,"Desperate Hours, The (1955)",Drama|Film-Noir|Thriller,3.5,1,0.0,0
25769,"Steamboat Bill, Jr. (1928)",Comedy|Romance,4.166666666666667,3,0.005952380952380952,0
5039,Dragonslayer (1981),Action|Adventure|Fantasy,4.0,3,0.005952380952380952,1
73,"Misérables, Les (1995)",Drama|War,4.0,6,0.01488095238095238,1
32371,Call Northside 777 (1948),Crime|Drama|Film-Noir,4.0,2,0.002976190476190476,1
93982,"Raven, The (2012)",Mystery|Thriller,3.5,1,0.0,0
8024,"Thing Called Love, The (1993)",Comedy|Drama|Romance,3.0,1,0.0,0
2043,Darby O'Gill and the Little People (1959),Adventure|Children|Fantasy,3.3,5,0.011904761904761904,0
1919,Madeline (1998),Children|Comedy,3.5,4,0.008928571428571428,1
43558,Big Momma's House 2 (2006),Action|Comedy|Crime,1.5,3,0.005952380952380952,0
43904,When a Stranger Calls (2006),Horror|Thriller,3.1666666666666665,3,0.005952380952380952,0
47721,"Red Balloon, The (Ballon rouge, Le) (1956)",Children|Fantasy,5.0,2,0.002976190476190476,1
7076,Bullitt (1968),Action|Crime|Drama|Thriller,4.1,5,0.011904761904761904,0
681,Coup de torchon (Clean Slate) (1981),Crime,3.0,1,0.0,0
1509,All Over Me (1997),Drama,3.0,2,0.002976190476190476,0
7377,"United States of Leland, The (2003)",Crime|Drama,3.75,2,0.002976190476190476,1
1814,"Price Above Rubies, A (1998)",Drama,3.5,2,0.002976190476190476,0
5693,Saturday Night Fever (1977),Comedy|Drama|Romance,3.1666666666666665,9,0.023809523809523808,1
210,Wild Bill (1995),Western,3.0,1,0.0,0
4686,Weekend at Bernie's II (1993),Adventure|Comedy,1.5,2,0.002976190476190476,0
2158,"Henry: Portrait of a Serial Killer, Part 2 (1998)",Crime|Horror,3.6666666666666665,3,0.005952380952380952,1
79809,Cluny Brown (1946),Comedy|Romance,4.0,1,0.0,1
50802,Because I Said So (2007),Comedy|Drama|Romance,3.0,3,0.005952380952380952,0
78746,Best Worst Movie (2009),Documentary,2.5,1,0.0,0
6744,Once Bitten (1985),Comedy|Horror,3.5,1,0.0,0
1956,Ordinary People (1980),Drama,3.9583333333333335,12,0.03273809523809523,1
8916,Shall We Dance? (2004),Comedy|Romance,3.4375,8,0.020833333333333332,0
116977,Dumb and Dumber To (2014),Comedy,0.5,1,0.0,0
4711,Theremin: An Electronic Odyssey (1993),Documentary,2.0,1,0.0,0
3737,Lonely Are the Brave (1962),Drama|Western,5.0,2,0.002976190476190476,1
63239,Cinderella (1997),Children|Fantasy|Musical|Romance,3.5,2,0.002976190476190476,0
263,Ladybird Ladybird (1994),Drama,4.0,3,0.005952380952380952,0
85397,Red Riding Hood (2011),Fantasy|Horror|Mystery|Thriller,2.1666666666666665,3,0.005952380952380952,1
32298,Guess Who (2005),Comedy|Romance,3.25,2,0.002976190476190476,1
3837,Phantasm II (1988),Action|Fantasy|Horror|Sci-Fi|Thriller,3.1666666666666665,3,0.005952380952380952,1
5634,Pipe Dream (2002),Drama,3.0,1,0.0,0
3129,Sweet and Lowdown (1999),Comedy|Drama,3.375,8,0.020833333333333332,1
630,Carried Away (1996),Drama|Romance,5.0,1,0.0,1
4377,Russian Doll (2000),Comedy|Romance,4.0,1,0.0,1
96490,"Possession, The (2012)",Horror|Thriller,3.0,1,0.0,0
4042,"Alamo, The (1960)",Action|Drama|War|Western,3.6666666666666665,3,0.005952380952380952,0
56908,Dedication (2007),Comedy|Drama|Romance,4.0,2,0.002976190476190476,0
71379,Paranormal Activity (2009),Horror|Thriller,2.7,5,0.011904761904761904,0
4279,True Believer (1989),Crime,3.5,1,0.0,0
2437,Wilde (1997),Drama,4.0,2,0.002976190476190476,0
4949,Invasion U.S.A. (1985),Action|Thriller,2.0,1,0.0,0
2885,Guinevere (1999),Drama|Romance,4.166666666666667,3,0.005952380952380952,1
5458,Like Mike (2002),Children|Comedy|Fantasy,2.5,3,0.005952380952380952,0
407,In the Mouth of Madness (1995),Horror|Thriller,3.857142857142857,7,0.017857142857142856,1
59721,"Grand, The (2007)",Comedy,1.75,2,0.002976190476190476,0
3990,Rugrats in Paris: The Movie (2000),Animation|Children|Comedy,1.5,3,0.005952380952380952,0
1460,That Darn Cat (1997),Children|Comedy|Mystery,2.0,2,0.002976190476190476,0
60904,Heart of a Dog (Sobachye serdtse) (1988),Comedy|Drama|Sci-Fi,0.5,1,0.0,0
47629,"Queen, The (2006)",Drama,3.6666666666666665,6,0.01488095238095238,1
5008,Witness for the Prosecution (1957),Drama|Mystery|Thriller,3.75,6,0.01488095238095238,1
3544,Shakes the Clown (1992),Comedy,3.0,3,0.005952380952380952,1
8477,"Pier, The (Jetée, La) (1962)",Romance|Sci-Fi,4.083333333333333,6,0.01488095238095238,1
103228,Pacific Rim (2013),Action|Adventure|Sci-Fi|IMAX,3.4166666666666665,6,0.01488095238095238,1
106,Nobody Loves Me (Keiner liebt mich) (1994),Comedy|Drama,3.0,1,0.0,0
4567,American Ninja 3: Blood Hunt (1989),Action|Adventure,1.0,1,0.0,0
48600,One Night with the King (2006),Drama,3.5,1,0.0,0
3232,Seven Chances (1925),Comedy,4.0,1,0.0,1
4319,Apache (1954),Western,3.75,2,0.002976190476190476,1
3122,Santa Fe Trail (1940),Drama|Romance|Western,3.0,2,0.002976190476190476,0
34143,Dark Water (2005),Drama|Horror|Thriller,2.5,3,0.005952380952380952,0
41571,Memoirs of a Geisha (2005),Drama|Romance,3.7777777777777777,9,0.023809523809523808,0
313,"Swan Princess, The (1994)",Animation|Children,3.5,6,0.01488095238095238,1
1984,Halloween III: Season of the Witch (1982),Horror,2.25,4,0.008928571428571428,0
1646,RocketMan (a.k.a. Rocket Man) (1997),Children|Comedy|Romance|Sci-Fi,3.5,2,0.002976190476190476,1
976,"Farewell to Arms, A (1932)",Romance|War,3.0,1,0.0,0
5859,Southern Comfort (1981),Drama|Thriller|War,2.8333333333333335,3,0.005952380952380952,0
3304,Blue Collar (1978),Crime|Drama,5.0,1,0.0,1
32657,"Man Who Planted Trees, The (Homme qui plantait des arbres, L') (1987)",Animation|Drama,5.0,1,0.0,1
6223,Spun (2001),Comedy|Crime|Drama,2.1666666666666665,3,0.005952380952380952,0
116841,Rosewater (2014),Drama,3.0,1,0.0,0
1341,Burnt Offerings (1976),Horror,3.0,3,0.005952380952380952,0
2408,Cocoon: The Return (1988),Comedy|Sci-Fi,2.75,6,0.01488095238095238,0
1623,Wishmaster (1997),Horror,2.2,5,0.011904761904761904,0
3165,Boiling Point (1993),Action|Drama,2.0,1,0.0,0
7023,"Wedding Banquet, The (Xi yan) (1993)",Comedy|Drama|Romance,4.125,4,0.008928571428571428,1
5501,"Master of Disguise, The (2002)",Comedy|Mystery,2.125,4,0.008928571428571428,0
5552,"Revenge of Frankenstein, The (1958)",Drama|Horror|Sci-Fi,0.75,2,0.002976190476190476,0
38499,Angels in America (2003),Drama|Fantasy,3.8333333333333335,3,0.005952380952380952,0
5139,"Bad News Bears, The (1976)",Comedy,3.0,5,0.011904761904761904,1
8695,"Bachelor and the Bobby-Soxer, The (1947)",Comedy,2.0,1,0.0,0
4488,Colors (1988),Action|Crime|Drama,3.4285714285714284,7,0.017857142857142856,0
1785,King of New York (1990),Crime|Thriller,4.0,6,0.01488095238095238,0
118,If Lucy Fell (1996),Comedy|Romance,2.4285714285714284,7,0.017857142857142856,0
89904,"Artist, The (2011)",Drama|Romance,3.25,8,0.020833333333333332,0
26732,Johnny Stecchino (1991),Comedy,3.5,2,0.002976190476190476,1
1733,Afterglow (1997),Drama|Romance,4.0,3,0.005952380952380952,1
115381,"Alexander and the Terrible, Horrible, No Good, Very Bad Day (2014)",Comedy,2.5,1,0.0,0
3606,On the Town (1949),Comedy|Musical|Romance,3.6666666666666665,3,0.005952380952380952,1
91355,Asterix and the Vikings (Astérix et les Vikings) (2006),Adventure|Animation|Children|Comedy|Fantasy,1.0,1,0.0,0
1941,Hamlet (1948),Drama,4.0,3,0.005952380952380952,1
58306,Mongol (2007),Drama|War,3.0,3,0.005952380952380952,1
53468,Fido (2006),Comedy|Horror|Thriller,3.125,4,0.008928571428571428,0
1383,Adrenalin: Fear the Rush (1996),Action|Sci-Fi,2.5,1,0.0,0
5773,Neighbors (1981),Comedy,1.6666666666666667,3,0.005952380952380952,0
7132,"Night at the Opera, A (1935)",Comedy|Musical|Romance,4.0,9,0.023809523809523808,0
6070,Tokyo Decadence (Topâzu) (1992),Drama,3.0,1,0.0,0
6308,Legal Eagles (1986),Comedy|Crime|Romance,2.5,2,0.002976190476190476,0
7379,"Alamo, The (2004)",Drama|War|Western,1.5,1,0.0,0
59107,"Life Before Her Eyes, The (2007)",Drama|Thriller,3.5,1,0.0,0
885,Bogus (1996),Children|Drama|Fantasy,2.3,5,0.011904761904761904,0
6732,"Hello, Dolly! (1969)",Comedy|Musical|Romance,3.1666666666666665,3,0.005952380952380952,0
6639,Wait Until Dark (1967),Drama|Thriller,4.125,4,0.008928571428571428,1
33495,Kicking & Screaming (2005),Comedy,2.5,1,0.0,0
94070,"Best Exotic Marigold Hotel, The (2011)",Comedy|Drama,3.5,2,0.002976190476190476,0
6669,Ikiru (1952),Drama,4.0625,8,0.020833333333333332,0
2865,Sugar Town (1999),Comedy,2.5,2,0.002976190476190476,0
5994,Nicholas Nickleby (2002),Drama|Romance,3.0,2,0.002976190476190476,0
676,They Bite (1996),Comedy|Horror|Sci-Fi,2.0,1,0.0,0
7376,Walking Tall (2004),Action,2.0,3,0.005952380952380952,0
1827,"Big One, The (1997)",Comedy|Documentary,3.857142857142857,7,0.017857142857142856,1
4393,Another Woman (1988),Drama,1.0,1,0.0,0
5678,Formula 51 (2001),Action|Comedy|Crime|Thriller,3.4,5,0.011904761904761904,1
4909,"Incredible Shrinking Woman, The (1981)",Comedy|Sci-Fi,3.3333333333333335,3,0.005952380952380952,1
6250,Dreamcatcher (2003),Drama|Horror|Sci-Fi|Thriller,1.25,2,0.002976190476190476,0
1986,Halloween 5: The Revenge of Michael Myers (1989),Horror,2.125,4,0.008928571428571428,0
8943,Being Julia (2004),Comedy|Drama,3.125,4,0.008928571428571428,0
5021,Murder by Death (1976),Comedy|Crime|Mystery|Thriller,3.2,5,0.011904761904761904,0
1180,Hear My Song (1991),Comedy,4.0,2,0.002976190476190476,0
8965,"Polar Express, The (2004)",Adventure|Animation|Children|Fantasy|IMAX,2.9285714285714284,7,0.017857142857142856,0
6477,"Song of Bernadette, The (1943)",Drama,5.0,1,0.0,1
79134,Grown Ups (2010),Comedy,2.8333333333333335,3,0.005952380952380952,0
5962,Body of Evidence (1993),Drama|Thriller,1.0,2,0.002976190476190476,0
6031,Imitation of Life (1959),Drama|Romance,3.5,1,0.0,0
58105,"Spiderwick Chronicles, The (2008)",Adventure|Children|Drama|Fantasy|IMAX,3.3333333333333335,3,0.005952380952380952,0
1458,Touch (1997),Drama|Fantasy|Romance,2.0,2,0.002976190476190476,0
3773,House Party (1990),Comedy,3.25,4,0.008928571428571428,1
8501,"Hitcher, The (1986)",Action|Thriller,3.0,2,0.002976190476190476,0
2787,Cat's Eye (1985),Horror,2.6666666666666665,3,0.005952380952380952,0
88127,Conan O'Brien Can't Stop (2011),Documentary,3.0,1,0.0,0
1756,"Prophecy II, The (1998)",Horror,1.25,4,0.008928571428571428,0
331,Tom & Viv (1994),Drama,3.0,4,0.008928571428571428,0
6850,Leap of Faith (1992),Comedy|Drama,3.75,2,0.002976190476190476,0
44058,"Big White, The (2005)",Comedy|Crime|Drama,3.5,1,0.0,0
1998,Exorcist II: The Heretic (1977),Horror,1.5,2,0.002976190476190476,0
8712,My Favorite Wife (1940),Comedy|Romance,3.75,2,0.002976190476190476,0
5632,Bloody Sunday (2002),Drama,3.5,1,0.0,0
46959,Colour Me Kubrick: A True...ish Story (2005),Comedy|Drama,3.5,1,0.0,0
2149,House II: The Second Story (1987),Comedy|Fantasy|Horror,3.0714285714285716,7,0.017857142857142856,0
6239,Journey to the Center of the Earth (1959),Adventure|Children|Sci-Fi,3.25,4,0.008928571428571428,0
2639,Mommie Dearest (1981),Drama,3.0,2,0.002976190476190476,0
65802,Paul Blart: Mall Cop (2009),Action|Comedy|Crime,1.875,4,0.008928571428571428,0
6869,Bus 174 (Ônibus 174) (2002),Crime|Documentary,3.75,2,0.002976190476190476,0
3738,"Sugarland Express, The (1974)",Drama,4.0,2,0.002976190476190476,1
43917,Eight Below (2006),Action|Adventure|Drama|Romance,3.75,2,0.002976190476190476,0
1598,Desperate Measures (1998),Crime|Drama|Thriller,3.6,5,0.011904761904761904,0
2276,"Soldier's Daughter Never Cries, A (1998)",Drama,3.0,2,0.002976190476190476,1
1453,"Beautician and the Beast, The (1997)",Comedy|Romance,2.2857142857142856,7,0.017857142857142856,0
3474,Retroactive (1997),Sci-Fi|Thriller,3.5,1,0.0,0
7205,"Wind and the Lion, The (1975)",Adventure,2.5,1,0.0,0
2842,Best Laid Plans (1999),Crime|Drama,3.0,1,0.0,0
469,"House of the Spirits, The (1993)",Drama|Romance,2.6666666666666665,3,0.005952380952380952,0
8337,"Caine Mutiny, The (1954)",Drama|War,4.0,2,0.002976190476190476,1
59022,Harold & Kumar Escape from Guantanamo Bay (2008),Adventure|Comedy,3.5,7,0.017857142857142856,0
3387,Who's Harry Crumb? (1989),Comedy|Mystery,3.125,4,0.008928571428571428,0
68612,Outrage (2009),Documentary,4.5,1,0.0,1
5493,In Like Flint (1967),Action|Adventure|Comedy,3.0,1,0.0,0
3727,Near Dark (1987),Horror|Western,3.6,5,0.011904761904761904,0
2950,"Blue Lagoon, The (1980)",Adventure|Drama|Romance,2.8333333333333335,12,0.03273809523809523,0
7009,Lorenzo's Oil (1992),Drama,2.25,2,0.002976190476190476,0
1483,Crash (1996),Drama|Thriller,2.2142857142857144,14,0.03869047619047619,0
3662,Puppet Master III: Toulon's Revenge (1991),Horror|Sci-Fi|Thriller,4.0,1,0.0,1
4821,Joy Ride (2001),Adventure|Thriller,3.0833333333333335,6,0.01488095238095238,0
4526,My Stepmother Is an Alien (1988),Comedy|Romance|Sci-Fi,3.375,4,0.008928571428571428,1
425,Blue Sky (1994),Drama|Romance,3.75,4,0.008928571428571428,1
4506,Frantic (1988),Crime|Mystery|Thriller,3.625,4,0.008928571428571428,0
1879,"Hanging Garden, The (1997)",Drama|Romance,3.0,2,0.002976190476190476,0
1880,Lawn Dogs (1997),Drama,4.0,2,0.002976190476190476,1
7151,Girl with a Pearl Earring (2003),Drama|Romance,3.3333333333333335,9,0.023809523809523808,0
3190,Supernova (2000),Adventure|Sci-Fi|Thriller,1.8,5,0.011904761904761904,0
105250,"Century of the Self, The (2002)",Documentary,5.0,1,0.0,1
5040,Conan the Destroyer (1984),Action|Adventure|Fantasy,2.75,4,0.008928571428571428,0
104379,Chennai Express (2013),Action|Adventure|Comedy,3.5,1,0.0,0
44204,Tsotsi (2005),Crime|Drama,4.5,2,0.002976190476190476,1
3069,"Effect of Gamma Rays on Man-in-the-Moon Marigolds, The (1972)",Drama,3.5,4,0.008928571428571428,0
7888,How to Succeed in Business Without Really Trying (1967),Comedy|Musical,3.6666666666666665,3,0.005952380952380952,1
2286,"Fiendish Plot of Dr. Fu Manchu, The (1980)",Comedy,5.0,1,0.0,1
4875,On the Line (2001),Comedy|Romance,2.5,1,0.0,0
30883,Fat Albert (2004),Comedy|Fantasy,0.5,1,0.0,0
82499,How Do You Know (2010),Comedy|Drama|Romance,3.5,1,0.0,0
67534,Big Stan (2007),Comedy,3.5,2,0.002976190476190476,1
77416,Chained Heat (1983),Action|Crime|Drama|Thriller,2.5,1,0.0,0
1938,"Lost Weekend, The (1945)",Drama,3.9375,8,0.020833333333333332,0
6283,Cowboy Bebop: The Movie (Cowboy Bebop: Tengoku no Tobira) (2001),Action|Animation|Sci-Fi|Thriller,3.4705882352941178,17,0.047619047619047616,0
61123,High School Musical 2 (2007),Comedy|Drama|Musical|Romance,3.0,2,0.002976190476190476,0
3788,Blow-Up (Blowup) (1966),Drama|Mystery,3.3125,8,0.020833333333333332,0
3780,Rocketship X-M (1950),Sci-Fi,1.0,1,0.0,0
6991,"Greystoke: The Legend of Tarzan, Lord of the Apes (1984)",Adventure|Drama|Romance,3.3333333333333335,3,0.005952380952380952,0
7785,"Time for Drunken Horses, A (Zamani barayé masti asbha) (2000)",Drama,3.5,1,0.0,0
6780,"Brief History of Time, A (1991)",Documentary,4.5,3,0.005952380952380952,1
8487,Please Don't Eat the Daisies (1960),Children|Comedy|Musical,4.0,1,0.0,1
378,Speechless (1994),Comedy|Romance,3.0,9,0.023809523809523808,0
2328,Vampires (1998),Horror|Western,3.1666666666666665,9,0.023809523809523808,0
8134,Wonderful Days (a.k.a. Sky Blue) (2003),Animation|Sci-Fi,4.0,3,0.005952380952380952,0
5466,My Wife is an Actress (Ma Femme est une Actrice) (2001),Comedy|Drama|Romance,2.5,3,0.005952380952380952,0
4292,Norma Rae (1979),Drama,4.0,5,0.011904761904761904,1
27618,"Sound of Thunder, A (2005)",Action|Adventure|Drama|Sci-Fi|Thriller,3.0,3,0.005952380952380952,0
55245,Good Luck Chuck (2007),Comedy|Romance,2.75,2,0.002976190476190476,0
1757,Fallen Angels (Duo luo tian shi) (1995),Drama|Romance,3.4,5,0.011904761904761904,1
8044,I Am a Fugitive from a Chain Gang (1932),Crime|Drama|Film-Noir,2.75,2,0.002976190476190476,0
84,Last Summer in the Hamptons (1995),Comedy|Drama,3.0,2,0.002976190476190476,0
4782,Sidewalks of New York (2001),Comedy|Romance,3.3333333333333335,3,0.005952380952380952,0
5803,I Spy (2002),Action|Adventure|Comedy|Crime,3.0,3,0.005952380952380952,0
55284,Rendition (2007),Drama|Thriller,3.5,1,0.0,0
2618,"Castle, The (1997)",Comedy,3.3333333333333335,6,0.01488095238095238,0
8254,Arizona Dream (1993),Comedy|Drama|Fantasy|Romance,3.5,2,0.002976190476190476,0
2736,Brighton Beach Memoirs (1986),Comedy,3.25,6,0.01488095238095238,1
48982,Flushed Away (2006),Animation|Comedy,2.25,2,0.002976190476190476,0
294,"Perez Family, The (1995)",Comedy|Romance,4.5,2,0.002976190476190476,1
61037,Silent Light (Stellet licht) (2007),Drama,4.0,1,0.0,1
5084,Caged Heat (1974),Action,1.0,1,0.0,0
8158,Rush (1991),Crime|Drama,3.75,2,0.002976190476190476,1
8986,"Bellboy, The (1960)",Comedy,3.5,2,0.002976190476190476,1
69849,Roots (1977),Drama|War,3.1,5,0.011904761904761904,0
5300,3:10 to Yuma (1957),Action|Adventure|Drama|Thriller|Western,2.5,1,0.0,0
6862,Out of Time (2003),Crime|Drama|Thriller,3.75,2,0.002976190476190476,0
57528,Rambo (Rambo 4) (2008),Action|Drama|Thriller|War,3.625,8,0.020833333333333332,0
2155,"Slums of Beverly Hills, The (1998)",Comedy|Drama,3.3333333333333335,6,0.01488095238095238,0
57353,Flawless (2007),Crime|Drama,5.0,1,0.0,1
5195,"Zombie Lake (Lac des morts vivants, Le) (Zombies Lake) (Lake of the Living Dead, The) (1981)",Horror,3.5,1,0.0,0
50601,Bridge to Terabithia (2007),Adventure|Children|Fantasy,2.6,5,0.011904761904761904,0
3782,Shaft's Big Score! (1972),Action|Crime,3.0,1,0.0,0
3167,Carnal Knowledge (1971),Comedy|Drama,3.875,4,0.008928571428571428,0
8901,Flashpoint (1984),Action|Adventure|Crime|Mystery|Thriller,3.0,1,0.0,0
828,"Adventures of Pinocchio, The (1996)",Adventure|Children,3.0,3,0.005952380952380952,0
5324,Life or Something Like It (2002),Comedy|Romance,3.25,2,0.002976190476190476,0
2955,Penitentiary II (1982),Drama,0.5,1,0.0,0
5220,Showtime (2002),Action|Comedy,2.4,5,0.011904761904761904,0
2625,Black Mask (Hak hap) (1996),Action|Adventure|Crime|Sci-Fi|Thriller,3.0,3,0.005952380952380952,0
2764,"Thomas Crown Affair, The (1968)",Crime|Drama|Romance|Thriller,3.2777777777777777,9,0.023809523809523808,1
45658,On a Clear Day (2005),Drama,3.25,2,0.002976190476190476,0
67997,In the Loop (2009),Comedy,4.1,5,0.011904761904761904,0
5455,"Object of Beauty, The (1991)",Comedy|Drama,3.0,1,0.0,0
4945,"Enforcer, The (1976)",Crime,3.8333333333333335,3,0.005952380952380952,1
7348,Spartan (2004),Thriller,3.5833333333333335,6,0.01488095238095238,0
4663,She's Out of Control (1989),Comedy,1.0,1,0.0,0
2377,Lifeforce (1985),Horror|Sci-Fi,2.1,5,0.011904761904761904,0
3517,"Bells, The (1926)",Crime|Drama,1.0,1,0.0,0
5564,Swimfan (2002),Thriller,2.3333333333333335,3,0.005952380952380952,0
760,Stalingrad (1993),Drama|War,3.7,5,0.011904761904761904,1
26682,Downtown (1990),Action|Comedy,2.0,1,0.0,0
2535,Earthquake (1974),Action|Drama|Thriller,2.3333333333333335,3,0.005952380952380952,0
84156,Happy People: A Year in the Taiga (2010),Documentary,3.25,2,0.002976190476190476,0
2314,Beloved (1998),Drama,4.0,1,0.0,1
34148,"Beat That My Heart Skipped, The (battre mon coeur s'est arrêté, De) (2005)",Drama,3.1666666666666665,3,0.005952380952380952,0
68444,"Great Buck Howard, The (2008)",Comedy,3.5,1,0.0,0
6339,"Man on the Train (Homme du train, L') (2002)",Comedy|Drama,3.3333333333333335,3,0.005952380952380952,0
55261,"Heartbreak Kid, The (2007)",Comedy|Drama|Romance,2.5,1,0.0,0
82167,Love and Other Drugs (2010),Comedy|Drama|Romance,3.5,4,0.008928571428571428,0
1480,Smilla's Sense of Snow (1997),Drama|Thriller,3.1,5,0.011904761904761904,0
1155,"Invitation, The (Zaproszenie) (1986)",Drama,3.0,1,0.0,0
5238,Return of the Secaucus 7 (1980),Drama,4.0,1,0.0,1
726,Last Dance (1996),Drama,2.6666666666666665,3,0.005952380952380952,0
940,"Adventures of Robin Hood, The (1938)",Action|Adventure|Romance,3.772727272727273,22,0.062499999999999986,0
6963,Devil's Playground (2002),Documentary,4.25,4,0.008928571428571428,1
2901,Phantasm (1979),Horror|Sci-Fi,3.2,5,0.011904761904761904,0
107743,"Class of 92, The (2013)",Documentary,3.5,1,0.0,0
4187,Lilies of the Field (1963),Drama,4.5,1,0.0,1
7065,"Birth of a Nation, The (1915)",Drama|War,3.0,1,0.0,0
53464,Fantastic Four: Rise of the Silver Surfer (2007),Action|Adventure|Sci-Fi,3.5555555555555554,9,0.023809523809523808,0
53447,Paranoid Park (2007),Crime|Drama,2.75,2,0.002976190476190476,0
7317,EuroTrip (2004),Adventure|Comedy,2.4,5,0.011904761904761904,0
27608,Immortel (ad vitam) (Immortal) (2004),Action|Adventure|Animation|Fantasy|Sci-Fi,3.0,2,0.002976190476190476,0
5569,"Last House on the Left, The (1972)",Crime|Horror|Thriller,1.75,2,0.002976190476190476,0
31956,5x2 (2004),Drama|Romance,3.5,2,0.002976190476190476,0
870,Gone Fishin' (1997),Comedy,2.3333333333333335,3,0.005952380952380952,0
8197,Hiroshima Mon Amour (1959),Drama|Romance|War,4.25,2,0.002976190476190476,0
5447,Sunshine State (2002),Drama,3.8333333333333335,3,0.005952380952380952,0
3799,Pokémon the Movie 2000 (2000),Animation|Children,1.5625,8,0.020833333333333332,0
6946,Looney Tunes: Back in Action (2003),Action|Animation|Children|Fantasy,3.5,1,0.0,0
6406,Two Evil Eyes (1990),Horror,3.25,2,0.002976190476190476,0
3927,Fantastic Voyage (1966),Adventure|Sci-Fi,3.357142857142857,7,0.017857142857142856,0
7841,Children of Dune (2003),Fantasy|Sci-Fi,3.0,3,0.005952380952380952,0
50066,Sweet Land (2005),Drama|Romance,4.25,2,0.002976190476190476,0
6052,"Horse in the Gray Flannel Suit, The (1968)",Children|Comedy,2.0,1,0.0,0
201,Three Wishes (1995),Drama|Fantasy,2.2,5,0.011904761904761904,0
1336,Body Parts (1991),Horror|Thriller,1.6666666666666667,6,0.01488095238095238,0
67197,Knowing (2009),Action|Drama|Mystery|Sci-Fi|Thriller,2.9285714285714284,7,0.017857142857142856,1
3672,Benji (1974),Adventure|Children,3.875,4,0.008928571428571428,1
8906,Cannibal Holocaust (1980),Horror,3.0,2,0.002976190476190476,0
60599,Flakes (2007),Comedy,1.0,1,0.0,0
51925,Premonition (2007),Drama|Fantasy|Mystery|Thriller,3.375,4,0.008928571428571428,1
53460,Surf's Up (2007),Animation|Children|Comedy,3.0,4,0.008928571428571428,0
4654,Road House (1989),Action|Drama,3.357142857142857,7,0.017857142857142856,1
1237,"Seventh Seal, The (Sjunde inseglet, Det) (1957)",Drama,4.083333333333333,18,0.050595238095238096,1
4263,Days of Wine and Roses (1962),Drama,3.3333333333333335,3,0.005952380952380952,0
7158,House of Sand and Fog (2003),Drama,3.642857142857143,7,0.017857142857142856,1
3770,Dreamscape (1984),Horror|Sci-Fi|Thriller,3.5,5,0.011904761904761904,1
4836,"Competition, The (1980)",Drama|Romance,3.0,1,0.0,0
5875,Personal Velocity (2002),Drama,3.5,4,0.008928571428571428,1
30,Shanghai Triad (Yao a yao yao dao waipo qiao) (1995),Crime|Drama,3.75,6,0.01488095238095238,1
4535,"Man from Snowy River, The (1982)",Drama|Romance|Western,4.333333333333333,3,0.005952380952380952,1
56028,Rails & Ties (2007),Drama,1.0,1,0.0,0
45072,"President's Last Bang, The (Geuddae geusaramdeul) (2005)",Comedy|Crime|Drama,4.0,1,0.0,1
5649,Horror of Dracula (Dracula) (1958),Horror,4.0,9,0.023809523809523808,1
612,"Pallbearer, The (1996)",Comedy,2.7,10,0.026785714285714284,0
1547,Shiloh (1997),Children|Drama,3.0,2,0.002976190476190476,0
3075,Repulsion (1965),Drama|Horror,4.0,4,0.008928571428571428,1
31156,Abbott and Costello Meet the Invisible Man (1951),Comedy|Sci-Fi,3.0,3,0.005952380952380952,0
91976,"Grey, The (2012)",Action|Drama,2.3333333333333335,3,0.005952380952380952,0
88932,Final Destination 5 (2011),Horror|Thriller|IMAX,2.0,1,0.0,0
359,I Like It Like That (1994),Comedy|Drama|Romance,3.5,2,0.002976190476190476,1
4591,Erik the Viking (1989),Adventure|Comedy|Fantasy,3.625,4,0.008928571428571428,1
2875,Sommersby (1993),Drama|Mystery|Romance,2.8333333333333335,9,0.023809523809523808,0
3250,Alive (1993),Drama,3.6785714285714284,14,0.03869047619047619,1
56003,Southland Tales (2006),Comedy|Drama|Sci-Fi|Thriller,3.6666666666666665,3,0.005952380952380952,1
2935,"Lady Eve, The (1941)",Comedy|Romance,4.7,5,0.011904761904761904,1
82928,Nude Nuns with Big Guns (2010),Action|Comedy,0.5,1,0.0,0
6193,Poolhall Junkies (2002),Comedy|Drama|Thriller,4.5,1,0.0,1
6970,Desk Set (1957),Comedy|Romance,4.0,3,0.005952380952380952,1
4581,Dad (1989),Drama,3.0,1,0.0,0
40851,Zathura (2005),Action|Adventure|Children|Fantasy,3.6666666666666665,3,0.005952380952380952,0
324,"Sum of Us, The (1994)",Comedy|Drama,4.0,1,0.0,1
76077,Hot Tub Time Machine (2010),Comedy|Sci-Fi,3.388888888888889,9,0.023809523809523808,1
2798,Problem Child (1990),Children|Comedy,2.388888888888889,9,0.023809523809523808,0
1154,T-Men (1947),Film-Noir,3.5,2,0.002976190476190476,0
55999,Mr. Magorium's Wonder Emporium (2007),Children|Comedy|Fantasy,1.5,2,0.002976190476190476,0
2326,Shattered Image (1998),Drama|Thriller,2.0,1,0.0,0
5081,Birthday Girl (2001),Drama|Romance,3.2,5,0.011904761904761904,0
2482,Still Crazy (1998),Comedy|Romance,1.5,2,0.002976190476190476,0
52668,In the Land of Women (2007),Comedy|Drama|Romance,3.0,1,0.0,0
1599,Steel (1997),Action,1.7,5,0.011904761904761904,0
106072,Thor: The Dark World (2013),Action|Adventure|Fantasy|IMAX,3.1666666666666665,3,0.005952380952380952,0
51077,Ghost Rider (2007),Action|Fantasy|Thriller,2.7777777777777777,9,0.023809523809523808,0
90426,Burning Palms (2010),Comedy|Drama,3.0,1,0.0,0
3985,"Eagle Has Landed, The (1976)",Drama|War,3.8333333333333335,6,0.01488095238095238,1
6748,"Brood, The (1979)",Horror,4.166666666666667,3,0.005952380952380952,1
104883,"Conspiracy, The (2012)",Horror|Thriller,1.0,1,0.0,0
37475,"Unfinished Life, An (2005)",Drama,3.25,2,0.002976190476190476,0
57476,"Cheyenne Social Club, The (1970)",Comedy|Western,2.5,2,0.002976190476190476,0
7157,"Hebrew Hammer, The (2003)",Comedy,4.0,1,0.0,1
3048,Under the Rainbow (1981),Comedy,3.0,2,0.002976190476190476,1
4003,She's Having a Baby (1988),Comedy,2.5,5,0.011904761904761904,0
38992,Two for the Money (2005),Drama,3.2,5,0.011904761904761904,0
40339,Chicken Little (2005),Action|Adventure|Animation|Children|Comedy|Sci-Fi,2.375,8,0.020833333333333332,0
4715,"Awakening, The (1980)",Horror,3.25,2,0.002976190476190476,1
791,"Last Klezmer: Leopold Kozlowski, His Life and Music, The (1994)",Documentary,3.0,1,0.0,0
4617,Let It Ride (1989),Comedy,4.0,1,0.0,1
77846,12 Angry Men (1997),Crime|Drama,3.5,2,0.002976190476190476,0
3142,U2: Rattle and Hum (1988),Documentary|Musical,2.7,5,0.011904761904761904,0
7375,"Prince & Me, The (2004)",Comedy|Romance,4.375,4,0.008928571428571428,1
87222,Kung Fu Panda 2 (2011),Action|Adventure|Animation|Children|Comedy|IMAX,1.5,2,0.002976190476190476,0
4199,Death Warrant (1990),Action,3.25,2,0.002976190476190476,1
6545,I Capture the Castle (2003),Drama|Romance,3.5,1,0.0,0
56941,P.S. I Love You (2007),Comedy|Drama|Romance,3.75,12,0.03273809523809523,0
73015,It's Complicated (2009),Comedy|Romance,3.1,5,0.011904761904761904,0
55250,"Game Plan, The (2007)",Comedy,3.5,2,0.002976190476190476,1
56921,Battlestar Galactica: Razor (2007),Action|Drama|Sci-Fi|Thriller,3.5,4,0.008928571428571428,0
4951,Lord of the Flies (1990),Adventure|Drama|Thriller,2.5,1,0.0,0
4459,Alaska: Spirit of the Wild (1997),Documentary|IMAX,2.5,1,0.0,0
6429,Winchester '73 (1950),Western,4.0,1,0.0,1
3368,"Big Country, The (1958)",Romance|Western,3.0,1,0.0,0
7766,Throne of Blood (Kumonosu jô) (1957),Action|Drama|Thriller|War,4.214285714285714,7,0.017857142857142856,1
1315,Paris Was a Woman (1995),Documentary,2.6666666666666665,3,0.005952380952380952,0
32737,Age of Consent (1969),Comedy|Drama|Romance,2.0,1,0.0,0
2744,Otello (1986),Drama,2.5,2,0.002976190476190476,0
26285,Dark Star (1974),Comedy|Sci-Fi|Thriller,3.6666666666666665,3,0.005952380952380952,0
45837,Let It Be (1970),Documentary,3.5,1,0.0,0
8,Tom and Huck (1995),Adventure|Children,3.0,10,0.026785714285714284,0
70159,Orphan (2009),Drama|Horror|Mystery|Thriller,3.3333333333333335,6,0.01488095238095238,0
6577,Kickboxer 2: The Road Back (1991),Action|Drama,1.75,2,0.002976190476190476,0
67784,"Cake Eaters, The (2007)",Drama,2.25,2,0.002976190476190476,0
5237,Taps (1981),Drama,3.6666666666666665,6,0.01488095238095238,0
1181,"Shooter, The (1997)",Western,4.0,1,0.0,1
74257,"Ambulance, The (1990)",Thriller,3.5,1,0.0,0
2458,Armed and Dangerous (1986),Comedy|Crime,3.5,3,0.005952380952380952,0
6770,My Life Without Me (2003),Drama|Romance,3.5,4,0.008928571428571428,1
87785,Takers (2010),Action|Crime|Thriller,3.5,2,0.002976190476190476,0
46865,Little Man (2006),Comedy,1.5,2,0.002976190476190476,0
4422,Cries and Whispers (Viskningar och rop) (1972),Drama,3.625,4,0.008928571428571428,1
219,"Cure, The (1995)",Drama,3.3333333333333335,3,0.005952380952380952,0
3426,Jungle Fever (1991),Drama|Romance,2.0,2,0.002976190476190476,0
26258,"Topo, El (1970)",Fantasy|Western,4.5,1,0.0,1
2994,"City, The (Ciudad, La) (1998)",Drama,2.0,1,0.0,0
62250,Gomorrah (Gomorra) (2008),Crime|Drama,3.5,3,0.005952380952380952,0
89087,Colombiana (2011),Action|Adventure|Drama|Thriller,3.875,4,0.008928571428571428,1
4871,Focus (2001),Drama,2.5,2,0.002976190476190476,0
6124,Savannah Smiles (1982),Comedy,3.0,1,0.0,0
95201,To Rome with Love (2012),Comedy,3.5,2,0.002976190476190476,0
32060,"Cat and the Canary, The (1927)",Horror|Mystery,3.0,1,0.0,0
6800,Cobra (1986),Action|Crime,2.5,3,0.005952380952380952,0
71057,9 (2009),Adventure|Animation|Sci-Fi,2.7777777777777777,9,0.023809523809523808,0
51847,Right at Your Door (2006),Drama|Thriller,2.5,1,0.0,0
4921,Little Women (1933),Drama|Romance,4.166666666666667,3,0.005952380952380952,0
8094,Bad Day at Black Rock (1955),Drama|Thriller|Western,3.8333333333333335,3,0.005952380952380952,0
1472,City of Industry (1997),Crime|Thriller,2.5,2,0.002976190476190476,0
79910,According to Greta (2009),Drama|Romance,4.0,1,0.0,1
8270,"Hairdresser's Husband, The (Le mari de la coiffeuse) (1990)",Comedy|Drama|Romance,4.0,1,0.0,1
85291,Fubar II (Fubar: Balls to the Wall) (2010),Comedy,3.5,1,0.0,0
6790,Avalon (2001),Drama|Fantasy|Sci-Fi,1.5,1,0.0,0
98836,Hyde Park on Hudson (2012),Comedy|Drama,2.0,2,0.002976190476190476,0
8667,A Home at the End of the World (2004),Drama|Romance,2.75,2,0.002976190476190476,1
90469,Paranormal Activity 3 (2011),Horror,0.5,1,0.0,0
3205,Black Sunday (La maschera del demonio) (1960),Horror,3.5,1,0.0,0
92420,Chronicle (2012),Action|Sci-Fi|Thriller,3.25,4,0.008928571428571428,0
48877,Saw III (2006),Crime|Horror|Thriller,2.7857142857142856,7,0.017857142857142856,0
60293,"Wackness, The (2008)",Comedy|Drama|Romance,4.0,4,0.008928571428571428,1
4164,"Caveman's Valentine, The (2001)",Drama,4.0,1,0.0,1
4712,"Wild Child, The (Enfant sauvage, L') (1970)",Drama,3.5,2,0.002976190476190476,0
33896,3 Extremes (Three... Extremes) (Saam gaang yi) (2004),Horror,4.25,2,0.002976190476190476,1
4275,Krull (1983),Action|Adventure|Fantasy|Sci-Fi,2.0,5,0.011904761904761904,0
2937,"Palm Beach Story, The (1942)",Comedy,4.625,8,0.020833333333333332,1
1696,Bent (1997),Drama|War,5.0,1,0.0,1
64524,Nothing Like the Holidays (2008),Comedy|Drama|Romance,3.0,1,0.0,0
7307,Flesh & Blood (1985),Action|Adventure|Drama|War,3.625,4,0.008928571428571428,0
2873,Lulu on the Bridge (1998),Drama|Mystery|Romance,3.5,1,0.0,0
5461,Me Without You (2001),Comedy|Drama,3.5,2,0.002976190476190476,0
74685,"Crazies, The (2010)",Action|Drama|Horror|Sci-Fi|Thriller,3.0,1,0.0,0
1555,"To Have, or Not (En avoir (ou pas)) (1995)",Drama,4.0,1,0.0,1
5074,Storytelling (2001),Comedy|Drama,2.5,5,0.011904761904761904,0
70305,Race to Witch Mountain (2009),Adventure|Children|Fantasy|Sci-Fi|Thriller,3.0,2,0.002976190476190476,0
95875,Total Recall (2012),Action|Sci-Fi|Thriller,3.4,5,0.011904761904761904,0
110730,Transcendence (2014),Drama|Sci-Fi|IMAX,3.0,2,0.002976190476190476,1
61818,"Crow, The: Wicked Prayer (2005)",Action|Adventure|Fantasy|Thriller,2.5,1,0.0,0
71418,Ballast (2008),Drama,4.0,2,0.002976190476190476,0
638,Jack and Sarah (1995),Romance,3.25,4,0.008928571428571428,0
1040,"Secret Agent, The (1996)",Drama,3.0,1,0.0,0
2629,"Love Letter, The (1999)",Comedy|Romance,2.0,4,0.008928571428571428,0
3987,Bounce (2000),Drama|Romance,2.3,5,0.011904761904761904,0
101531,Phil Spector (2013),Drama,4.0,1,0.0,1
2203,Shadow of a Doubt (1943),Crime|Drama|Thriller,3.9444444444444446,9,0.023809523809523808,1
3500,Mr. Saturday Night (1992),Comedy|Drama,2.0,2,0.002976190476190476,0
3287,"Tigger Movie, The (2000)",Animation|Children,3.1,5,0.011904761904761904,0
602,"Great Day in Harlem, A (1994)",Documentary,3.0,1,0.0,0
8938,Tarnation (2003),Documentary,3.5,1,0.0,0
1829,Chinese Box (1997),Drama|Romance,4.0,2,0.002976190476190476,1
7394,Those Magnificent Men in Their Flying Machines (1965),Action|Adventure|Comedy,3.25,2,0.002976190476190476,0
1624,"Thousand Acres, A (1997)",Drama,3.3333333333333335,3,0.005952380952380952,0
87270,"Other Woman, The (2009)",Drama,1.75,2,0.002976190476190476,0
27643,Pahat pojat (2003),Action|Crime|Drama,2.0,1,0.0,0
987,Bliss (1997),Drama|Romance,3.0,1,0.0,0
47810,"Wicker Man, The (2006)",Horror|Mystery|Thriller,2.8333333333333335,6,0.01488095238095238,0
53956,Death at a Funeral (2007),Comedy,4.0,3,0.005952380952380952,1
55176,In the Shadow of the Moon (2007),Documentary,5.0,1,0.0,1
7844,"Legend, The (Legend of Fong Sai-Yuk, The) (Fong Sai Yuk) (1993)",Action|Comedy,4.833333333333333,3,0.005952380952380952,1
2668,Swamp Thing (1982),Horror|Sci-Fi,3.2142857142857144,7,0.017857142857142856,0
26208,My Night At Maud's (Ma Nuit Chez Maud) (1969),Comedy|Drama|Romance,4.0,2,0.002976190476190476,1
8511,"Immigrant, The (1917)",Comedy,3.5,1,0.0,0
7934,Zelig (1983),Comedy,4.0,7,0.017857142857142856,1
291,Poison Ivy II (1996),Drama|Thriller,2.5,2,0.002976190476190476,0
742,Thinner (1996),Horror|Thriller,2.6,5,0.011904761904761904,0
6734,Memoirs of an Invisible Man (1992),Comedy|Romance|Sci-Fi|Thriller,3.5,2,0.002976190476190476,0
59834,100 Rifles (1969),Adventure|War|Western,2.25,2,0.002976190476190476,0
6379,Wrong Turn (2003),Horror|Thriller,2.75,4,0.008928571428571428,0
5820,Standing in the Shadows of Motown (2002),Documentary|Musical,3.625,4,0.008928571428571428,0
6305,Fahrenheit 451 (1966),Drama|Sci-Fi,3.875,4,0.008928571428571428,1
3112,'night Mother (1986),Drama,4.0,2,0.002976190476190476,0
4709,Paint Your Wagon (1969),Comedy|Musical|Western,4.0,1,0.0,1
40583,Syriana (2005),Drama|Thriller,3.75,10,0.026785714285714284,1
6961,Damage (Fatale) (1992),Drama,1.75,2,0.002976190476190476,0
66915,Rock-A-Doodle (1991),Adventure|Animation|Children|Musical,1.75,2,0.002976190476190476,0
190,Safe (1995),Thriller,4.125,4,0.008928571428571428,1
44494,Son of the Pink Panther (1993),Comedy,3.0,1,0.0,0
69644,Ice Age: Dawn of the Dinosaurs (2009),Action|Adventure|Animation|Children|Comedy|Romance,3.6666666666666665,3,0.005952380952380952,0
34534,Four Brothers (2005),Action|Crime|Drama,3.0714285714285716,7,0.017857142857142856,0
58287,Descent (2007),Drama|Thriller,3.5,1,0.0,0
58303,"Counterfeiters, The (Die Fälscher) (2007)",Crime|Drama|War,4.5,1,0.0,1
3693,"Toxic Avenger, The (1985)",Comedy|Horror,2.875,4,0.008928571428571428,0
4771,Hardball (2001),Drama,2.75,2,0.002976190476190476,0
78264,"Back-up Plan, The (2010)",Comedy|Romance,3.0,1,0.0,0
45175,Kinky Boots (2005),Comedy|Drama,3.75,2,0.002976190476190476,0
8919,P.S. (2004),Comedy|Drama|Fantasy|Romance,3.0,1,0.0,0
8973,Bad Education (La mala educación) (2004),Drama|Thriller,3.25,6,0.01488095238095238,0
6466,Mississippi Masala (1991),Drama|Romance,3.25,2,0.002976190476190476,0
7318,"Passion of the Christ, The (2004)",Drama,2.8076923076923075,13,0.03571428571428571,0
438,"Cowboy Way, The (1994)",Action|Comedy|Drama,2.857142857142857,7,0.017857142857142856,0
4371,Baby Boy (2001),Crime|Drama,3.1666666666666665,3,0.005952380952380952,0
8742,Night Patrol (1984),Comedy,3.5,1,0.0,0
88267,Winnie the Pooh (2011),Animation|Children|Comedy,3.1666666666666665,3,0.005952380952380952,0
228,Destiny Turns on the Radio (1995),Comedy,2.5,4,0.008928571428571428,0
2563,Dangerous Beauty (1998),Drama,3.0,2,0.002976190476190476,0
26325,Hearts and Minds (1974),Documentary|War,4.5,1,0.0,1
7217,Dark Passage (1947),Crime|Drama|Film-Noir|Romance|Thriller,2.5,1,0.0,0
55451,"Jane Austen Book Club, The (2007)",Drama|Romance,3.0,1,0.0,0
66371,Departures (Okuribito) (2008),Drama,3.3333333333333335,3,0.005952380952380952,1
769,Marlene Dietrich: Shadow and Light (1996),Documentary,3.8333333333333335,3,0.005952380952380952,1
4961,Pornstar: The Legend of Ron Jeremy (2001),Documentary,3.125,4,0.008928571428571428,0
1730,Kundun (1997),Drama,3.4285714285714284,7,0.017857142857142856,0
37736,Oliver Twist (2005),Drama,4.5,1,0.0,1
2292,Overnight Delivery (1998),Comedy|Romance,4.5,2,0.002976190476190476,1
2429,Mighty Joe Young (1998),Action|Adventure|Drama|Fantasy|Thriller,2.8,5,0.011904761904761904,0
32300,D.E.B.S. (2004),Action|Comedy,2.0,1,0.0,0
109161,Venus in Fur (La Vénus à la fourrure) (2013),Drama,4.0,1,0.0,1
2748,Allan Quatermain and the Lost City of Gold (1987),Action|Adventure|Comedy,3.0,1,0.0,0
1152,He Walked by Night (1948),Crime|Film-Noir|Thriller,3.25,2,0.002976190476190476,1
1873,"Misérables, Les (1998)",Crime|Drama|Romance|War,3.590909090909091,11,0.029761904761904757,1
27627,Oasis (2002),Drama|Romance,4.0,1,0.0,1
82088,Vincent Wants to Sea (Vincent will meer) (2010),Drama,4.5,1,0.0,1
76763,"Runaways, The (2010)",Drama|Musical,3.5,1,0.0,0
6040,Darkness Falls (2003),Horror|Thriller,2.642857142857143,7,0.017857142857142856,0
5938,Deathtrap (1982),Comedy|Crime|Mystery|Thriller,4.0,4,0.008928571428571428,1
5482,"Country Bears, The (2002)",Children|Comedy,1.0,2,0.002976190476190476,0
2708,"Autumn Tale, An (Conte d'automne) (1998)",Romance,3.25,2,0.002976190476190476,0
48744,Shortbus (2006),Comedy|Drama|Romance,3.4166666666666665,6,0.01488095238095238,0
927,"Women, The (1939)",Comedy,4.083333333333333,6,0.01488095238095238,1
70724,Side Street (1949),Crime|Drama|Film-Noir,3.0,1,0.0,0
2363,Godzilla (Gojira) (1954),Drama|Horror|Sci-Fi,3.5555555555555554,9,0.023809523809523808,0
8711,Mr. Blandings Builds His Dream House (1948),Comedy,4.333333333333333,6,0.01488095238095238,0
65418,Wendy and Lucy (2008),Drama,3.5,2,0.002976190476190476,0
3425,Mo' Better Blues (1990),Drama|Musical,3.0,2,0.002976190476190476,0
55278,Sleuth (2007),Drama|Mystery|Thriller,3.0,1,0.0,0
64508,Starship Troopers 3: Marauder (2008),Action|Sci-Fi|War,2.5,2,0.002976190476190476,0
63033,Blindness (2008),Drama|Mystery|Romance|Thriller,2.875,4,0.008928571428571428,1
55282,30 Days of Night (2007),Horror|Thriller,2.5,3,0.005952380952380952,0
26082,Harakiri (Seppuku) (1962),Drama,4.333333333333333,3,0.005952380952380952,1
5314,Behind the Sun (Abril Despedaçado) (2001),Drama,4.0,1,0.0,1
51575,Wild Hogs (2007),Adventure|Comedy,1.6666666666666667,3,0.005952380952380952,0
96832,Holy Motors (2012),Drama|Fantasy|Musical|Mystery|Sci-Fi,3.0,1,0.0,0
6196,Cradle 2 the Grave (2003),Action|Crime|Drama|Thriller,2.75,2,0.002976190476190476,0
1004,"Glimmer Man, The (1996)",Action|Thriller,2.388888888888889,9,0.023809523809523808,0
3909,Woman on Top (2000),Comedy|Romance,1.0,1,0.0,0
1355,Nightwatch (1997),Horror|Thriller,3.9,5,0.011904761904761904,1
47122,John Tucker Must Die (2006),Comedy|Romance,3.0,4,0.008928571428571428,0
91134,My Week with Marilyn (2011),Drama,3.5,2,0.002976190476190476,0
65088,Bedtime Stories (2008),Adventure|Children|Comedy,2.6666666666666665,6,0.01488095238095238,0
7918,"Indian Runner, The (1991)",Drama,3.25,2,0.002976190476190476,0
65310,Poultrygeist: Night of the Chicken Dead (2006),Comedy|Horror|Musical,2.5,2,0.002976190476190476,1
8401,"Adventures of Sherlock Holmes, The (1939)",Crime|Mystery|Thriller,3.25,2,0.002976190476190476,0
77540,Solomon Kane (2009),Action|Adventure|Fantasy|Horror,2.6666666666666665,3,0.005952380952380952,0
89759,"Separation, A (Jodaeiye Nader az Simin) (2011)",Drama,3.75,2,0.002976190476190476,1
26560,"Unknown Soldier, The (Tuntematon sotilas) (1985)",Drama|War,4.0,1,0.0,1
3830,Psycho Beach Party (2000),Comedy|Horror|Thriller,2.25,2,0.002976190476190476,0
82744,Faster (2010),Action|Crime|Drama,3.5,1,0.0,0
5101,Richard Pryor Here and Now (1983),Comedy|Documentary,2.6666666666666665,3,0.005952380952380952,0
6784,"Song Remains the Same, The (1976)",Documentary|Musical,4.25,2,0.002976190476190476,0
3372,"Bridge at Remagen, The (1969)",Action|War,3.25,2,0.002976190476190476,0
1340,"Bride of Frankenstein, The (Bride of Frankenstein) (1935)",Drama|Horror|Sci-Fi,3.25,6,0.01488095238095238,1
5125,Used Cars (1980),Comedy,3.5,4,0.008928571428571428,0
6288,Better Luck Tomorrow (2002),Crime|Drama,4.0,3,0.005952380952380952,1
2807,Universal Soldier: The Return (1999),Action|Sci-Fi,1.5,6,0.01488095238095238,0
95761,Killer Joe (2011),Crime|Thriller,3.25,2,0.002976190476190476,0
5048,Snow Dogs (2002),Adventure|Children|Comedy,0.5,1,0.0,0
5002,Fritz the Cat (1972),Animation,1.0,1,0.0,0
83132,"Secret World of Arrietty, The (Kari-gurashi no Arietti) (2010)",Animation|Children|Fantasy,3.8333333333333335,3,0.005952380952380952,1
74275,I Love You Phillip Morris (2009),Comedy|Drama|Romance,3.4285714285714284,7,0.017857142857142856,1
4920,"Now, Voyager (1942)",Drama|Romance,3.75,4,0.008928571428571428,1
2440,Another Day in Paradise (1998),Drama,1.0,1,0.0,0
85510,Sucker Punch (2011),Action|Fantasy|Thriller|IMAX,3.5,1,0.0,0
917,"Little Princess, The (1939)",Children|Drama,3.75,6,0.01488095238095238,1
25940,"Lady from Shanghai, The (1947)",Drama|Film-Noir|Mystery,4.25,2,0.002976190476190476,1
72489,Ninja Assassin (2009),Action|Crime|Drama|Thriller,3.75,2,0.002976190476190476,0
7706,Animal Crackers (1930),Comedy|Musical,4.0,4,0.008928571428571428,1
70695,"Haunting of Molly Hartley, The (2008)",Drama|Horror|Thriller,0.75,2,0.002976190476190476,0
114342,Force Majeure (Turist) (2014),Drama,4.5,1,0.0,1
85796,Hobo with a Shotgun (2011),Action|Adventure|Crime|Thriller,3.0,1,0.0,0
56145,"Mist, The (2007)",Horror|Sci-Fi,2.875,4,0.008928571428571428,1
59103,"Forbidden Kingdom, The (2008)",Action|Adventure|Comedy|Fantasy,3.6,5,0.011904761904761904,0
26585,"Better Tomorrow, A (Ying hung boon sik) (1986)",Crime|Drama|Thriller,4.0,1,0.0,1
3989,One Day in September (1999),Documentary,3.75,4,0.008928571428571428,1
7121,Adam's Rib (1949),Comedy|Romance,4.0,5,0.011904761904761904,1
4401,Donovan's Reef (1963),Action|Comedy|Romance,3.3333333333333335,3,0.005952380952380952,0
5508,24 Hour Party People (2002),Comedy|Drama|Musical,3.7857142857142856,7,0.017857142857142856,0
5797,"Company of Wolves, The (1984)",Fantasy|Horror,2.75,2,0.002976190476190476,0
6212,Bringing Down the House (2003),Comedy,3.0,10,0.026785714285714284,0
80880,Stone (2010),Drama|Thriller,1.5,2,0.002976190476190476,0
26547,Police Story (Ging chaat goo si) (1985),Action|Comedy|Crime|Thriller,4.25,2,0.002976190476190476,1
5114,"Bad and the Beautiful, The (1952)",Drama,2.0,2,0.002976190476190476,0
6981,"Ordet (Word, The) (1955)",Drama,4.666666666666667,3,0.005952380952380952,1
2238,Seven Beauties (Pasqualino Settebellezze) (1976),Comedy|Drama,3.375,4,0.008928571428571428,0
7617,Rooster Cogburn (1975),Comedy|Western,2.0,1,0.0,0
897,For Whom the Bell Tolls (1943),Adventure|Drama|Romance|War,3.4,5,0.011904761904761904,1
56885,"Great Debaters, The (2007)",Drama,4.25,2,0.002976190476190476,1
2344,Runaway Train (1985),Action|Adventure|Drama|Thriller,3.6,5,0.011904761904761904,0
58047,"Definitely, Maybe (2008)",Comedy|Drama|Romance,3.4,5,0.011904761904761904,0
32598,Fever Pitch (2005),Comedy|Romance,3.125,4,0.008928571428571428,1
6837,Love Affair (1939),Comedy|Drama|Romance,3.5,1,0.0,0
55687,My Kid Could Paint That (2007),Documentary,2.0,1,0.0,0
2417,Heartburn (1986),Comedy|Drama,3.6666666666666665,3,0.005952380952380952,1
67138,Live Free or Die (2006),Comedy|Crime,4.0,1,0.0,1
5901,Empire (2002),Crime|Drama,3.0,1,0.0,0
4732,Bubble Boy (2001),Comedy,1.6666666666666667,3,0.005952380952380952,0
2332,Belly (1998),Crime|Drama,4.0,1,0.0,1
109191,Winter's Tale (2014),Drama|Fantasy|Mystery,3.5,2,0.002976190476190476,0
4786,"Legend of Hell House, The (1973)",Horror|Thriller,4.0,2,0.002976190476190476,1
3353,"Closer You Get, The (2000)",Comedy|Romance,3.0,2,0.002976190476190476,0
114074,"Skeleton Twins, The (2014)",Drama,4.0,1,0.0,1
53788,Exiled (Fong juk) (2006),Action|Crime|Thriller,3.0,1,0.0,0
101307,Árido Movie (2005),Drama,2.0,1,0.0,0
58381,Jellyfish (Meduzot) (2007),Drama,3.5,1,0.0,0
66665,Away We Go (2009),Comedy|Drama|Romance,3.6666666666666665,3,0.005952380952380952,1
103539,The Spectacular Now (2013),Comedy|Drama|Romance,4.5,1,0.0,1
47148,Mrs. Palfrey at the Claremont (2005),Comedy|Drama,4.0,1,0.0,1
85399,"Big Mommas: Like Father, Like Son (2011)",Comedy,0.5,1,0.0,0
1582,Wild America (1997),Adventure|Children,2.8,5,0.011904761904761904,1
30745,Gozu (Gokudô kyôfu dai-gekijô: Gozu) (2003),Comedy|Crime|Drama|Horror|Mystery,4.5,1,0.0,1
4167,15 Minutes (2001),Thriller,3.5714285714285716,7,0.017857142857142856,1
53002,Georgia Rule (2007),Comedy|Drama|Romance,4.0,1,0.0,1
85438,Jane Eyre (2011),Drama|Romance,4.5,1,0.0,1
1977,Friday the 13th Part IV: The Final Chapter (1984),Horror,1.25,4,0.008928571428571428,0
75813,Leaves of Grass (2009),Comedy|Crime|Drama|Thriller,3.5,3,0.005952380952380952,0
87304,Beginners (2010),Drama,3.875,4,0.008928571428571428,0
31410,"Downfall (Untergang, Der) (2004)",Drama|War,3.96875,16,0.04464285714285714,0
84570,Country Strong (2010),Drama|Musical|Romance,3.5,1,0.0,0
80693,It's Kind of a Funny Story (2010),Comedy|Drama,3.75,4,0.008928571428571428,0
60758,Brideshead Revisited (2008),Drama,3.5,2,0.002976190476190476,0
50923,"Astronaut Farmer, The (2007)",Drama,3.25,2,0.002976190476190476,0
3066,Tora! Tora! Tora! (1970),Action|Drama|War,4.076923076923077,13,0.03571428571428571,1
30816,"Phantom of the Opera, The (2004)",Drama|Musical|Romance,4.2727272727272725,11,0.029761904761904757,1
7327,Persona (1966),Drama,4.111111111111111,9,0.023809523809523808,1
8977,Alexander (2004),Action|Adventure|Drama|War,2.5,4,0.008928571428571428,0
57223,D-War (Dragon Wars) (2007),Action|Adventure|Drama|Fantasy,1.0,1,0.0,0
2173,"Navigator: A Mediaeval Odyssey, The (1988)",Adventure|Fantasy|Sci-Fi,3.3333333333333335,3,0.005952380952380952,1
34540,Pretty Persuasion (2005),Comedy|Drama,5.0,1,0.0,1
4918,"Young Lions, The (1958)",Drama|War,4.25,2,0.002976190476190476,1
80864,You Will Meet a Tall Dark Stranger (2010),Comedy|Romance,2.75,2,0.002976190476190476,0
90249,Real Steel (2011),Action|Drama|Sci-Fi|IMAX,3.6666666666666665,3,0.005952380952380952,0
3487,El Dorado (1966),Western,3.25,2,0.002976190476190476,0
77208,Skin (2008),Drama|Mystery,2.5,1,0.0,0
50514,After the Wedding (Efter brylluppet) (2006),Drama,3.875,4,0.008928571428571428,0
4862,Not Without My Daughter (1991),Drama,3.25,2,0.002976190476190476,0
5890,Elling (2001),Comedy|Drama,4.0,4,0.008928571428571428,1
26356,Supervixens (1975),Comedy|Thriller,3.5,1,0.0,0
3223,"Zed & Two Noughts, A (1985)",Drama,4.125,4,0.008928571428571428,1
7047,Year of the Dragon (1985),Action|Crime|Drama,1.0,1,0.0,0
7759,Nostalghia (1983),Drama,5.0,1,0.0,1
2048,"Great Mouse Detective, The (1986)",Action|Animation|Children|Crime,2.9444444444444446,9,0.023809523809523808,0
95449,Magic Mike (2012),Drama|Romance,2.25,2,0.002976190476190476,0
846,Flirt (1995),Drama,3.6666666666666665,3,0.005952380952380952,0
7301,Diary of a Country Priest (Journal d'un curé de campagne) (1951),Drama,3.5,2,0.002976190476190476,0
103772,"Wolverine, The (2013)",Action|Adventure|Fantasy|Sci-Fi,2.5,3,0.005952380952380952,0
6100,"Midsummer Night's Sex Comedy, A (1982)",Comedy|Romance,3.5,4,0.008928571428571428,0
105742,"Fifth Estate, The (2013)",Drama|Thriller,3.5,1,0.0,0
8684,"Man Escaped, A (Un  condamné à mort s'est échappé ou Le vent souffle où il veut) (1956)",Adventure|Drama,4.75,2,0.002976190476190476,1
3805,Knightriders (1981),Action|Adventure|Drama,3.75,2,0.002976190476190476,1
5355,"Cassandra Crossing, The (1976)",Drama,3.5,1,0.0,0
31114,Imaginary Heroes (2004),Comedy|Drama,3.75,2,0.002976190476190476,1
8382,Hello Again (1987),Comedy,3.0,1,0.0,0
5397,Monkey Business (1952),Comedy|Sci-Fi,3.375,4,0.008928571428571428,1
89840,Killer Elite (2011),Action|Thriller,3.0,2,0.002976190476190476,0
6045,Bullet (1996),Action|Crime|Drama,3.5,1,0.0,0
8772,"Spy Who Came in from the Cold, The (1965)",Drama|Thriller,4.25,2,0.002976190476190476,1
2473,Soul Man (1986),Comedy,2.8333333333333335,6,0.01488095238095238,0
3029,Nighthawks (1981),Action|Drama,2.8,5,0.011904761904761904,0
2327,Tales from the Darkside: The Movie (1990),Fantasy|Horror|Thriller,3.2,5,0.011904761904761904,0
89074,"Greatest Movie Ever Sold, The (POM Wonderful Presents: The Greatest Movie Ever Sold) (2011)",Documentary,2.5,1,0.0,0
40962,"Yours, Mine and Ours (2005)",Comedy|Romance,2.0,2,0.002976190476190476,0
2781,"Tingler, The (1959)",Horror,3.0,2,0.002976190476190476,0
48326,All the King's Men (2006),Drama,4.0,1,0.0,1
2828,Dudley Do-Right (1999),Children|Comedy,2.625,4,0.008928571428571428,0
6005,Blue Collar Comedy Tour: The Movie (2003),Comedy|Documentary,5.0,1,0.0,1
2036,Blank Check (1994),Children|Comedy,2.2857142857142856,7,0.017857142857142856,0
90254,"Dream Catcher, The (1999)",Drama,3.5,1,0.0,0
4672,"Tall Guy, The (1989)",Comedy|Romance,3.6666666666666665,3,0.005952380952380952,0
7043,Vivre sa vie: Film en douze tableaux (My Life to Live) (1962),Drama,1.8333333333333333,3,0.005952380952380952,0
76210,Defendor (2009),Comedy|Crime|Drama,3.1666666666666665,3,0.005952380952380952,0
45732,My Super Ex-Girlfriend (2006),Comedy|Fantasy|Romance,3.5,2,0.002976190476190476,0
2559,"King and I, The (1999)",Animation|Children,2.0,2,0.002976190476190476,0
86880,Pirates of the Caribbean: On Stranger Tides (2011),Action|Adventure|Fantasy|IMAX,4.0,5,0.011904761904761904,1
5118,"Heartbreak Kid, The (1972)",Comedy|Romance,2.5,1,0.0,0
91126,War Horse (2011),Drama|War,3.0,1,0.0,0
3065,Nothing to Lose (a.k.a. Ten Benny) (1996),Drama,3.5,1,0.0,0
26527,What Have I Done to Deserve This? (¿Qué he hecho yo para merecer esto!!) (1984),Comedy|Drama,2.5,1,0.0,0
3898,Bait (2000),Action|Comedy,2.0,2,0.002976190476190476,0
95488,On the Road (2012),Adventure|Drama,3.0,2,0.002976190476190476,0
102481,"Internship, The (2013)",Comedy,3.5,3,0.005952380952380952,1
6422,Shenandoah (1965),Drama|War|Western,2.5,1,0.0,0
5764,Looker (1981),Drama|Horror|Sci-Fi|Thriller,3.5,2,0.002976190476190476,0
2969,"Man and a Woman, A (Un homme et une femme) (1966)",Drama|Romance,4.0,2,0.002976190476190476,1
90600,Headhunters (Hodejegerne) (2011),Action|Crime|Thriller,4.0,2,0.002976190476190476,0
8290,Mitchell (1975),Action|Crime,0.5,1,0.0,0
33901,Satan's Little Helper (2004),Comedy|Horror,2.0,1,0.0,0
2131,Autumn Sonata (Höstsonaten) (1978),Drama,2.5,2,0.002976190476190476,1
33834,Land of the Dead (2005),Action|Horror|Thriller,3.3333333333333335,6,0.01488095238095238,0
7405,Road to Bali (1952),Comedy|Musical,3.0,1,0.0,0
87700,Apart from You (After Our Separation) (Kimi to wakarete) (1933),Drama,2.5,1,0.0,0
3208,Loaded Weapon 1 (National Lampoon's Loaded Weapon 1) (1993),Action|Comedy,2.0,8,0.020833333333333332,0
112552,Whiplash (2014),Drama,4.75,2,0.002976190476190476,1
42009,Cheaper by the Dozen 2 (2005),Adventure|Comedy,2.0,3,0.005952380952380952,0
46850,Wordplay (2006),Documentary,4.0,3,0.005952380952380952,0
59429,American Pie Presents Beta House (American Pie 6: Beta House) (2007),Comedy,2.0,2,0.002976190476190476,0
5825,"Life and Death of Colonel Blimp, The (1943)",Drama|Romance|War,3.5,1,0.0,0
7437,Connie and Carla (2004),Comedy,2.25,2,0.002976190476190476,1
76091,Mother (Madeo) (2009),Crime|Drama|Mystery|Thriller,3.0,1,0.0,0
5223,Pauline & Paulette (Pauline en Paulette) (2001),Comedy|Drama,0.5,1,0.0,0
3760,"Kentucky Fried Movie, The (1977)",Comedy,3.0,5,0.011904761904761904,0
60950,Vicky Cristina Barcelona (2008),Comedy|Drama|Romance,3.65,10,0.026785714285714284,1
113218,Space Milkshake (2012),Comedy|Sci-Fi,1.0,1,0.0,0
7781,Twister (1990),Comedy,3.8333333333333335,3,0.005952380952380952,1
8451,Blackboard Jungle (1955),Drama,4.0,1,0.0,1
87520,Transformers: Dark of the Moon (2011),Action|Adventure|Sci-Fi|War|IMAX,3.0,3,0.005952380952380952,0
1791,Twilight (1998),Crime|Drama|Thriller,3.5,1,0.0,0
8608,"Butcher, The (Boucher, Le) (1970)",Drama|Thriller,4.0,1,0.0,1
33819,Heights (2004),Drama,4.0,1,0.0,1
86884,"Kid With a Bike, The (Le gamin au vélo) (2011)",Drama,3.0,1,0.0,0
6794,Beethoven's 2nd (1993),Children|Comedy,1.9375,8,0.020833333333333332,0
3445,Eyes of Laura Mars (1978),Mystery|Thriller,3.5,2,0.002976190476190476,0
7457,Breakin' All the Rules (2004),Comedy|Romance,0.5,1,0.0,0
7835,Song of the Thin Man (1947),Comedy|Crime|Drama|Musical|Mystery|Romance,3.6666666666666665,3,0.005952380952380952,1
59014,Superhero Movie (2008),Action|Comedy|Sci-Fi,2.25,2,0.002976190476190476,0
74948,Harry Brown (2009),Crime|Drama|Thriller,4.5,1,0.0,1
59727,"Strangers, The (2008)",Horror|Thriller,2.7,5,0.011904761904761904,0
4738,Happy Accidents (2000),Romance|Sci-Fi,3.5714285714285716,7,0.017857142857142856,0
6572,Scorched (2003),Comedy|Crime,2.0,1,0.0,0
73881,3 Idiots (2009),Comedy|Drama|Romance,4.5,1,0.0,1
5068,Beijing Bicycle (Shiqi sui de dan che) (2001),Drama,3.25,2,0.002976190476190476,0
5167,My Favorite Brunette (1947),Comedy|Mystery,4.5,1,0.0,1
7241,Kanal (1957),Drama|War,4.0,2,0.002976190476190476,1
50064,"Good German, The (2006)",Drama|Mystery|Thriller,3.5,1,0.0,0
5451,Pumpkin (2002),Comedy|Drama|Romance,3.25,2,0.002976190476190476,0
55241,Mr. Woodcock (2007),Comedy,2.6666666666666665,3,0.005952380952380952,0
5891,I Spit on Your Grave (Day of the Woman) (1978),Horror|Thriller,3.5,2,0.002976190476190476,1
63436,Saw V (2008),Crime|Horror|Thriller,1.5,4,0.008928571428571428,0
6022,American Me (1992),Drama,3.5,2,0.002976190476190476,0
118082,The Voices (2014),Comedy|Crime|Thriller,4.0,1,0.0,1
26776,Porco Rosso (Crimson Pig) (Kurenai no buta) (1992),Adventure|Animation|Comedy|Fantasy|Romance,3.8,5,0.011904761904761904,1
84944,Rango (2011),Action|Adventure|Animation|Children|Comedy|Western,3.75,4,0.008928571428571428,0
650,Moll Flanders (1996),Drama,3.0,2,0.002976190476190476,0
7834,After the Thin Man (1936),Comedy|Crime|Mystery|Romance,4.333333333333333,3,0.005952380952380952,1
85179,Summer Wars (Samâ wôzu) (2009),Adventure|Animation|Comedy|Sci-Fi,4.166666666666667,3,0.005952380952380952,0
26150,Andrei Rublev (Andrey Rublyov) (1969),Drama|War,4.833333333333333,3,0.005952380952380952,1
54785,Halloween (2007),Horror,3.5,2,0.002976190476190476,0
103755,Turbo (2013),Adventure|Animation|Children|Comedy|Fantasy,3.0,1,0.0,0
6327,"Decade Under the Influence, A (2003)",Documentary,2.0,2,0.002976190476190476,0
3392,She-Devil (1989),Comedy,2.1666666666666665,3,0.005952380952380952,0
77479,Letting Go of God (2008),Comedy|Documentary,3.0,1,0.0,0
4312,Himalaya (Himalaya - l'enfance d'un chef) (1999),Adventure|Drama,5.0,1,0.0,1
5248,Smokey and the Bandit III (1983),Action|Comedy,2.2,5,0.011904761904761904,0
7335,Pickup on South Street (1953),Film-Noir,4.5,2,0.002976190476190476,1
112171,"Equalizer, The (2014)",Action|Crime|Thriller,2.5,1,0.0,0
26052,Pickpocket (1959),Crime|Drama,5.0,2,0.002976190476190476,1
26712,35 Up (1991),Documentary,4.5,2,0.002976190476190476,1
99220,Quartet (2012),Comedy|Drama,3.0,1,0.0,0
86142,13 Assassins (Jûsan-nin no shikaku) (2010),Action,3.25,4,0.008928571428571428,0
2653,Son of Dracula (1943),Horror,3.25,2,0.002976190476190476,0
81782,Unstoppable (2010),Action|Drama|Thriller,3.5,4,0.008928571428571428,0
89047,Hesher (2010),Drama,3.5,1,0.0,0
4697,Basket Case (1982),Comedy|Horror,2.5,2,0.002976190476190476,0
2236,Simon Birch (1998),Drama,3.7857142857142856,7,0.017857142857142856,0
217,"Babysitter, The (1995)",Drama|Thriller,3.0,2,0.002976190476190476,0
2848,"Othello (Tragedy of Othello: The Moor of Venice, The) (1952)",Drama,4.0,3,0.005952380952380952,1
78207,Brief Interviews with Hideous Men (2009),Comedy|Drama,2.0,1,0.0,0
5685,Real Women Have Curves (2002),Comedy|Drama,4.75,2,0.002976190476190476,1
4342,Big Eden (2000),Drama|Romance,2.0,1,0.0,0
99917,Upstream Color (2013),Romance|Sci-Fi|Thriller,3.0,1,0.0,0
27251,"10th Kingdom, The (2000)",Adventure|Comedy|Fantasy,4.0,1,0.0,1
73266,Youth in Revolt (2009),Comedy|Drama|Romance,3.5,1,0.0,0
62293,"Duchess, The (2008)",Drama|Romance,4.0,1,0.0,1
6883,Sylvia (2003),Drama|Romance,2.75,2,0.002976190476190476,0
3008,Last Night (1998),Drama|Sci-Fi,3.0,3,0.005952380952380952,1
5864,"Tarzan, the Ape Man (1981)",Adventure,2.0,3,0.005952380952380952,0
25886,Random Harvest (1942),Drama|Romance,3.0,1,0.0,0
50740,Seven Up! (1964),Documentary,4.0,3,0.005952380952380952,1
27731,"Cat Returns, The (Neko no ongaeshi) (2002)",Adventure|Animation|Children|Fantasy,3.875,4,0.008928571428571428,0
7891,"Last Man on Earth, The (Ultimo uomo della Terra, L') (1964)",Drama|Horror|Sci-Fi,3.5,1,0.0,0
3548,Auntie Mame (1958),Comedy|Drama,4.6,5,0.011904761904761904,1
6412,Destry Rides Again (1939),Comedy|Western,3.5,3,0.005952380952380952,1
1867,Tarzan and the Lost City (1998),Action|Adventure,2.25,2,0.002976190476190476,0
3214,American Flyers (1985),Drama,3.0,2,0.002976190476190476,0
67508,"Baader Meinhof Komplex, Der (2008)",Action|Crime|Drama|Thriller,4.0,2,0.002976190476190476,1
128688,Kolmistaan (2008),Drama|Romance,3.5,1,0.0,0
4185,Elvis: That's the Way It Is (1970),Documentary,4.0,2,0.002976190476190476,1
1474,Jungle2Jungle (a.k.a. Jungle 2 Jungle) (1997),Children|Comedy,2.5833333333333335,6,0.01488095238095238,0
3901,Duets (2000),Comedy|Drama,3.4,5,0.011904761904761904,1
71823,"New York, I Love You (2009)",Drama|Romance,2.5,1,0.0,0
5935,Class of 1984 (1982),Action|Drama|Thriller,1.25,2,0.002976190476190476,0
73268,Daybreakers (2010),Action|Drama|Horror|Thriller,3.125,4,0.008928571428571428,1
70336,G.I. Joe: The Rise of Cobra (2009),Action|Adventure|Sci-Fi|Thriller,3.0,2,0.002976190476190476,0
44657,Mouchette (1967),Drama,3.0,1,0.0,0
1875,Clockwatchers (1997),Comedy,4.0,3,0.005952380952380952,1
6235,Europa Europa (Hitlerjunge Salomon) (1990),Drama|War,4.25,4,0.008928571428571428,1
1896,Cousin Bette (1998),Comedy,2.8333333333333335,3,0.005952380952380952,0
108979,Cowboy Bebop (1998),Action|Adventure|Animation|Crime|Sci-Fi,4.5,3,0.005952380952380952,1
2092,"Return of Jafar, The (1994)",Adventure|Animation|Children|Fantasy|Musical|Romance,2.0,9,0.023809523809523808,0
7584,Woman of the Year (1942),Comedy|Romance,4.166666666666667,3,0.005952380952380952,1
41136,"Driver, The (1978)",Action|Crime|Film-Noir,5.0,1,0.0,1
7769,Legend of the Village Warriors (Bangrajan) (2000),Action|Drama|War,4.0,1,0.0,1
5099,Heidi (1937),Children|Drama,3.5,1,0.0,0
73319,Leap Year (2010),Comedy|Romance,3.375,4,0.008928571428571428,0
941,"Mark of Zorro, The (1940)",Adventure,3.6666666666666665,3,0.005952380952380952,1
42007,Rumor Has It... (2005),Comedy|Drama|Romance,3.125,4,0.008928571428571428,0
5977,Where's Poppa? (1970),Comedy,3.0,2,0.002976190476190476,0
1414,Mother (1996),Comedy,3.6666666666666665,6,0.01488095238095238,0
771,"Life Is Rosy (a.k.a. Life Is Beautiful) (Vie est belle, La) (1987)",Comedy|Drama,3.6666666666666665,3,0.005952380952380952,1
2679,Finding North (1998),Comedy|Drama|Romance,4.0,1,0.0,1
3086,March of the Wooden Soldiers (a.k.a. Babes in Toyland) (1934),Children|Comedy|Fantasy,4.0,3,0.005952380952380952,1
8610,All of Me (1984),Comedy|Fantasy,3.5,4,0.008928571428571428,1
5316,Enigma (2001),Romance|Thriller,4.5,3,0.005952380952380952,1
93570,Bedevilled (Kim Bok-nam salinsageonui jeonmal) (2010),Crime|Drama|Horror,3.0,1,0.0,0
7560,Fail-Safe (1964),Drama|Thriller|War,4.125,4,0.008928571428571428,1
103107,20 Feet from Stardom (Twenty Feet from Stardom) (2013),Documentary,2.5,1,0.0,0
200,"Tie That Binds, The (1995)",Thriller,2.0,1,0.0,0
2801,Oscar and Lucinda (a.k.a. Oscar & Lucinda) (1997),Drama|Romance,4.0,2,0.002976190476190476,1
70183,"Ugly Truth, The (2009)",Comedy|Drama|Romance,3.75,6,0.01488095238095238,1
80748,Alice in Wonderland (1933),Adventure|Children|Fantasy,4.0,1,0.0,1
50189,American Pie Presents The Naked Mile (American Pie 5: The Naked Mile) (2006),Comedy|Romance,0.75,2,0.002976190476190476,0
6484,Hollywood Homicide (2003),Action|Crime|Drama,3.0,3,0.005952380952380952,0
87234,Submarine (2010),Comedy|Drama|Romance,4.0,1,0.0,1
25750,Sherlock Jr. (1924),Comedy|Fantasy|Romance,4.3,5,0.011904761904761904,1
59220,Outsourced (2006),Comedy|Romance,4.166666666666667,3,0.005952380952380952,1
1940,Gentleman's Agreement (1947),Drama,3.6666666666666665,3,0.005952380952380952,0
854,"Ballad of Narayama, The (Narayama Bushiko) (1958)",Drama,4.666666666666667,3,0.005952380952380952,1
3211,"Cry in the Dark, A (1988)",Drama,2.5,2,0.002976190476190476,0
240,Hideaway (1995),Thriller,2.4,5,0.011904761904761904,0
5268,No Such Thing (2001),Drama|Fantasy|Romance,2.0,1,0.0,0
4043,At Close Range (1986),Crime|Drama,4.0,2,0.002976190476190476,1
90522,Johnny English Reborn (2011),Adventure|Comedy|Thriller,3.75,2,0.002976190476190476,0
6382,Together (Han ni Zai Yiki) (2002),Drama,4.0,1,0.0,1
1437,"Cement Garden, The (1993)",Drama,5.0,1,0.0,1
89939,Gigi (1949),Comedy,4.5,1,0.0,1
7081,I'm No Angel (1933),Comedy,2.5,1,0.0,0
36527,Proof (2005),Drama,3.4,5,0.011904761904761904,1
6563,Masked & Anonymous (2003),Comedy|Drama,2.0,3,0.005952380952380952,0
456,Fresh (1994),Crime|Drama|Thriller,3.25,4,0.008928571428571428,1
5305,Return of the Killer Tomatoes! (1988),Comedy|Horror|Sci-Fi,1.5,2,0.002976190476190476,0
3343,And God Created Woman (1988),Comedy|Drama|Romance,3.0,1,0.0,0
1554,"Pillow Book, The (1996)",Drama|Romance,3.0,6,0.01488095238095238,1
5478,Eight Legged Freaks (2002),Action|Comedy|Horror|Sci-Fi,2.125,4,0.008928571428571428,0
39435,"Legend of Zorro, The (2005)",Action|Adventure|Drama|Western,3.0,6,0.01488095238095238,0
2147,"Clan of the Cave Bear, The (1986)",Adventure|Drama|Fantasy,2.875,4,0.008928571428571428,0
117444,Song of the Sea (2014),Animation|Children|Fantasy,4.0,1,0.0,1
6120,Q: The Winged Serpent (1982),Drama|Fantasy|Horror|Sci-Fi|Thriller,2.75,2,0.002976190476190476,0
1683,"Wings of the Dove, The (1997)",Drama|Romance,4.2,5,0.011904761904761904,1
512,"Puppet Masters, The (1994)",Horror|Sci-Fi,3.0,3,0.005952380952380952,0
8012,Kikujiro (Kikujirô no natsu) (1999),Comedy|Drama,4.0,1,0.0,1
82564,"Last of the Mohicans, The (1936)",Adventure|Drama|War,3.0,1,0.0,0
1595,Free Willy 3: The Rescue (1997),Adventure|Children|Drama,2.4,5,0.011904761904761904,1
55020,"Ten, The (2007)",Comedy,2.5,1,0.0,0
3042,Meatballs III (1987),Comedy,0.75,2,0.002976190476190476,0
2782,"Pit and the Pendulum, The (1961)",Horror,5.0,1,0.0,1
1739,3 Ninjas: High Noon On Mega Mountain (1998),Action|Children|Comedy,1.8333333333333333,6,0.01488095238095238,0
7391,"Mother, Jugs & Speed (1976)",Comedy,3.0,1,0.0,0
710,Celtic Pride (1996),Comedy,3.6666666666666665,6,0.01488095238095238,0
851,Basquiat (1996),Drama,3.6666666666666665,3,0.005952380952380952,1
7095,Looking for Mr. Goodbar (1977),Drama,3.0,1,0.0,0
4108,Five Corners (1987),Drama,2.0,1,0.0,0
5867,Thief (1981),Crime|Drama|Thriller,3.75,2,0.002976190476190476,0
82129,"Passionate Friends, The (a.k.a. One Woman's Story) (1949)",Drama,4.0,1,0.0,1
1902,Dream for an Insomniac (1996),Drama|Romance,1.5,2,0.002976190476190476,0
2462,Texas Chainsaw Massacre: The Next Generation (a.k.a. The Return of the Texas Chainsaw Massacre) (1994),Horror,2.3333333333333335,3,0.005952380952380952,1
4916,Midway (1976),Drama|War,3.6666666666666665,3,0.005952380952380952,0
25927,"Stranger, The (1946)",Drama|Film-Noir|Thriller,3.25,2,0.002976190476190476,1
4729,Aberdeen (2000),Drama,4.0,1,0.0,1
5809,Femme Fatale (2002),Crime|Thriller,3.3333333333333335,3,0.005952380952380952,0
69072,The Winslow Boy (1948),Children|Crime|Drama,3.0,1,0.0,0
4553,They Live (1988),Action|Sci-Fi|Thriller,3.5,4,0.008928571428571428,0
63181,Tokyo Gore Police (Tôkyô zankoku keisatsu) (2008),Action|Horror,2.0,1,0.0,0
4351,Point Break (1991),Action|Crime|Thriller,3.53125,16,0.04464285714285714,1
6345,"Chorus Line, A (1985)",Comedy|Drama|Musical,3.125,4,0.008928571428571428,1
104241,Kick-Ass 2 (2013),Action|Comedy|Crime,3.6666666666666665,3,0.005952380952380952,0
53318,Cashback (2006),Comedy|Drama|Romance,4.333333333333333,3,0.005952380952380952,1
7364,Intermission (2003),Comedy|Crime|Drama,3.5,3,0.005952380952380952,0
26555,Spies Like Us (1985),Comedy,3.0,1,0.0,0
6927,"Human Stain, The (2003)",Drama|Romance|Thriller,3.3,5,0.011904761904761904,0
96667,Ai Weiwei: Never Sorry (2012),Documentary,2.5,1,0.0,0
7762,"Tinker, Tailor, Soldier, Spy (1979)",Drama|Thriller,2.25,2,0.002976190476190476,1
67734,Adventureland (2009),Comedy|Drama,3.5,4,0.008928571428571428,0
6730,Convoy (1978),Action|Comedy|Drama,3.5,1,0.0,0
80551,Eat Pray Love (2010),Drama|Romance,5.0,1,0.0,1
72919,Did You Hear About the Morgans? (2009),Comedy|Crime|Drama|Romance,3.0,2,0.002976190476190476,0
25850,Holiday (1938),Comedy|Drama|Romance,3.0,1,0.0,0
83086,Burlesque (2010),Drama|Musical|Romance,5.0,1,0.0,1
62203,Martyrs (2008),Horror,3.5,1,0.0,0
7116,Diabolique (Les diaboliques) (1955),Horror|Mystery|Thriller,4.2,5,0.011904761904761904,1
50651,Kenny (2006),Comedy,3.25,4,0.008928571428571428,0
48518,"Texas Chainsaw Massacre: The Beginning, The (2006)",Horror|Thriller,2.6666666666666665,3,0.005952380952380952,0
83134,Tucker & Dale vs Evil (2010),Comedy|Horror,2.75,6,0.01488095238095238,0
103690,Everything (2004),Drama|Mystery,4.0,1,0.0,1
5526,"Isle, The (Seom) (2000)",Drama,4.0,1,0.0,1
50912,"Paris, I Love You (Paris, je t'aime) (2006)",Romance,4.25,4,0.008928571428571428,1
6616,Grind (2003),Action|Comedy,3.5,1,0.0,0
1854,Kissing a Fool (1998),Comedy|Romance,3.0,1,0.0,0
4724,On the Edge (2001),Drama,3.5,1,0.0,0
78247,"Drawn Together Movie: The Movie!, The (2010)",Animation|Comedy,2.0,1,0.0,0
8745,"World of Suzie Wong, The (1960)",Drama|Romance,1.5,1,0.0,0
6495,Experiment in Terror (1962),Crime|Thriller,2.75,2,0.002976190476190476,0
5108,John Q (2002),Crime|Drama|Thriller,3.6,5,0.011904761904761904,1
6976,Tales from the Crypt (1972),Horror,2.5,4,0.008928571428571428,1
6646,Valley of the Dolls (1967),Drama,2.5,2,0.002976190476190476,0
3789,"Pawnbroker, The (1964)",Drama,3.5,2,0.002976190476190476,0
3892,Anatomy (Anatomie) (2000),Horror,1.0,2,0.002976190476190476,0
1236,Trust (1990),Comedy|Drama|Romance,3.25,4,0.008928571428571428,1
518,"Road to Wellville, The (1994)",Comedy,2.3,5,0.011904761904761904,0
5242,Serial (1980),Comedy,3.5,1,0.0,0
3399,Sesame Street Presents Follow That Bird (1985),Children|Comedy,3.5,3,0.005952380952380952,1
6051,"Harder They Come, The (1973)",Action|Crime|Drama,5.0,1,0.0,1
7484,Gimme Shelter (1970),Documentary,4.25,4,0.008928571428571428,1
4450,Bully (2001),Crime|Drama|Thriller,3.5,4,0.008928571428571428,1
5940,Eating Raoul (1982),Comedy,3.5,2,0.002976190476190476,0
487,Lightning Jack (1994),Comedy|Western,4.0,2,0.002976190476190476,1
5996,Sonny (2002),Crime|Drama,3.5,1,0.0,0
2755,Light of Day (1987),Drama,3.0,2,0.002976190476190476,0
1123,"Perfect Candidate, A (1996)",Documentary,4.0,1,0.0,1
5640,"Godzilla, King of the Monsters! (Kaijû-ô Gojira) (1956)",Horror|Sci-Fi,2.7,5,0.011904761904761904,0
3710,Action Jackson (1988),Action|Comedy|Crime|Thriller,2.0,3,0.005952380952380952,0
8502,Show Boat (1951),Drama|Musical|Romance,3.75,2,0.002976190476190476,1
33558,"Snow Walker, The (2003)",Adventure|Drama,3.5,1,0.0,0
86295,Scream 4 (2011),Comedy|Horror|Mystery|Thriller,3.0,2,0.002976190476190476,1
51088,Reno 911!: Miami (2007),Comedy,4.0,2,0.002976190476190476,1
93498,Game Change (2012),Drama,4.0,1,0.0,1
58315,"Love Guru, The (2008)",Comedy,0.5,1,0.0,0
4544,Short Circuit 2 (1988),Comedy|Sci-Fi,2.25,6,0.01488095238095238,0
8542,"Day at the Races, A (1937)",Comedy|Musical,4.0,1,0.0,1
680,"Alphaville (Alphaville, une étrange aventure de Lemmy Caution) (1965)",Drama|Mystery|Romance|Sci-Fi|Thriller,3.7,5,0.011904761904761904,0
56167,Om Shanti Om (2007),Action|Drama|Musical|Romance,2.75,2,0.002976190476190476,1
85394,Cave of Forgotten Dreams (2010),Documentary,4.5,1,0.0,1
26294,My Name Is Nobody (Il Mio nome è Nessuno) (1973),Comedy|Western,2.25,2,0.002976190476190476,0
6349,Breakin' (1984),Drama|Musical,3.0,1,0.0,0
2113,Graveyard Shift (Stephen King's Graveyard Shift) (1990),Horror|Thriller,3.2,5,0.011904761904761904,1
4557,Tucker: The Man and His Dream (1988),Drama,2.5,4,0.008928571428571428,0
5497,Our Man Flint (1965),Adventure|Comedy|Sci-Fi,1.0,1,0.0,0
71211,"Informant!, The (2009)",Comedy|Crime|Drama|Thriller,3.0,4,0.008928571428571428,0
51884,"Namesake, The (2006)",Drama|Romance,3.5,2,0.002976190476190476,1
40581,Just Friends (2005),Comedy|Romance,2.25,2,0.002976190476190476,0
62849,RocknRolla (2008),Action|Crime,3.65,10,0.026785714285714284,1
41716,"Matador, The (2005)",Comedy|Drama|Thriller,3.6666666666666665,6,0.01488095238095238,1
2904,Rain (1932),Drama,4.0,1,0.0,1
85261,Mars Needs Moms (2011),Action|Adventure|Animation|Children|Comedy|Sci-Fi|IMAX,1.0,1,0.0,0
1900,"Children of Heaven, The (Bacheha-Ye Aseman) (1997)",Comedy|Drama,3.75,2,0.002976190476190476,1
5591,Monkey Trouble (1994),Children|Comedy,2.5,2,0.002976190476190476,0
97165,"Marshal of Finland, The (Suomen Marsalkka) (2012)",Drama|Romance,2.0,1,0.0,0
79073,When You're Strange (2009),Documentary,5.0,1,0.0,1
76241,Shakthi: The Power (2002),Action|Drama,4.5,1,0.0,1
1546,Schizopolis (1996),Comedy,2.1666666666666665,3,0.005952380952380952,0
97936,Anna Karenina (2012),Drama,4.5,1,0.0,1
81512,Hereafter (2010),Drama|Fantasy,3.3333333333333335,3,0.005952380952380952,0
3310,"Kid, The (1921)",Comedy|Drama,3.7,5,0.011904761904761904,1
80330,Offside (2006),Comedy|Drama,1.5,1,0.0,0
2179,Topaz (1969),Thriller,5.0,1,0.0,1
26002,Confidential Report (1955),Crime|Drama|Mystery|Thriller,3.5,2,0.002976190476190476,1
3119,Bay of Blood (a.k.a. Twitch of the Death Nerve) (Reazione a catena) (1971),Horror,2.5,1,0.0,0
4428,"Misfits, The (1961)",Comedy|Drama|Romance|Western,3.5,2,0.002976190476190476,0
47261,"Night Listener, The (2006)",Fantasy|Mystery|Thriller,2.5,1,0.0,0
2493,"Harmonists, The (1997)",Drama,3.3333333333333335,3,0.005952380952380952,1
72751,Two Rode Together (1961),Western,3.5,1,0.0,0
2633,"Mummy, The (1932)",Horror|Romance,3.3,5,0.011904761904761904,1
6170,"Black Stallion, The (1979)",Adventure|Children|Drama,2.8333333333333335,3,0.005952380952380952,0
505,North (1994),Comedy,2.357142857142857,7,0.017857142857142856,0
7002,Mindwalk (1990),Drama,4.5,1,0.0,1
6542,"Cuckoo, The (Kukushka) (2002)",Comedy|Drama|War,4.5,2,0.002976190476190476,1
6569,Hotel (2001),Comedy,3.5,1,0.0,0
522,Romper Stomper (1992),Action|Drama,3.2142857142857144,7,0.017857142857142856,0
6582,Remo Williams: The Adventure Begins (1985),Action|Comedy|Crime|Thriller,3.0,1,0.0,0
26172,Point Blank (1967),Action|Crime|Drama|Thriller,4.0,3,0.005952380952380952,1
7001,Invasion of the Body Snatchers (1978),Horror|Mystery|Sci-Fi|Thriller,4.111111111111111,9,0.023809523809523808,0
6358,Kiss Me Kate (1953),Comedy|Musical|Romance,3.6666666666666665,3,0.005952380952380952,0
50011,"Bothersome Man, The (Brysomme mannen, Den) (2006)",Comedy|Drama|Fantasy|Mystery,4.0,2,0.002976190476190476,1
963,"Inspector General, The (1949)",Musical,4.125,4,0.008928571428571428,1
3529,"Postman Always Rings Twice, The (1981)",Crime|Thriller,3.875,4,0.008928571428571428,0
4129,Made in Heaven (1987),Fantasy|Romance,3.0,1,0.0,0
59709,"Oxford Murders, The (2007)",Crime|Mystery|Romance|Thriller,3.25,2,0.002976190476190476,0
556,"War Room, The (1993)",Documentary,3.5,3,0.005952380952380952,0
6551,"Anarchist Cookbook, The (2002)",Comedy|Romance,1.0,1,0.0,0
93721,Jiro Dreams of Sushi (2011),Documentary,3.5,1,0.0,0
4440,"Big Boss, The (Fists of Fury) (Tang shan da xiong) (1971)",Action|Thriller,4.0,3,0.005952380952380952,0
90428,Margaret (2011),Drama,4.5,1,0.0,1
8612,Lassie Come Home (1943),Adventure|Children|Drama,2.25,2,0.002976190476190476,0
5842,Too Beautiful for You (Trop belle pour toi) (1989),Comedy|Drama|Romance,2.0,1,0.0,0
6245,Sweet Charity (1969),Comedy|Drama|Musical|Romance,3.6,5,0.011904761904761904,0
27002,From the Earth to the Moon (1998),Action|Documentary|Drama|Thriller,4.75,2,0.002976190476190476,1
2835,Chill Factor (1999),Action|Adventure|Comedy|Thriller,1.0,3,0.005952380952380952,0
3804,H.O.T.S. (1979),Comedy,1.5,2,0.002976190476190476,0
702,Faces (1968),Drama,1.0,1,0.0,0
7614,Oklahoma! (1955),Musical|Romance|Western,2.5,3,0.005952380952380952,0
8785,Early Summer (Bakushû) (1951),Drama,5.0,1,0.0,1
3015,Coma (1978),Thriller,3.7,5,0.011904761904761904,0
387,"Low Down Dirty Shame, A (1994)",Action|Comedy,1.6666666666666667,3,0.005952380952380952,0
85736,BURN-E (2008),Adventure|Animation|Children|Sci-Fi,3.1666666666666665,3,0.005952380952380952,0
60763,American Teen (2008),Documentary,3.5,1,0.0,0
8869,First Daughter (2004),Comedy|Romance,3.1,5,0.011904761904761904,0
104132,Zombies of Mora Tau (1957),Horror,2.0,1,0.0,0
31952,Control (Kontroll) (2003),Comedy|Crime|Drama|Mystery,5.0,1,0.0,1
4574,Blind Fury (1989),Action|Thriller,2.5,1,0.0,0
49347,Fast Food Nation (2006),Drama,3.5,5,0.011904761904761904,0
31485,"Professionals, The (1966)",Western,3.0,1,0.0,0
5421,"Dangerous Lives of Altar Boys, The (2002)",Drama,3.4166666666666665,6,0.01488095238095238,0
7222,Reefer Madness (a.k.a. Tell Your Children) (1938),Comedy|Drama,2.0,1,0.0,0
91266,Another Cinderella Story (2008),Children|Comedy|Musical|Romance,4.5,1,0.0,1
1992,Child's Play 2 (1990),Horror|Thriller,2.0,4,0.008928571428571428,0
47446,"Moustache, La (2005)",Drama|Mystery|Thriller,3.5,1,0.0,0
4083,Best Seller (1987),Thriller,3.8333333333333335,3,0.005952380952380952,1
5113,After the Fox (Caccia alla volpe) (1966),Comedy|Crime,2.0,1,0.0,0
6268,Raising Victor Vargas (2002),Comedy|Drama|Romance,3.5,4,0.008928571428571428,1
87405,Daydream Nation (2010),Drama|Romance,3.5,1,0.0,0
70206,"Collector, The (2009)",Crime|Horror|Thriller,3.0,1,0.0,0
60382,Roman Polanski: Wanted and Desired (2008),Documentary,3.5,2,0.002976190476190476,1
80969,Never Let Me Go (2010),Drama|Romance|Sci-Fi,2.875,4,0.008928571428571428,0
7031,"Real McCoy, The (1993)",Action|Crime|Drama|Thriller,2.0,2,0.002976190476190476,0
79224,"Karate Kid, The (2010)",Action|Children|Drama,3.3333333333333335,3,0.005952380952380952,0
1399,Marvin's Room (1996),Drama,3.75,4,0.008928571428571428,0
55110,December Boys (2007),Drama,2.5,2,0.002976190476190476,0
33880,Me and You and Everyone We Know (2005),Comedy|Drama,3.8333333333333335,3,0.005952380952380952,1
632,Land and Freedom (Tierra y libertad) (1995),Drama|War,4.5,1,0.0,1
79720,Animal Kingdom (2010),Crime|Drama,3.875,4,0.008928571428571428,1
3522,Sacco and Vanzetti (Sacco e Vanzetti) (1971),Drama,2.0,1,0.0,0
90620,Mulan (2009),Action|Adventure|Drama|Romance,3.0,1,0.0,0
40574,Get Rich or Die Tryin' (2005),Action|Crime|Drama,3.0,1,0.0,0
54745,Rocket Science (2007),Comedy|Drama,3.5,2,0.002976190476190476,1
5383,"Hound of the Baskervilles, The (1959)",Crime|Horror|Mystery,2.5,3,0.005952380952380952,0
26694,Ju Dou (1990),Drama,5.0,1,0.0,1
7193,"Adventures of Ford Fairlane, The (1990)",Action|Comedy,2.625,4,0.008928571428571428,0
33683,High Tension (Haute tension) (Switchblade Romance) (2003),Horror|Thriller,1.875,4,0.008928571428571428,0
2240,My Bodyguard (1980),Drama,3.5,4,0.008928571428571428,0
6989,Gorky Park (1983),Crime|Drama|Thriller,3.5,1,0.0,0
108945,RoboCop (2014),Action|Crime|Sci-Fi|IMAX,3.1666666666666665,3,0.005952380952380952,0
5928,"Border, The (1982)",Drama,3.0,1,0.0,0
2652,"Curse of Frankenstein, The (1957)",Horror,4.0,2,0.002976190476190476,0
7478,Swimming to Cambodia (1987),Drama,4.0,2,0.002976190476190476,1
2195,Dirty Work (1998),Comedy,3.0,6,0.01488095238095238,1
63222,JCVD (2008),Action|Drama|Thriller,2.75,2,0.002976190476190476,0
114563,Gore Vidal: The United States of Amnesia (2013),Documentary,2.5,1,0.0,0
2689,Get Bruce (1999),Documentary,1.0,1,0.0,0
5318,Joshua (2002),Drama,3.0,1,0.0,0
5949,Intact (Intacto) (2001),Thriller,4.333333333333333,3,0.005952380952380952,1
3395,Nadine (1987),Comedy,2.5,2,0.002976190476190476,0
4127,"Like Father, Like Son (1987)",Comedy,3.0,1,0.0,0
4675,Three Fugitives (1989),Action|Comedy,3.75,2,0.002976190476190476,1
49263,Fuck (2005),Comedy|Documentary,3.25,2,0.002976190476190476,0
71691,Fifty Dead Men Walking (2008),Action|Drama|Thriller,3.5,1,0.0,0
103372,"Heat, The (2013)",Action|Comedy|Crime,3.25,2,0.002976190476190476,0
4155,Sweet November (2001),Drama|Romance,3.5,2,0.002976190476190476,1
49280,Bobby (2006),Drama,3.5,2,0.002976190476190476,0
5270,Teddy Bears' Picnic (2001),Comedy,1.0,1,0.0,0
6180,Q & A (1990),Crime|Drama,2.0,1,0.0,0
1053,Normal Life (1996),Crime|Drama|Romance,1.0,2,0.002976190476190476,0
106062,Jackass Presents: Bad Grandpa (2013),Comedy,2.0,1,0.0,0
26399,"5 Deadly Venoms, The (Wu du) (Five Deadly Venoms) (1978)",Action,5.0,1,0.0,1
8147,Charly (1968),Drama|Sci-Fi,4.25,2,0.002976190476190476,1
27812,Festival Express (2003),Documentary|Musical,4.0,1,0.0,1
7048,Nothing to Lose (1997),Action|Adventure|Comedy|Crime,3.5,3,0.005952380952380952,1
5120,Sleuth (1972),Comedy|Mystery|Thriller,3.8,5,0.011904761904761904,0
1412,Some Mother's Son (1996),Drama,3.5,1,0.0,0
4300,Bread and Roses (2000),Drama,3.0,1,0.0,0
69140,Sweeney Todd (2006),Crime|Drama|Horror|Thriller,3.5,3,0.005952380952380952,0
71264,Cloudy with a Chance of Meatballs (2009),Animation|Children|Fantasy|IMAX,2.8333333333333335,3,0.005952380952380952,0
79578,"Year of the Hare, The (Jäniksen vuosi) (1977)",Drama|Romance,4.0,1,0.0,1
93980,"Three Stooges, The (2012)",Comedy,3.5,1,0.0,0
7949,"Yakuza, The (1975)",Drama,3.5,3,0.005952380952380952,1
55555,"Edge of Heaven, The (Auf der anderen Seite) (2007)",Drama,4.5,2,0.002976190476190476,1
107990,"We and the I, The (2012)",Drama,3.5,1,0.0,0
74099,Virginia City (1940),Action|Drama|Romance|Western,4.5,1,0.0,1
6544,"Housekeeper, The (femme de ménage, Une) (2002)",Comedy|Drama|Romance,3.5,1,0.0,0
96075,Bleak House (2005),Drama,4.5,1,0.0,1
76173,Micmacs (Micmacs à tire-larigot) (2009),Comedy|Crime,5.0,1,0.0,1
3584,Breathless (1983),Action|Drama|Romance|Thriller,2.8333333333333335,3,0.005952380952380952,0
79599,Operation Endgame (2010),Action|Comedy|Drama,2.5,1,0.0,0
59141,Son of Rambow (2007),Children|Comedy|Drama,4.0,5,0.011904761904761904,1
62912,High School Musical 3: Senior Year (2008),Musical,0.5,1,0.0,0
5777,Pennies from Heaven (1981),Musical|Romance,2.0,2,0.002976190476190476,0
76175,Clash of the Titans (2010),Action|Adventure|Drama|Fantasy,3.1,5,0.011904761904761904,0
26702,"Reflecting Skin, The (1990)",Drama|Horror|Thriller,5.0,1,0.0,1
31522,"Marriage of Maria Braun, The (Ehe der Maria Braun, Die) (1979)",Drama,3.75,2,0.002976190476190476,1
5651,"Incredible Mr. Limpet, The (1964)",Animation|Comedy|War,4.5,2,0.002976190476190476,1
100159,Sightseers (2012),Comedy,3.25,2,0.002976190476190476,0
5249,Spetters (1980),Comedy|Drama,2.0,1,0.0,0
5422,"Emperor's New Clothes, The (2001)",Comedy,5.0,1,0.0,1
7354,Mad Dog and Glory (1993),Comedy|Drama|Romance,3.5,2,0.002976190476190476,1
45062,"Sentinel, The (2006)",Crime|Drama|Thriller,2.8,5,0.011904761904761904,0
32196,"Violent Cop (Sono otoko, kyôbô ni tsuki) (1989)",Action|Crime|Drama|Thriller,3.5,1,0.0,0
59362,Anamorph (2007),Crime|Thriller,2.0,1,0.0,0
34323,"Devil's Rejects, The (2005)",Action|Crime|Horror,2.8333333333333335,3,0.005952380952380952,1
4830,Brubaker (1980),Crime|Drama,4.0,1,0.0,1
92954,Prayers for Bobby (2009),Drama,4.0,1,0.0,1
27368,Asterix & Obelix: Mission Cleopatra (Astérix & Obélix: Mission Cléopâtre) (2002),Adventure|Comedy|Fantasy,4.0,2,0.002976190476190476,0
102123,This Is the End (2013),Action|Comedy,4.0,1,0.0,1
3124,Agnes Browne (1999),Comedy|Drama,4.5,2,0.002976190476190476,1
3390,Shanghai Surprise (1986),Adventure|Crime|Drama|Romance,1.5,2,0.002976190476190476,0
56333,"Savages, The (2007)",Comedy|Drama,3.1666666666666665,3,0.005952380952380952,0
27869,Tae Guk Gi: The Brotherhood of War (Taegukgi hwinalrimyeo) (2004),Action|Drama|War,4.5,2,0.002976190476190476,1
7271,Just Between Friends (1986),Drama,1.0,1,0.0,0
843,Lotto Land (1995),Drama,5.0,1,0.0,1
27790,Millions (2004),Children|Comedy|Crime|Drama|Fantasy,3.75,4,0.008928571428571428,0
80267,Comrade X (1940),Comedy|Drama,3.0,1,0.0,0
96621,Arthur and the Revenge of Maltazard (Arthur et la vengeance de Maltazard) (2009),Animation|Children|Fantasy,2.5,1,0.0,0
66691,"Thick as Thieves (a.k.a. Code, The) (2009)",Crime,3.0,1,0.0,0
57326,In the Name of the King: A Dungeon Siege Tale (2008),Action|Adventure|Fantasy,0.5,1,0.0,0
69516,"Limits of Control, The (2009)",Crime|Drama|Film-Noir,2.75,2,0.002976190476190476,0
3497,Max Dugan Returns (1983),Comedy,3.1666666666666665,3,0.005952380952380952,1
725,"Great White Hype, The (1996)",Comedy,3.1,5,0.011904761904761904,0
5639,Godzilla's Revenge (Gojira-Minira-Gabara: Oru Kaijû Daishingeki) (All Monsters Attack) (1969),Children,3.0,1,0.0,0
5375,"Harvey Girls, The (1946)",Comedy|Musical|Western,4.0,1,0.0,1
44004,Failure to Launch (2006),Comedy|Romance,3.25,2,0.002976190476190476,0
109997,Nobody Owns Me (Mig äger ingen) (2013),Drama,3.5,1,0.0,0
44777,Evil Aliens (2005),Comedy|Horror|Sci-Fi,4.5,1,0.0,1
83067,And Soon the Darkness (2010),Horror|Thriller,2.0,1,0.0,0
78772,"Twilight Saga: Eclipse, The (2010)",Fantasy|Romance|Thriller|IMAX,2.0,3,0.005952380952380952,0
8266,Purple Rain (1984),Drama|Musical,4.0,2,0.002976190476190476,1
50806,Norbit (2007),Comedy|Romance,3.0,1,0.0,0
50349,American Madness (1932),Drama,2.5,1,0.0,0
5853,Scanners (1981),Horror|Sci-Fi|Thriller,2.1666666666666665,3,0.005952380952380952,0
4988,White Water Summer (1987),Adventure,3.0,1,0.0,0
6971,Europa (Zentropa) (1991),Drama|Thriller,4.0,3,0.005952380952380952,0
53207,88 Minutes (2008),Crime|Drama|Mystery|Thriller,2.25,2,0.002976190476190476,0
1151,Faust (1994),Animation|Comedy|Thriller,4.5,2,0.002976190476190476,1
114945,Jack and the Cuckoo-Clock Heart (Jack et la mécanique du coeur) (2013),Adventure|Animation|Drama|Fantasy|Musical|Romance,3.0,1,0.0,0
27020,Gia (1998),Drama|Romance,3.5,3,0.005952380952380952,0
86898,"Tree of Life, The (2011)",Drama,3.875,4,0.008928571428571428,0
4326,Mississippi Burning (1988),Crime|Drama|Thriller,3.772727272727273,11,0.029761904761904757,0
26270,Lone Wolf and Cub: Baby Cart at the River Styx (Kozure Ôkami: Sanzu no kawa no ubaguruma) (1972),Action|Adventure,4.25,2,0.002976190476190476,0
1352,Albino Alligator (1996),Crime|Thriller,3.375,4,0.008928571428571428,1
73042,Alvin and the Chipmunks: The Squeakquel (2009),Animation|Children|Comedy|Musical,1.25,2,0.002976190476190476,0
88562,Our Beloved Month of August (Aquele Querido Mês de Agosto) (2008),Romance,3.5,1,0.0,0
78142,Baarìa (2009),Comedy|Drama|War,3.5,1,0.0,0
2821,Male and Female (1919),Adventure|Drama,3.5,1,0.0,0
71327,Bright Star (2009),Drama|Romance,3.6666666666666665,3,0.005952380952380952,0
1184,Mediterraneo (1991),Comedy|Drama,4.0,4,0.008928571428571428,1
70643,Bandslam (2009),Comedy|Drama|Musical,4.0,1,0.0,1
8499,Pretty Baby (1978),Drama,3.25,2,0.002976190476190476,0
1976,Friday the 13th Part 3: 3D (1982),Horror,2.227272727272727,11,0.029761904761904757,0
6576,Juggernaut (1974),Action|Thriller,3.5,1,0.0,0
7294,Welcome to Mooseport (2004),Comedy,3.0,1,0.0,0
7881,White Zombie (1932),Horror,3.0,1,0.0,0
3843,Sleepaway Camp (1983),Horror,3.5,1,0.0,0
51094,Gray Matters (2006),Comedy|Drama|Romance,3.0,1,0.0,0
40887,Lonesome Jim (2005),Drama|Romance,3.0,1,0.0,0
1600,She's So Lovely (1997),Drama|Romance,3.0,2,0.002976190476190476,0
88235,"Guard, The (2011)",Comedy|Crime,3.75,2,0.002976190476190476,0
6517,"Babe, The (1992)",Drama,3.5,1,0.0,0
47518,Accepted (2006),Comedy,3.25,4,0.008928571428571428,0
4965,"Business of Strangers, The (2001)",Action|Drama|Thriller,3.75,2,0.002976190476190476,0
5033,"Russia House, The (1990)",Drama|Thriller,3.5,5,0.011904761904761904,0
5226,All the Right Moves (1983),Drama|Romance,3.4,5,0.011904761904761904,0
3567,Bossa Nova (2000),Comedy|Drama|Romance,3.25,2,0.002976190476190476,0
53827,Sybil (1976),Drama,2.5,1,0.0,0
7071,"Woman Under the Influence, A (1974)",Drama,4.5,2,0.002976190476190476,1
58376,Zeitgeist: The Movie (2007),Documentary|War,4.166666666666667,3,0.005952380952380952,1
4608,"Innocent Man, An (1989)",Crime|Drama,3.75,2,0.002976190476190476,0
545,Harem (1985),Drama,3.0,1,0.0,0
8400,Wish You Were Here (1987),Comedy|Drama,4.0,1,0.0,1
30742,Some Came Running (1958),Drama|Romance,3.0,1,0.0,0
112890,Jimmy's Hall (2014),Drama,5.0,1,0.0,1
26379,Jesus of Nazareth (1977),Drama,3.5,1,0.0,0
857,Crows and Sparrows (Wuya yu maque) (1949),Drama,0.5,1,0.0,0
6868,Wonderland (2003),Crime|Drama|Mystery|Thriller,3.5,1,0.0,0
330,Tales from the Hood (1995),Action|Crime|Horror,3.25,6,0.01488095238095238,0
6663,"Pink Panther Strikes Again, The (1976)",Comedy|Crime,3.875,8,0.020833333333333332,1
4766,"Our Lady of the Assassins (Virgen de los sicarios, La) (2000)",Crime|Drama|Romance,3.0,1,0.0,0
6523,Mr. Baseball (1992),Comedy|Romance,2.5,2,0.002976190476190476,0
4191,Alfie (1966),Comedy|Drama|Romance,3.375,4,0.008928571428571428,0
8987,Bush's Brain (2004),Documentary,4.0,1,0.0,1
3102,Jagged Edge (1985),Crime|Romance|Thriller,3.4,5,0.011904761904761904,0
57401,Cleaner (2007),Crime|Thriller,3.0,2,0.002976190476190476,0
2007,Polish Wedding (1998),Comedy,3.0,4,0.008928571428571428,0
6629,House of Wax (1953),Crime|Horror|Mystery|Thriller,3.5,1,0.0,0
79428,Dinner for Schmucks (2010),Comedy,2.75,2,0.002976190476190476,1
6749,"Prince and the Pauper, The (1937)",Adventure|Drama,1.0,1,0.0,0
69203,Show (2003),Comedy|Crime|Drama,3.5,1,0.0,0
33672,Lords of Dogtown (2005),Action|Comedy|Drama,4.0,2,0.002976190476190476,1
6699,Once Upon a Time in the Midlands (2002),Drama,3.5,1,0.0,0
75,Big Bully (1996),Comedy|Drama,3.0,1,0.0,0
6812,"Rookie, The (1990)",Action|Comedy|Thriller,2.0,1,0.0,0
718,"Visitors, The (Visiteurs, Les) (1993)",Comedy|Fantasy|Sci-Fi,3.1,5,0.011904761904761904,0
80222,Step Up 3D (2010),Drama|Romance,4.5,1,0.0,1
7948,Wise Blood (1979),Comedy|Drama,2.5,1,0.0,0
3816,"Official Story, The (La historia oficial) (1985)",Drama,3.0,1,0.0,0
27402,Dagon (2001),Fantasy|Horror|Mystery|Thriller,3.0,1,0.0,0
102666,Ivan Vasilievich: Back to the Future (Ivan Vasilievich menyaet professiyu) (1973),Adventure|Comedy,5.0,1,0.0,1
3945,Digimon: The Movie (2000),Adventure|Animation|Children,1.0,1,0.0,0
4423,"Entertainer, The (1960)",Drama,4.75,2,0.002976190476190476,1
37545,Woyzeck (1979),Drama,3.5,1,0.0,0
106841,August: Osage County (2013),Comedy|Drama,3.0,2,0.002976190476190476,0
4737,"American Rhapsody, An (2001)",Drama,3.5,1,0.0,0
205,Unstrung Heroes (1995),Comedy|Drama,4.666666666666667,3,0.005952380952380952,1
6982,Forbidden Games (Jeux interdits) (1952),Drama|War,4.5,1,0.0,1
3436,Dying Young (1991),Drama|Romance,3.25,2,0.002976190476190476,0
42191,Luxo Jr. (1986),Animation|Children,3.5,1,0.0,0
65982,Outlander (2008),Action|Adventure|Sci-Fi,4.5,1,0.0,1
100344,No (2012),Drama,3.75,2,0.002976190476190476,0
6596,"Divorce, Le (2003)",Comedy|Drama|Romance,2.5,1,0.0,0
1989,Prom Night III: The Last Kiss (1989),Horror,2.75,2,0.002976190476190476,1
8928,"Fearless Vampire Killers, The (1967)",Comedy|Horror,2.5,2,0.002976190476190476,0
3616,Loser (2000),Comedy|Romance,1.9,5,0.011904761904761904,0
4572,Black Rain (1989),Action|Crime|Drama,3.1666666666666665,6,0.01488095238095238,0
26871,My Father the Hero (1994),Comedy|Romance,1.5,1,0.0,0
89356,Chinese Take-Out (Chinese Take-Away) (Un cuento chino) (2011),Comedy,5.0,1,0.0,1
2445,At First Sight (1999),Drama,2.3333333333333335,3,0.005952380952380952,0
41585,Kiss of Death (1947),Crime|Drama|Film-Noir,3.5,1,0.0,0
4540,Satisfaction (a.k.a. Girls of Summer) (1988),Comedy|Drama|Romance,2.5,1,0.0,0
3902,Goya in Bordeaux (Goya en Burdeos) (1999),Drama,4.0,1,0.0,1
66240,Dead Like Me: Life After Death (2009),Comedy|Fantasy,2.1666666666666665,3,0.005952380952380952,0
60030,Spiral (2007),Drama|Horror|Thriller,2.5,1,0.0,0
94815,Chicken with Plums (Poulet aux prunes) (2011),Drama,3.0,1,0.0,0
89844,"Dukes, The (2007)",Comedy|Crime|Drama,3.5,1,0.0,0
85259,Winnie the Pooh and the Honey Tree (1966),Animation|Children,4.0,1,0.0,1
31737,Bunny Lake Is Missing (1965),Mystery|Thriller,4.0,1,0.0,1
2773,Alice and Martin (Alice et Martin) (1998),Drama,2.5,1,0.0,0
2980,Men Cry Bullets (1997),Comedy|Drama,1.0,1,0.0,0
7637,Irma Vep (1996),Comedy|Drama,3.5,1,0.0,0
6032,"Little Romance, A (1979)",Comedy|Romance,3.8333333333333335,3,0.005952380952380952,0
54190,Across the Universe (2007),Drama|Fantasy|Musical|Romance,3.5,7,0.017857142857142856,1
706,Sunset Park (1996),Drama,2.0,1,0.0,0
31045,Daddy's Dyin'... Who's Got the Will? (1990),Comedy,2.5,1,0.0,0
2430,Mighty Joe Young (1949),Adventure|Children|Drama,3.0,3,0.005952380952380952,1
7813,FM (1978),Drama,5.0,1,0.0,1
45880,Marie Antoinette (2006),Drama|Romance,3.611111111111111,9,0.023809523809523808,0
618,Two Much (1995),Comedy|Romance,3.3333333333333335,3,0.005952380952380952,1
6273,In a Lonely Place (1950),Drama|Film-Noir|Mystery|Romance,2.0,1,0.0,0
6254,"Awful Truth, The (1937)",Comedy|Romance,4.333333333333333,3,0.005952380952380952,1
68793,Night at the Museum: Battle of the Smithsonian (2009),Action|Comedy|IMAX,2.625,4,0.008928571428571428,0
97648,Gangs of Wasseypur (2012),Crime|Drama,5.0,1,0.0,1
1942,All the King's Men (1949),Drama,3.3,5,0.011904761904761904,0
2749,"Morning After, The (1986)",Drama|Mystery,4.0,2,0.002976190476190476,1
64620,Frost/Nixon (2008),Drama,3.875,4,0.008928571428571428,0
8955,Undertow (2004),Crime|Drama|Thriller,3.5,1,0.0,0
50068,Letters from Iwo Jima (2006),Drama|War,3.8,5,0.011904761904761904,1
4533,"Return of the Living Dead, The (1985)",Comedy|Horror|Sci-Fi,3.25,4,0.008928571428571428,0
27624,Live from Baghdad (2002),Drama|War,4.0,1,0.0,1
4665,Shocker (1989),Horror,2.3333333333333335,3,0.005952380952380952,0
81910,"Art of the Steal, The (2009)",Documentary,5.0,1,0.0,1
2844,"Minus Man, The (1999)",Drama|Mystery,3.5,2,0.002976190476190476,0
5437,"Manhattan Project, The (1986)",Comedy|Sci-Fi|Thriller,3.75,2,0.002976190476190476,1
6409,Bend of the River (1952),Western,3.25,2,0.002976190476190476,0
4736,Summer Catch (2001),Comedy|Romance,2.5,2,0.002976190476190476,0
301,Picture Bride (Bijo photo) (1994),Drama|Romance,2.6666666666666665,3,0.005952380952380952,0
7179,Wuthering Heights (1992),Drama|Romance,4.0,1,0.0,1
5215,"Oh, Heavenly Dog! (1980)",Comedy|Crime,3.0,1,0.0,0
4813,When Worlds Collide (1951),Sci-Fi,2.5,1,0.0,0
95441,Ted (2012),Comedy|Fantasy,3.357142857142857,7,0.017857142857142856,0
5686,Russian Ark (Russkiy Kovcheg) (2002),Drama|Fantasy|War,2.625,4,0.008928571428571428,0
98019,Vexille (Bekushiru: 2077 Nihon sakoku) (2007),Action|Animation|Sci-Fi,3.0,1,0.0,0
1572,"Contempt (Mépris, Le) (1963)",Drama,3.375,4,0.008928571428571428,1
89028,Don't Be Afraid of the Dark (2010),Horror|Thriller,2.0,1,0.0,0
7782,Sniper (1993),Action|Drama,3.0,1,0.0,0
5470,The Importance of Being Earnest (1952),Comedy|Romance,4.833333333333333,3,0.005952380952380952,1
57534,"Eye, The (2008)",Drama|Horror|Thriller,1.8333333333333333,3,0.005952380952380952,0
2884,Dog Park (1998),Comedy|Romance,2.5,2,0.002976190476190476,0
27362,"Sometimes Happiness, Sometimes Sorrow (Kabhi Khushi Kabhie Gham) (2001)",Drama|Musical|Romance,4.5,1,0.0,1
4475,"Beast of War, The (Beast, The) (1988)",Drama|War,4.0,1,0.0,1
61986,Appaloosa (2008),Western,3.0,3,0.005952380952380952,0
3475,"Place in the Sun, A (1951)",Drama|Romance,3.6666666666666665,3,0.005952380952380952,1
49200,"Foreign Affair, A (1948)",Comedy|Romance,4.0,1,0.0,1
71670,All About Steve (2009),Comedy,3.0,1,0.0,0
48416,School for Scoundrels (2006),Comedy|Crime,3.125,4,0.008928571428571428,0
27792,"Saddest Music in the World, The (2003)",Comedy|Drama|Fantasy|Musical|Romance,1.5,1,0.0,0
8405,Hour of the Wolf (Vargtimmen) (1968),Drama|Horror,2.0,1,0.0,0
95007,Entr'acte (1924),Comedy|Drama,0.5,1,0.0,0
73876,Undisputed II: Last Man Standing (2006),Action|Crime|Drama,3.5,1,0.0,0
403,Two Crimes (Dos crímenes) (1995),Comedy|Crime|Drama,2.0,1,0.0,0
31427,Hide and Seek (2005),Horror|Mystery|Thriller,2.75,2,0.002976190476190476,0
238,Far From Home: The Adventures of Yellow Dog (1995),Adventure|Children,3.125,4,0.008928571428571428,1
5863,Take This Job and Shove It (1981),Comedy,2.0,1,0.0,0
4521,Little Nikita (1988),Drama,3.0,1,0.0,0
52037,Avenue Montaigne (Fauteuils d'orchestre) (2006),Comedy|Drama|Romance,3.0,1,0.0,0
4453,Michael Jordan to the Max (2000),Documentary|IMAX,2.0,1,0.0,0
5462,"Crocodile Hunter: Collision Course, The (2002)",Adventure|Comedy,1.25,2,0.002976190476190476,0
50583,Linda Linda Linda (2005),Comedy|Drama,3.5,1,0.0,0
4476,Big Business (1988),Comedy,3.6,5,0.011904761904761904,1
7086,Pygmalion (1938),Comedy|Drama,4.0,2,0.002976190476190476,1
34520,"Dukes of Hazzard, The (2005)",Action|Adventure|Comedy,2.7142857142857144,7,0.017857142857142856,0
27722,Last Life in the Universe (Ruang rak noi nid mahasan) (2003),Drama|Romance,4.5,1,0.0,1
97740,"3, 2, 1... Frankie Go Boom (Frankie Go Boom) (2012)",Comedy,2.0,1,0.0,0
93422,Starbuck (2011),Comedy,4.5,1,0.0,1
107348,Anchorman 2: The Legend Continues (2013),Comedy,3.5,1,0.0,0
3379,On the Beach (1959),Drama,4.166666666666667,3,0.005952380952380952,1
52975,Hairspray (2007),Comedy|Drama|Musical,3.125,4,0.008928571428571428,1
70687,Paper Heart (2009),Comedy|Documentary|Drama|Romance,3.5,2,0.002976190476190476,0
6885,In the Cut (2003),Crime|Drama|Mystery|Romance|Thriller,1.5,2,0.002976190476190476,0
127031,Pizzas (2012),Drama,3.0,1,0.0,0
2051,Herbie Goes to Monte Carlo (1977),Adventure|Children|Comedy,2.6,5,0.011904761904761904,0
7979,Monterey Pop (1968),Documentary|Musical,4.0,1,0.0,1
57147,Cassandra's Dream (2007),Crime|Drama|Thriller,3.0,1,0.0,0
31162,"Life and Death of Peter Sellers, The (2004)",Comedy|Drama,3.5,1,0.0,0
3239,Isn't She Great? (2000),Comedy,2.0,2,0.002976190476190476,0
41527,Paradise Now (2005),Crime|Drama|Thriller|War,4.0,2,0.002976190476190476,0
111659,Maleficent (2014),Action|Adventure|Children|IMAX,3.75,2,0.002976190476190476,0
6204,"Meteor Man, The (1993)",Comedy,2.0,1,0.0,0
55729,King of California (2007),Comedy,3.5,3,0.005952380952380952,1
2457,Running Scared (1986),Action|Comedy,3.6666666666666665,3,0.005952380952380952,1
2660,"Thing from Another World, The (1951)",Horror|Sci-Fi,3.5,5,0.011904761904761904,0
83332,Who Is Harry Nilsson (And Why Is Everybody Talkin' About Him?) (2010),Documentary,4.0,1,0.0,1
68288,"Informers, The (2008)",Crime|Drama|Thriller,3.5,1,0.0,0
8796,"Funny Thing Happened on the Way to the Forum, A (1966)",Comedy|Musical,2.5,1,0.0,0
25805,"Atalante, L' (1934)",Comedy|Drama|Romance,4.25,2,0.002976190476190476,1
2029,Billy's Hollywood Screen Kiss (1997),Comedy|Romance,3.5,3,0.005952380952380952,0
2536,"Concorde: Airport '79, The (1979)",Drama,2.3333333333333335,3,0.005952380952380952,0
5389,Spirit: Stallion of the Cimarron (2002),Adventure|Animation|Children|Western,3.0,2,0.002976190476190476,0
3103,Stanley & Iris (1990),Drama|Romance,3.5,2,0.002976190476190476,1
3406,Captain Horatio Hornblower R.N. (1951),Action|Adventure|Drama|War,3.8333333333333335,3,0.005952380952380952,0
7341,The Chase (1966),Crime|Drama|Thriller,4.5,1,0.0,1
25923,Great Expectations (1946),Drama,4.25,2,0.002976190476190476,1
7128,Things to Come (1936),Sci-Fi,3.5,4,0.008928571428571428,1
82244,13 (2010),Thriller,3.0,1,0.0,0
7171,Aileen: Life and Death of a Serial Killer (2003),Documentary,3.5,1,0.0,0
119629,Exorcismus (2010),Horror,3.5,1,0.0,0
2665,Earth vs. the Flying Saucers (1956),Sci-Fi,3.5,3,0.005952380952380952,0
67252,Ong-Bak 2: The Beginning (Ong Bak 2) (2008),Action,1.5,1,0.0,0
92751,Kokowääh (2011),Comedy,4.5,1,0.0,1
5170,All About the Benjamins (2002),Action|Comedy|Crime,2.125,4,0.008928571428571428,0
4197,Real Life (1979),Comedy,4.0,1,0.0,1
5474,"Legend of Boggy Creek, The (1972)",Drama|Horror|Mystery|Thriller,2.5,1,0.0,0
8616,By the Light of the Silvery Moon (1953),Children|Musical|Romance,4.0,1,0.0,1
25914,"Ivan the Terrible, Part One (Ivan Groznyy I) (1944)",Drama,4.0,1,0.0,1
5772,My Dinner with André (1981),Drama,4.2,5,0.011904761904761904,1
102807,Alive and Ticking (Ein Tick anders) (2011),Comedy|Drama,3.5,1,0.0,0
39231,Elizabethtown (2005),Comedy|Drama|Romance,3.75,4,0.008928571428571428,0
93512,"Jeff, Who Lives at Home (2012)",Comedy|Drama,4.5,1,0.0,1
102716,"Fast & Furious 6 (Fast and the Furious 6, The) (2013)",Action|Crime|Thriller|IMAX,3.5,1,0.0,0
7372,Ned Kelly (2003),Drama,3.5,1,0.0,0
62733,Quarantine (2008),Drama|Horror|Mystery|Thriller,1.0,1,0.0,0
27772,Ju-on: The Grudge (2002),Horror,4.333333333333333,3,0.005952380952380952,1
7192,Only the Strong (1993),Action,3.0,1,0.0,0
3960,Haunted (1995),Drama|Thriller,3.0,1,0.0,0
5573,Stealing Harvard (2002),Comedy|Crime,3.0,2,0.002976190476190476,0
4653,"Return of the Musketeers, The (1989)",Adventure|Comedy,4.0,1,0.0,1
8642,Sleepover (2004),Comedy,2.0,1,0.0,0
7117,Leprechaun (1993),Comedy|Horror,2.6666666666666665,3,0.005952380952380952,0
105468,Cloudy with a Chance of Meatballs 2 (2013),Animation|Children|Comedy|Fantasy,3.8333333333333335,3,0.005952380952380952,0
6809,Tightrope (1984),Thriller,3.5,2,0.002976190476190476,0
90345,"Thing, The (2011)",Horror|Mystery|Sci-Fi|Thriller,3.8333333333333335,3,0.005952380952380952,0
25835,Dead End (1937),Crime|Drama,4.0,2,0.002976190476190476,1
3547,Prick Up Your Ears (1987),Comedy|Drama,3.0,1,0.0,0
34336,Must Love Dogs (2005),Comedy|Romance,3.125,4,0.008928571428571428,0
5691,Jason Goes to Hell: The Final Friday (1993),Action|Horror,3.0,1,0.0,0
5854,Sharky's Machine (1981),Crime|Drama|Romance,4.0,1,0.0,1
37240,Why We Fight (2005),Documentary,3.75,2,0.002976190476190476,1
8980,Our Music (Notre musique) (2004),Drama,3.0,1,0.0,0
42958,Little Manhattan (2005),Children|Comedy|Romance,4.0,1,0.0,1
106491,47 Ronin (2013),Action|Adventure|Fantasy,3.5,1,0.0,0
2655,Howling II: Your Sister Is a Werewolf (1985),Horror,1.25,2,0.002976190476190476,0
3144,"Glass Bottom Boat, The (1966)",Comedy|Romance,3.0,1,0.0,0
7395,Cheaper by the Dozen (1950),Comedy|Drama,4.0,1,0.0,1
34246,Family Resemblances (Un air de famille) (1996),Comedy,2.5,1,0.0,0
3299,Hanging Up (2000),Comedy|Drama,1.8,5,0.011904761904761904,0
45662,"Omen, The (2006)",Horror|Thriller,2.5,1,0.0,0
58706,"Under the Same Moon (Misma luna, La) (2007)",Drama,3.0,1,0.0,0
68872,Paisan (Paisà) (1946),Drama|War,4.0,2,0.002976190476190476,0
47999,Jesus Camp (2006),Documentary|Drama,3.5,3,0.005952380952380952,0
6357,High Society (1956),Comedy|Musical|Romance,4.166666666666667,3,0.005952380952380952,1
74851,From Paris with Love (2010),Action|Crime,3.625,4,0.008928571428571428,0
1043,To Gillian on Her 37th Birthday (1996),Drama|Romance,3.0,4,0.008928571428571428,1
45635,"Notorious Bettie Page, The (2005)",Drama,3.25,2,0.002976190476190476,0
70121,'Neath the Arizona Skies (1934),Western,4.0,1,0.0,1
7003,Kafka (1991),Comedy|Drama|Mystery|Sci-Fi|Thriller,3.75,2,0.002976190476190476,1
72294,"Christmas Carol, A (2009)",Animation|Children|Drama|Fantasy|IMAX,3.6666666666666665,3,0.005952380952380952,1
7923,Rolling Thunder (1977),Action|Drama,4.0,1,0.0,1
65216,Defiance (2008),Drama|Thriller|War,3.25,2,0.002976190476190476,0
37626,It's a Gift (1934),Comedy,3.5,1,0.0,0
5078,Falling in Love (1984),Drama|Romance,3.0,1,0.0,0
4024,"House of Mirth, The (2000)",Romance,2.75,4,0.008928571428571428,1
27373,61* (2001),Drama,3.5,1,0.0,0
25822,Werewolf of London (1935),Drama|Fantasy|Horror|Sci-Fi,4.0,1,0.0,1
8654,Prince Valiant (1954),Adventure,2.5,1,0.0,0
75408,Lupin III: Sweet Lost Night (Rupan Sansei: Sweet Lost Night) (2008),Action|Animation|Comedy|Crime|Drama|Mystery|Romance|Thriller,3.5,1,0.0,0
58964,Inside (À l'intérieur) (2007),Horror|Thriller,4.0,1,0.0,1
3309,"Dog's Life, A (1918)",Comedy,4.0,1,0.0,1
26283,Charley Varrick (1973),Crime|Drama|Thriller,3.0,1,0.0,0
69606,Ghosts of Girlfriends Past (2009),Comedy|Fantasy|Romance,3.1666666666666665,3,0.005952380952380952,0
4189,"Greatest Story Ever Told, The (1965)",Drama,3.5,1,0.0,0
27523,My Sassy Girl (Yeopgijeogin geunyeo) (2001),Comedy|Romance,5.0,1,0.0,1
4256,"Center of the World, The (2001)",Drama,2.5,2,0.002976190476190476,0
7316,Confessions of a Teenage Drama Queen (2004),Comedy,3.0,2,0.002976190476190476,0
8762,"No Deposit, No Return (1976)",Children|Comedy,4.0,1,0.0,1
39398,C.S.A.: The Confederate States of America (2004),Comedy|Drama,3.5,1,0.0,0
103883,2 Guns (2013),Action|Comedy|Crime,3.0,2,0.002976190476190476,0
8403,Helen of Troy (1956),Action|Adventure|Drama|Romance|War,3.5,1,0.0,0
89774,Warrior (2011),Drama,4.166666666666667,9,0.023809523809523808,1
31932,Fallen Angel (1945),Crime|Film-Noir|Mystery|Romance,3.5,1,0.0,0
52462,Aqua Teen Hunger Force Colon Movie Film for Theaters (2007),Action|Adventure|Animation|Comedy|Fantasy|Mystery|Sci-Fi,3.25,2,0.002976190476190476,0
245,"Glass Shield, The (1994)",Crime|Drama,3.0,1,0.0,0
86190,Hanna (2011),Action|Adventure|Mystery|Thriller,2.0,4,0.008928571428571428,0
8751,Gun Crazy (a.k.a. Deadly Is the Female) (1949),Crime|Drama|Film-Noir,4.5,1,0.0,1
3281,"Brandon Teena Story, The (1998)",Documentary,4.0,1,0.0,1
109850,Need for Speed (2014),Action|Crime|Drama|IMAX,3.5,1,0.0,0
68,French Twist (Gazon maudit) (1995),Comedy|Romance,3.6666666666666665,3,0.005952380952380952,0
5688,Tully (2000),Drama,4.0,2,0.002976190476190476,1
6329,Manic (2001),Drama,3.0,1,0.0,0
6756,Casa de los babys (2003),Drama,4.5,1,0.0,1
7041,Trapped in Paradise (1994),Comedy|Crime,2.0,1,0.0,0
73885,Troubled Water (DeUsynlige) (2008),Drama|Thriller,3.25,2,0.002976190476190476,0
96859,"Rocky Saga: Going the Distance, The (2011)",Documentary,4.0,1,0.0,1
92643,Monsieur Lazhar (2011),Children|Comedy|Drama,4.5,2,0.002976190476190476,1
4328,"Return of the Magnificent Seven, The (a.k.a. Return of the Seven) (1966)",Western,3.5,2,0.002976190476190476,1
1331,Audrey Rose (1977),Horror,2.5,2,0.002976190476190476,0
354,Cobb (1994),Drama,3.5,4,0.008928571428571428,1
6782,Leningrad Cowboys Go America (1989),Comedy|Musical,2.75,2,0.002976190476190476,0
59260,"Unknown Woman, The (La Sconosciuta) (2006)",Drama|Mystery|Thriller,3.0,1,0.0,0
2962,Fever Pitch (1997),Comedy|Romance,3.0,2,0.002976190476190476,0
84665,Pepe (1960),Comedy|Musical,2.5,1,0.0,0
59725,Sex and the City (2008),Comedy|Romance,2.0,5,0.011904761904761904,0
424,Blue Chips (1994),Drama,3.5,2,0.002976190476190476,1
31433,"Wedding Date, The (2005)",Comedy|Romance,2.5,4,0.008928571428571428,0
89190,Conan the Barbarian (2011),Action|Adventure|Fantasy,3.5,1,0.0,0
124859,The Gambler (2014),Crime|Drama|Thriller,4.0,1,0.0,1
536,"Simple Twist of Fate, A (1994)",Drama,3.0,4,0.008928571428571428,1
3140,Three Ages (1923),Comedy,3.0,1,0.0,0
1170,Best of the Best 3: No Turning Back (1995),Action,2.3333333333333335,3,0.005952380952380952,0
42418,"New World, The (2005)",Adventure|Drama|Romance,3.75,2,0.002976190476190476,1
7374,Home on the Range (2004),Animation|Children|Comedy|Musical|Western,2.4,5,0.011904761904761904,0
3453,Here on Earth (2000),Drama|Romance,2.875,4,0.008928571428571428,0
6148,White Dog (1982),Drama|Horror|Thriller,3.0,3,0.005952380952380952,0
3207,"Snows of Kilimanjaro, The (1952)",Adventure,1.0,1,0.0,0
7259,You Got Served (2004),Drama|Musical,3.25,2,0.002976190476190476,1
33138,Palindromes (2004),Adventure|Comedy|Drama,2.5,1,0.0,0
2772,Detroit Rock City (1999),Comedy,3.3333333333333335,6,0.01488095238095238,1
103075,"Purge, The (2013)",Crime|Horror|Thriller,1.0,1,0.0,0
4969,And Then There Were None (1945),Crime|Mystery,4.25,2,0.002976190476190476,0
121,"Boys of St. Vincent, The (1992)",Drama,4.0,2,0.002976190476190476,1
2209,Young and Innocent (1937),Crime|Thriller,3.0,1,0.0,0
8775,"Counterfeit Traitor, The (1962)",Thriller|War,3.5,1,0.0,0
92023,"Las Vegas Story, The (1952)",Crime|Drama|Film-Noir,4.5,1,0.0,1
8571,Bob & Carol & Ted & Alice (1969),Comedy|Drama,4.0,1,0.0,1
4497,Dead Heat (1988),Action|Comedy|Horror|Sci-Fi,0.5,1,0.0,0
6187,"Life of David Gale, The (2003)",Crime|Drama|Thriller,3.875,8,0.020833333333333332,1
40033,"Adventures of Prince Achmed, The (Abenteuer des Prinzen Achmed, Die) (1926)",Adventure|Animation|Fantasy|Romance,3.75,2,0.002976190476190476,0
72356,Partly Cloudy (2009),Animation|Children|Comedy|Fantasy,3.0,2,0.002976190476190476,0
114042,Third Person (2013),Drama|Romance,3.0,1,0.0,0
90239,Wadd: The Life & Times of John C. Holmes (1999),Documentary,2.5,1,0.0,0
6285,Levity (2003),Drama,4.0,1,0.0,1
4936,Fame (1980),Drama|Musical,3.6666666666666665,3,0.005952380952380952,1
48159,Everyone's Hero (2006),Adventure|Animation|Children|Comedy,3.0,1,0.0,0
74075,Stan Helsing (2009),Comedy|Horror,3.0,2,0.002976190476190476,0
102800,Frances Ha (2012),Comedy|Drama,5.0,1,0.0,1
465,Heaven & Earth (1993),Action|Drama|War,3.0,1,0.0,0
38,It Takes Two (1995),Children|Comedy,3.0,1,0.0,0
33649,Saving Face (2004),Comedy|Drama|Romance,3.1666666666666665,3,0.005952380952380952,0
982,Picnic (1955),Drama,4.666666666666667,3,0.005952380952380952,1
69251,Special (2006),Drama|Fantasy,3.0,1,0.0,0
63189,Sauna (2008),Horror|Mystery,3.0,1,0.0,0
27828,"Memory of a Killer, The (Zaak Alzheimer, De) (2003)",Action|Crime|Drama|Thriller,3.0,1,0.0,0
1571,When the Cat's Away (Chacun cherche son chat) (1996),Comedy|Romance,3.75,4,0.008928571428571428,1
27879,DiG! (2004),Documentary,3.25,2,0.002976190476190476,0
33564,Divorce - Italian Style (Divorzio all'italiana) (1961),Comedy,3.5,1,0.0,0
4868,Bangkok Dangerous (2000),Action|Crime|Romance,3.0,1,0.0,0
8740,"Lower Depths, The (Donzoko) (1957)",Comedy|Drama,4.0,1,0.0,1
78162,Ricky Gervais Live 2: Politics (2004),Comedy,0.5,1,0.0,0
4929,"Toy, The (1982)",Comedy,3.1666666666666665,3,0.005952380952380952,0
202,Total Eclipse (1995),Drama|Romance,0.5,1,0.0,0
50792,Catch and Release (2006),Comedy|Drama|Romance,4.5,1,0.0,1
4399,"Diary of a Chambermaid (Journal d'une femme de chambre, Le) (1964)",Comedy|Drama,2.0,1,0.0,0
1533,"Promise, The (La promesse) (1996)",Drama,2.75,4,0.008928571428571428,1
895,Venice/Venice (1992),Drama,3.0,1,0.0,0
4692,"Hotel New Hampshire, The (1984)",Drama,3.5,1,0.0,0
4511,High Spirits (1988),Comedy,2.5,2,0.002976190476190476,0
41714,Dona Flor and Her Two Husbands (Dona Flor e Seus Dois Maridos) (1976),Comedy,3.0,1,0.0,0
71131,"Most Hated Family in America, The (2007)",Documentary,2.5,1,0.0,0
309,"Red Firecracker, Green Firecracker (Pao Da Shuang Deng) (1994)",Drama,2.875,4,0.008928571428571428,0
764,Heavy (1995),Drama|Romance,3.5,2,0.002976190476190476,1
60766,Man on Wire (2008),Documentary,3.25,4,0.008928571428571428,0
4664,Shirley Valentine (1989),Comedy|Romance,3.75,2,0.002976190476190476,0
26939,Drifting Clouds (Kauas pilvet karkaavat) (1996),Comedy|Drama,4.0,1,0.0,1
40973,"Wild Geese, The (1978)",Action|Adventure|Drama|War,3.5,1,0.0,0
4778,Children Underground (2001),Documentary,4.5,1,0.0,1
3767,Missing in Action 2: The Beginning (1985),Action|War,2.75,2,0.002976190476190476,0
96691,Resident Evil: Retribution (2012),Action|Horror|Sci-Fi|IMAX,4.0,2,0.002976190476190476,1
114184,Camp X-Ray (2014),Drama,3.0,1,0.0,0
49205,"Return, The (2006)",Sci-Fi|Thriller,1.0,1,0.0,0
110796,Le Week-End (2013),Comedy|Drama,3.5,1,0.0,0
72731,"Lovely Bones, The (2009)",Crime|Drama|Fantasy|Horror|Thriller,4.166666666666667,3,0.005952380952380952,0
26062,"Sundowners, The (1960)",Adventure|Drama,4.0,1,0.0,1
4231,Someone Like You (2001),Comedy|Romance,1.9166666666666667,6,0.01488095238095238,0
73587,Soul Kitchen (2009),Comedy,4.0,1,0.0,1
90,"Journey of August King, The (1995)",Drama,3.5,2,0.002976190476190476,0
74129,Four Eyed Monsters (2005),Comedy|Drama|Fantasy|Romance,2.0,1,0.0,0
54281,Charlie Bartlett (2007),Comedy|Drama,4.166666666666667,6,0.01488095238095238,1
5384,I Want to Live! (1958),Crime|Drama,3.5,1,0.0,0
4625,Millennium (1989),Drama|Sci-Fi|Thriller,4.0,2,0.002976190476190476,0
68956,Late Autumn (Akibiyori) (1960),Comedy|Drama,3.5,1,0.0,0
8572,"Littlest Rebel, The (1935)",Children|Drama,3.5,1,0.0,0
3218,Poison (1991),Drama,3.0,1,0.0,0
4357,How to Marry a Millionaire (1953),Comedy|Drama|Romance,4.25,2,0.002976190476190476,1
6375,Gigantic (A Tale of Two Johns) (2002),Documentary,5.0,2,0.002976190476190476,1
104243,Riddick (2013),Action|Sci-Fi|Thriller|IMAX,3.3333333333333335,3,0.005952380952380952,0
1455,Hotel de Love (1996),Comedy|Romance,3.0,4,0.008928571428571428,0
5137,Scratch (2001),Documentary,4.0,4,0.008928571428571428,1
6141,They Call Me Bruce? (a.k.a. A Fistful of Chopsticks) (1982),Comedy,4.0,1,0.0,1
89260,Project Nim (2011),Documentary,3.5,1,0.0,0
39394,Dandelion (2004),Drama,2.5,1,0.0,0
5706,"...All the Marbles (California Dolls, The) (1981)",Action|Comedy|Drama|Romance,2.75,2,0.002976190476190476,0
3669,Stay Tuned (1992),Comedy,3.0,2,0.002976190476190476,0
45928,Who Killed the Electric Car? (2006),Documentary,3.75,2,0.002976190476190476,1
3447,"Good Earth, The (1937)",Drama,4.0,2,0.002976190476190476,1
49412,It's A Wonderful World (1939),Comedy|Crime|Romance,4.25,2,0.002976190476190476,0
6306,I Am Trying to Break Your Heart (2002),Documentary,3.5,1,0.0,0
70235,Dallas 362 (2003),Drama,4.0,1,0.0,1
7491,"Naked Prey, The (1966)",Adventure,3.5,1,0.0,0
5164,"Troll in Central Park, A (1994)",Animation|Children,3.5,1,0.0,0
7228,Cool World (1992),Animation|Comedy|Fantasy,1.5,2,0.002976190476190476,0
72249,Coco Chanel & Igor Stravinsky (2009),Drama|Romance,3.0,1,0.0,0
3333,"Killing of Sister George, The (1968)",Drama,3.0,1,0.0,0
862,Manny & Lo (1996),Drama,2.6666666666666665,3,0.005952380952380952,0
70641,Miss March (2009),Comedy,2.0,1,0.0,0
4066,I'm Gonna Git You Sucka (1988),Action|Comedy,3.625,4,0.008928571428571428,1
2252,Hero (1992),Comedy|Drama,3.0,1,0.0,0
5734,Faces of Death 2 (1981),Documentary|Horror,2.0,2,0.002976190476190476,0
43934,Deep Sea 3D (2006),Documentary|IMAX,3.0,1,0.0,0
46367,"Public Eye, The (1992)",Crime|Thriller,3.0,1,0.0,0
102897,Derek (2008),Documentary,3.5,1,0.0,0
1436,Falling in Love Again (1980),Comedy,3.0,1,0.0,0
4795,Father Goose (1964),Adventure|Comedy|Romance|War,4.5,2,0.002976190476190476,1
51705,Priceless (Hors de prix) (2006),Comedy|Romance,3.5,2,0.002976190476190476,0
4636,"Punisher, The (1989)",Action,1.6,5,0.011904761904761904,0
7017,Passenger 57 (1992),Action|Thriller,2.625,4,0.008928571428571428,0
100527,Safe Haven (2013),Drama|Mystery|Romance,4.0,1,0.0,1
106920,Her (2013),Drama|Romance|Sci-Fi,4.0,5,0.011904761904761904,1
964,Angel and the Badman (1947),Romance|Western,3.0,1,0.0,0
1523,"Truth or Consequences, N.M. (1997)",Action|Crime|Romance,3.3333333333333335,3,0.005952380952380952,1
92665,"For a Good Time, Call... (2012)",Comedy|Drama|Romance,1.5,1,0.0,0
7097,"Girl From Paris, A (hirondelle a fait le printemps, Une) (2001)",Comedy|Drama,3.5,1,0.0,0
2511,"Long Goodbye, The (1973)",Crime|Film-Noir,3.1666666666666665,3,0.005952380952380952,1
2098,Son of Flubber (1963),Children|Comedy,2.6666666666666665,3,0.005952380952380952,0
5471,Perfect (1985),Drama|Romance,0.5,1,0.0,0
52241,"Lookout, The (2007)",Crime|Drama|Thriller,3.0,2,0.002976190476190476,0
90528,This Must Be the Place (2011),Crime|Drama|Thriller,3.5,1,0.0,0
87876,Cars 2 (2011),Adventure|Animation|Children|Comedy|IMAX,2.5,2,0.002976190476190476,0
6627,Changing Habits (1997),Comedy|Drama,1.5,1,0.0,0
117517,Listen Up Philip (2014),Drama,4.0,1,0.0,1
6247,Women in Love (1969),Drama|Romance,3.0,1,0.0,0
7811,Babylon 5: The River of Souls (1998),Drama|Sci-Fi,2.0,1,0.0,0
1454,SubUrbia (1997),Comedy|Drama,3.3333333333333335,3,0.005952380952380952,0
84952,Confessions (Kokuhaku) (2010),Drama|Horror,2.5,1,0.0,0
73344,"Prophet, A (Un Prophète) (2009)",Crime|Drama,4.0,1,0.0,1
85392,Just Buried (2008),Comedy|Drama|Romance,2.5,1,0.0,0
53,Lamerica (1994),Adventure|Drama,4.5,1,0.0,1
3325,"Next Best Thing, The (2000)",Comedy|Drama,2.75,4,0.008928571428571428,0
2008,"This World, Then the Fireworks (1997)",Crime|Drama|Film-Noir,3.0,1,0.0,0
95567,People Like Us (2012),Drama,4.0,1,0.0,1
8730,To End All Wars (2001),Action|Drama|War,3.0,1,0.0,0
4671,Sweetie (1989),Drama,2.5,1,0.0,0
71285,Beeswax (2009),Comedy|Drama,2.5,1,0.0,0
104103,Miss You Can Do It (2013),Documentary,4.5,1,0.0,1
652,"301, 302 (301/302) (1995)",Horror|Mystery|Thriller,1.0,1,0.0,0
1489,Cats Don't Dance (1997),Animation|Children|Musical,3.5,2,0.002976190476190476,0
62113,How to Lose Friends & Alienate People (2008),Comedy,3.5,3,0.005952380952380952,0
7809,Ambush (Rukajärven tie) (1999),Drama|Romance|War,3.5,2,0.002976190476190476,0
91743,Today's Special (2009),Comedy,4.0,1,0.0,1
4213,Deepstar Six (1989),Horror|Sci-Fi|Thriller,2.5,2,0.002976190476190476,0
8039,Support Your Local Sheriff! (1969),Comedy|Western,4.0,3,0.005952380952380952,1
7378,Johnson Family Vacation (2004),Comedy,2.0,1,0.0,0
37720,"Exorcism of Emily Rose, The (2005)",Crime|Drama|Horror|Thriller,3.875,4,0.008928571428571428,0
92262,Declaration of War (La Guerre est Déclarée) (2011),Drama,3.0,2,0.002976190476190476,0
5398,Requiem for a Heavyweight (1962),Drama,4.0,1,0.0,1
7064,Beauty and the Beast (La belle et la bête) (1946),Drama|Fantasy,4.5,4,0.008928571428571428,1
115945,The Land Before Time VI: The Secret of Saurus Rock (1998),Animation|Children,3.0,1,0.0,0
5672,Pokemon 4 Ever (a.k.a. Pokémon 4: The Movie) (2002),Adventure|Animation|Children|Fantasy,2.1666666666666665,3,0.005952380952380952,0
2941,South Pacific (1958),Musical|Romance|War,3.5,7,0.017857142857142856,0
48783,Flags of Our Fathers (2006),Drama|War,3.5,3,0.005952380952380952,0
92307,W.E. (2011),Drama|Romance,3.0,1,0.0,0
50550,Red Doors (2005),Comedy|Drama,5.0,1,0.0,1
5241,Seems Like Old Times (1980),Comedy|Romance,2.0,1,0.0,0
3833,"Brain That Wouldn't Die, The (1962)",Horror|Sci-Fi,1.0,1,0.0,0
33826,Saint Ralph (2004),Comedy|Drama,4.0,1,0.0,1
1062,"Sunchaser, The (1996)",Drama,3.5,2,0.002976190476190476,1
3428,"Champ, The (1979)",Drama,4.0,2,0.002976190476190476,0
1406,"Judgement in Stone, A (Cérémonie, La) (1995)",Drama,3.0,2,0.002976190476190476,0
3596,Screwed (2000),Comedy,2.25,2,0.002976190476190476,0
93263,"Plastic Age, The (1925)",Comedy|Romance,1.5,1,0.0,0
42728,Tristan & Isolde (2006),Drama|Romance,1.0,1,0.0,0
107314,Oldboy (2013),Action|Drama|Mystery,4.0,1,0.0,1
80139,Jackass 2.5 (2007),Comedy|Documentary,2.5,2,0.002976190476190476,0
2697,My Son the Fanatic (1997),Comedy|Drama|Romance,4.0,3,0.005952380952380952,0
6220,Willard (2003),Drama|Horror|Thriller,3.1666666666666665,3,0.005952380952380952,0
5132,"Last Man, The (2000)",Comedy|Romance|Sci-Fi,1.0,1,0.0,0
3120,"Distinguished Gentleman, The (1992)",Comedy,2.5,3,0.005952380952380952,0
47254,Chaos (2005),Action|Crime|Drama|Thriller,3.0,1,0.0,0
6797,Bugsy (1991),Crime|Drama,3.0,4,0.008928571428571428,0
27871,Something the Lord Made (2004),Drama,4.0,1,0.0,1
5134,Mean Machine (2001),Comedy|Drama,4.0,1,0.0,1
6935,"Revolution Will Not Be Televised, The (a.k.a. Chavez: Inside the Coup) (2003)",Documentary,5.0,1,0.0,1
60322,Sleepwalking (2008),Drama,3.0,1,0.0,0
8260,"Crazy Stranger, The (Gadjo Dilo) (1997)",Comedy|Drama,3.0,1,0.0,0
62376,City of Ember (2008),Adventure|Children|Sci-Fi,3.1666666666666665,3,0.005952380952380952,1
4828,"Party, The (Boum, La) (1980)",Comedy|Romance,3.0,1,0.0,0
5698,Times Square (1980),Drama,2.0,1,0.0,0
8459,"Heiress, The (1949)",Drama|Romance,2.75,2,0.002976190476190476,0
105585,Machete Kills (Machete 2) (2013),Action|Crime|Thriller,4.0,1,0.0,1
7448,Envy (2004),Comedy,1.5,2,0.002976190476190476,0
937,Love in the Afternoon (1957),Comedy|Romance,3.625,4,0.008928571428571428,1
5168,Royal Wedding (1951),Comedy|Musical|Romance,3.0,1,0.0,0
99957,Broken City (2013),Crime|Drama|Thriller,2.3333333333333335,3,0.005952380952380952,0
107270,Decampitated (1998),Comedy|Horror,2.0,1,0.0,0
6459,"Desert Fox, The (1951)",Drama|War,4.5,1,0.0,1
3934,Kronos (1957),Sci-Fi,3.0,1,0.0,0
797,"Old Lady Who Walked in the Sea, The (Vieille qui marchait dans la mer, La) (1991)",Comedy,4.0,1,0.0,1
42718,District 13 (Banlieue 13) (2004),Action|Crime|Sci-Fi,3.5,3,0.005952380952380952,1
32593,Dust to Glory (2005),Action|Adventure|Documentary,4.0,1,0.0,1
6793,Beethoven (1992),Children|Comedy|Drama,2.4285714285714284,7,0.017857142857142856,1
76738,Steam of Life (Miesten vuoro) (2010),Documentary,4.0,1,0.0,1
8404,"Hound of the Baskervilles, The (1939)",Crime|Mystery|Thriller,4.5,1,0.0,1
3941,Sorority House Massacre (1986),Horror,2.5,1,0.0,0
3537,Where the Money Is (2000),Comedy|Drama,2.5,2,0.002976190476190476,0
80162,"Horde, The (La Horde) (2009)",Action|Horror|Thriller,3.0,1,0.0,0
5906,It All Starts Today (Ça commence aujourd'hui) (1999),Drama,2.5,1,0.0,0
1440,Amos & Andrew (1993),Comedy,2.125,4,0.008928571428571428,0
4803,Play Misty for Me (1971),Drama|Thriller,3.5,4,0.008928571428571428,1
7988,Space Truckers (1996),Comedy|Sci-Fi,2.5,1,0.0,0
5712,Blow Out (1981),Mystery|Thriller,3.0,1,0.0,0
27837,Flight of the Phoenix (2004),Action|Adventure,2.6,5,0.011904761904761904,0
7057,"Midsummer Night's Dream, A (1935)",Comedy|Fantasy|Romance,3.5,1,0.0,0
1806,Paulie (1998),Adventure|Children|Comedy,3.0,6,0.01488095238095238,1
5382,Every Which Way But Loose (1978),Comedy,3.375,4,0.008928571428571428,0
3573,Carnosaur 2 (1995),Horror|Sci-Fi,2.0,1,0.0,0
4529,Bagdad Cafe (Out of Rosenheim) (1987),Comedy|Drama,3.75,4,0.008928571428571428,1
37,Across the Sea of Time (1995),Documentary|IMAX,4.5,1,0.0,1
5453,Lost in Yonkers (1993),Comedy|Drama,3.3333333333333335,3,0.005952380952380952,0
84100,Throw Down (Yau doh lung fu bong) (2004),Drama,3.0,1,0.0,0
5801,"Russians Are Coming, the Russians Are Coming, The (1966)",Comedy|War,3.0,2,0.002976190476190476,0
27236,Charisma (Karisuma) (1999),Drama,5.0,1,0.0,1
8912,Taxi (2004),Action|Comedy,1.0,1,0.0,0
4412,"Thing with Two Heads, The (1972)",Comedy|Horror|Sci-Fi,0.5,1,0.0,0
77983,Rancho Notorious (1952),Drama|Western,3.25,2,0.002976190476190476,0
7135,Shoot the Piano Player (Tirez sur le pianiste) (1960),Crime|Drama|Romance|Thriller,3.625,4,0.008928571428571428,1
61289,Sukiyaki Western Django (2008),Action|Western,2.5,1,0.0,0
3150,"War Zone, The (1999)",Drama|Thriller,3.75,2,0.002976190476190476,0
98239,Red Dawn (2012),Action|War,2.0,1,0.0,0
110968,Pompeii (2014),Action|Adventure|Drama,3.5,1,0.0,0
7619,"Miracle Worker, The (1962)",Drama,3.75,2,0.002976190476190476,1
5207,"Mountain Men, The (1980)",Adventure|Western,3.0,1,0.0,0
6270,Akira Kurosawa's Dreams (Dreams) (1990),Drama|Fantasy,3.642857142857143,7,0.017857142857142856,1
65133,Blackadder Back & Forth (1999),Comedy,0.5,1,0.0,0
52784,Sharkwater (2006),Documentary,4.5,1,0.0,1
5752,Gregory's Girl (1981),Comedy|Romance,2.5,1,0.0,0
1985,Halloween 4: The Return of Michael Myers (1988),Horror,2.0833333333333335,6,0.01488095238095238,0
50445,"Hitcher, The (2007)",Action|Horror|Thriller,3.75,2,0.002976190476190476,0
26565,Asterix in Britain (Astérix chez les Bretons) (1986),Adventure|Animation|Children|Comedy,3.5,1,0.0,0
4198,Battle Beyond the Stars (1980),Sci-Fi,2.0,2,0.002976190476190476,0
31539,Overnight (2003),Documentary,4.0,1,0.0,1
2163,Attack of the Killer Tomatoes! (1978),Comedy|Horror,2.6666666666666665,3,0.005952380952380952,1
8261,3 Women (Three Women) (1977),Drama,2.75,2,0.002976190476190476,1
52375,"Hoax, The (2007)",Crime|Drama,2.0,1,0.0,0
52448,Goya's Ghosts (2006),Drama,2.5,1,0.0,0
4176,Madadayo (a.k.a. Not Yet) (1993),Drama,3.0,1,0.0,0
7990,Rock 'N' Roll High School (1979),Comedy|Musical,4.0,1,0.0,1
7245,Tormented (1960),Horror|Thriller,3.0,1,0.0,0
26462,Bad Boys (1983),Crime|Drama|Thriller,4.0,2,0.002976190476190476,0
5965,"Duellists, The (1977)",Action|War,3.6666666666666665,3,0.005952380952380952,0
6660,"Red Shoes, The (1948)",Drama|Fantasy|Musical|Romance,4.125,4,0.008928571428571428,0
2913,"Mating Habits of the Earthbound Human, The (1999)",Comedy|Sci-Fi,3.5,3,0.005952380952380952,1
4035,"Claim, The (2000)",Romance|Western,3.5,3,0.005952380952380952,0
44197,Find Me Guilty (2006),Comedy|Crime|Drama,3.25,2,0.002976190476190476,0
83798,Cracks (2009),Drama|Romance|Thriller,3.5,2,0.002976190476190476,1
4576,C.H.U.D. II - Bud the Chud (1989),Comedy|Horror,1.5,1,0.0,0
86922,Nothing to Declare (Rien à déclarer) (2010),Comedy,2.0,1,0.0,0
2696,"Dinner Game, The (Dîner de cons, Le) (1998)",Comedy,4.125,4,0.008928571428571428,1
74530,Percy Jackson & the Olympians: The Lightning Thief (2010),Adventure|Fantasy,2.0,2,0.002976190476190476,0
3563,"Crow: Salvation, The (2000)",Action|Horror,2.5,2,0.002976190476190476,1
3667,Rent-A-Cop (1988),Action|Comedy|Crime,2.0,1,0.0,0
2550,"Haunting, The (1963)",Horror|Thriller,4.0,3,0.005952380952380952,1
71033,"Secret in Their Eyes, The (El secreto de sus ojos) (2009)",Crime|Drama|Mystery|Romance|Thriller,4.375,4,0.008928571428571428,1
5907,Medea (1970),Drama,2.5,1,0.0,0
3718,American Pimp (1999),Documentary,4.0,3,0.005952380952380952,1
7824,Second Skin (Segunda Piel) (1999),Drama|Romance,3.5,1,0.0,0
4777,"American Astronaut, The (2001)",Comedy|Musical|Sci-Fi,4.0,1,0.0,1
71248,Extract (2009),Comedy,3.0,2,0.002976190476190476,0
4067,Untamed Heart (1993),Drama|Romance,1.5,2,0.002976190476190476,0
90405,In Time (2011),Crime|Sci-Fi|Thriller,3.375,4,0.008928571428571428,0
4001,Code of Silence (1985),Action,3.0,1,0.0,0
6244,Salaam Bombay! (1988),Drama,4.0,1,0.0,1
2310,"Mighty, The (1998)",Drama,3.0,3,0.005952380952380952,0
56169,Awake (2007),Drama|Thriller,3.5,1,0.0,0
6423,Straight Talk (1992),Comedy,1.5,1,0.0,0
6177,Murphy's Law (1986),Action,2.5,1,0.0,0
94799,Sound of My Voice (2011),Drama|Mystery|Sci-Fi,3.75,2,0.002976190476190476,0
5414,Bad Company (2002),Action|Comedy|Crime,3.5,1,0.0,0
8886,SSSSSSS (1973),Horror|Sci-Fi,3.0,1,0.0,0
4548,Sunset (1988),Action|Comedy|Thriller|Western,1.0,1,0.0,0
5391,Thirteen Conversations About One Thing (a.k.a. 13 Conversations) (2001),Drama,4.5,2,0.002976190476190476,1
2733,Vibes (1988),Adventure|Comedy|Romance,5.0,1,0.0,1
8378,"Doctor, The (1991)",Drama,2.0,1,0.0,0
36537,Thumbsucker (2005),Comedy|Drama,3.0,2,0.002976190476190476,0
7250,"Out of Towners, The (1970)",Comedy,3.5,1,0.0,0
112868,"Signal, The (2014)",Sci-Fi|Thriller,4.0,1,0.0,1
65359,Earthsea (Legend of Earthsea) (2004),Adventure|Drama|Fantasy,4.0,1,0.0,1
5732,Eye of the Needle (1981),Thriller,3.5,3,0.005952380952380952,1
6665,Dracula (1979),Horror|Romance,2.75,4,0.008928571428571428,0
6186,Gods and Generals (2003),Action|Drama|War,2.0,1,0.0,0
7255,Win a Date with Tad Hamilton! (2004),Comedy|Romance,2.3333333333333335,3,0.005952380952380952,0
36509,"Cave, The (2005)",Action|Adventure|Horror|Mystery|Sci-Fi|Thriller,2.0,2,0.002976190476190476,0
4282,Satyricon (1969),Drama,2.0,1,0.0,0
35386,Winter Soldier (1972),Documentary|War,4.5,1,0.0,1
4452,Made (2001),Comedy,2.8333333333333335,3,0.005952380952380952,0
59392,Stargate: The Ark of Truth (2008),Action|Fantasy|Sci-Fi,2.5,1,0.0,0
1922,Whatever (1998),Drama,4.0,1,0.0,1
8195,"Avventura, L' (Adventure, The) (1960)",Drama|Mystery|Romance,3.625,4,0.008928571428571428,0
8899,Hardcore (1979),Drama,5.0,1,0.0,1
95720,"Watch, The (2012)",Comedy|Sci-Fi,2.75,2,0.002976190476190476,0
93831,American Reunion (American Pie 4) (2012),Comedy,2.75,2,0.002976190476190476,0
4640,Brother (2000),Action|Crime|Thriller,4.0,1,0.0,1
5046,Impostor (2002),Action|Drama|Sci-Fi|Thriller,2.75,2,0.002976190476190476,0
3690,Porky's Revenge (1985),Comedy,1.3333333333333333,3,0.005952380952380952,0
7210,My Darling Clementine (1946),Western,2.8333333333333335,3,0.005952380952380952,1
3975,Lucky Numbers (2000),Comedy|Drama,2.6666666666666665,3,0.005952380952380952,0
32011,Cursed (2005),Horror|Thriller,2.5,2,0.002976190476190476,0
6696,Bollywood/Hollywood (2002),Comedy|Drama|Musical|Romance,1.5,1,0.0,0
3946,Get Carter (2000),Action|Drama|Thriller,2.4,5,0.011904761904761904,1
8673,Crash Dive (1943),Drama|Romance|War,3.0,1,0.0,0
2784,"Masque of the Red Death, The (1964)",Horror,2.0,1,0.0,0
90430,Carnage (2011),Comedy|Drama,3.75,2,0.002976190476190476,1
7352,Wilbur Wants to Kill Himself (2002),Comedy|Drama|Romance,4.0,1,0.0,1
6062,Lost in La Mancha (2002),Documentary,4.0,2,0.002976190476190476,0
4503,Everybody's All-American (1988),Romance,2.5,1,0.0,0
2590,Hideous Kinky (1998),Drama,3.0,2,0.002976190476190476,0
72696,Old Dogs (2009),Comedy,1.5,2,0.002976190476190476,0
5240,Running Scared (1980),Action|Drama,2.0,2,0.002976190476190476,0
4026,Nowhere to Hide (Injeong sajeong bol geot eobtda) (1999),Action|Comedy|Crime|Thriller,3.5,1,0.0,0
2260,Wisdom (1986),Crime|Drama,2.75,2,0.002976190476190476,0
4437,Suspiria (1977),Horror,3.5,5,0.011904761904761904,0
4858,Hail Columbia! (1982),Documentary|IMAX,4.0,1,0.0,1
4142,Left Behind: The Movie (2000),Action|Adventure|Drama|Thriller,5.0,1,0.0,1
113188,"Rover, The (2014)",Crime|Drama,3.0,1,0.0,0
109781,"Werewolf Boy, A (Neuk-dae-so-nyeon) (2012)",Drama|Fantasy|Romance,5.0,1,0.0,1
1870,"Dancer, Texas Pop. 81 (1998)",Comedy|Drama,3.75,2,0.002976190476190476,1
26688,Hard to Kill (1990),Action|Crime|Drama,4.0,1,0.0,1
4082,Barfly (1987),Comedy|Drama|Romance,3.0,4,0.008928571428571428,1
5984,"Story of O, The (Histoire d'O) (1975)",Drama|Romance,5.0,1,0.0,1
8527,I'll Sleep When I'm Dead (2003),Crime|Drama,3.75,2,0.002976190476190476,0
5020,Silent Trigger (1996),Action|Drama,2.0,1,0.0,0
4337,"Sand Pebbles, The (1966)",Drama|Romance|War,4.0,2,0.002976190476190476,1
86377,Louis C.K.: Shameless (2007),Comedy,3.25,2,0.002976190476190476,0
860,"Maybe, Maybe Not (Bewegte Mann, Der) (1994)",Comedy,3.0,1,0.0,0
6675,Far (2001),Drama,4.0,1,0.0,1
5781,Private Lessons (1981),Comedy,3.0,1,0.0,0
62511,"Synecdoche, New York (2008)",Comedy|Drama,4.0,4,0.008928571428571428,1
2164,Surf Nazis Must Die (1987),Action|Comedy|Drama|Horror,1.5,1,0.0,0
73183,"Friends of Eddie Coyle, The (1973)",Crime|Drama|Thriller,3.5,1,0.0,0
6233,Born Yesterday (1993),Comedy|Romance,2.5,1,0.0,0
2774,Better Than Chocolate (1999),Comedy|Romance,3.75,2,0.002976190476190476,0
705,Cosi (1996),Comedy,3.142857142857143,7,0.017857142857142856,1
2499,God Said 'Ha!' (1998),Comedy,3.6666666666666665,3,0.005952380952380952,1
6925,Sherlock Holmes in Washington (1943),Crime|Mystery,3.0,1,0.0,0
850,Cyclo (Xich lo) (1995),Crime|Drama,4.5,1,0.0,1
26375,Silver Streak (1976),Action|Comedy|Crime,3.0,2,0.002976190476190476,0
1163,Mina Tannenbaum (1994),Drama,5.0,1,0.0,1
5199,"Long Riders, The (1980)",Western,4.0,1,0.0,1
5597,Suburban Commando (1991),Comedy|Sci-Fi,2.0,1,0.0,0
6584,"What's Up, Tiger Lily? (1966)",Adventure|Comedy|Crime|Thriller,2.8333333333333335,3,0.005952380952380952,0
86298,Rio (2011),Adventure|Animation|Children|Comedy,2.75,2,0.002976190476190476,1
2295,"Impostors, The (1998)",Comedy,2.8333333333333335,3,0.005952380952380952,0
25782,Boudu Saved From Drowning (Boudu sauvé des eaux) (1932),Comedy,4.0,1,0.0,1
5279,Impromptu (1991),Comedy|Romance,4.0,1,0.0,1
2775,Head On (1998),Drama,4.0,1,0.0,1
99968,Ginger & Rosa (2012),Drama,3.0,1,0.0,0
61350,Babylon A.D. (2008),Action|Adventure|Sci-Fi|Thriller,1.75,4,0.008928571428571428,0
6335,"Dancer Upstairs, The (2002)",Crime|Drama|Thriller,3.5,2,0.002976190476190476,0
52929,Red Road (2006),Drama,4.5,1,0.0,1
7566,28 Up (1985),Documentary,3.75,2,0.002976190476190476,1
5281,"Wrong Guys, The (1988)",Comedy,2.5,1,0.0,0
6304,Brainscan (1994),Comedy|Horror|Sci-Fi|Thriller,3.5,1,0.0,0
43930,Just My Luck (2006),Comedy|Romance,3.5,1,0.0,0
6630,"Inn of the Sixth Happiness, The (1958)",Adventure|Drama,4.0,1,0.0,1
40826,Rent (2005),Drama|Musical|Romance,3.25,2,0.002976190476190476,1
2079,Kidnapped (1960),Adventure|Children|Drama,2.5,1,0.0,0
45329,Soldier Blue (1970),Western,3.5,1,0.0,0
38886,"Squid and the Whale, The (2005)",Comedy|Drama,4.0,8,0.020833333333333332,0
4247,Joe Dirt (2001),Adventure|Comedy|Mystery|Romance,2.6666666666666665,6,0.01488095238095238,1
1417,"Portrait of a Lady, The (1996)",Drama,2.125,4,0.008928571428571428,0
4320,"Buffalo Bill and the Indians, or Sitting Bull's History Lesson (a.k.a. Buffalo Bill and the Indians) (1976)",Comedy|Western,4.0,1,0.0,1
5140,"Bad News Bears Go to Japan, The (1978)",Comedy,2.5,1,0.0,0
5932,Burden of Dreams (1982),Documentary,3.5,2,0.002976190476190476,0
84847,Emma (2009),Comedy|Drama|Romance,4.5,1,0.0,1
6425,"6th Man, The (Sixth Man, The) (1997)",Comedy,3.0,1,0.0,0
81391,Eastern Plays (2009),Drama,3.0,1,0.0,0
2725,Twin Falls Idaho (1999),Drama,3.0,1,0.0,0
26138,"Hill, The (1965)",Drama|War,3.1666666666666665,3,0.005952380952380952,0
65813,"Unborn, The (2009)",Horror|Mystery|Thriller,2.25,2,0.002976190476190476,0
61705,Lakeview Terrace (2008),Drama|Thriller,3.0,1,0.0,0
3936,Phantom of the Opera (1943),Horror|Musical|Thriller,4.5,1,0.0,1
4695,Who'll Stop the Rain (1978),Crime|Drama,3.5,2,0.002976190476190476,0
4939,"Final Countdown, The (1980)",Action|Sci-Fi,4.25,2,0.002976190476190476,0
1798,Hush (1998),Thriller,2.0,2,0.002976190476190476,0
31793,Big Girls Don't Cry (Große Mädchen weinen nicht) (2002),Drama|Romance,2.5,1,0.0,0
7025,"Midnight Clear, A (1992)",Drama|War,3.75,2,0.002976190476190476,1
52551,Redline (2007),Action,1.5,1,0.0,0
54686,"Last Legion, The (2007)",Action|Adventure|Fantasy|War,4.0,1,0.0,1
700,Angus (1995),Comedy,3.1666666666666665,6,0.01488095238095238,0
4722,All Over the Guy (2001),Comedy,3.0,1,0.0,0
27473,American Psycho II: All American Girl (2002),Comedy|Crime|Horror|Mystery|Thriller,2.5,1,0.0,0
6636,"Sure Thing, The (1985)",Comedy|Romance,3.5,6,0.01488095238095238,0
2283,"Sheltering Sky, The (1990)",Drama,3.2,5,0.011904761904761904,0
73211,Pontypool (2008),Horror|Thriller,3.75,4,0.008928571428571428,1
3766,Missing in Action (1984),Action|War,2.8,5,0.011904761904761904,0
119141,The Interview (2014),Action|Comedy,2.0,1,0.0,0
47978,SherryBaby (2006),Drama,3.0,1,0.0,0
27271,Taboo (Gohatto) (1999),Drama,2.0,1,0.0,0
6628,Hot Dog... The Movie (1984),Comedy,1.5,1,0.0,0
5359,Rambling Rose (1991),Drama,3.5,2,0.002976190476190476,1
1861,Junk Mail (Budbringeren) (1997),Comedy|Thriller,2.0,1,0.0,0
5525,Mostly Martha (Bella Martha) (2001),Comedy|Drama|Romance,4.25,2,0.002976190476190476,1
85022,Hall Pass (2011),Comedy,3.5,1,0.0,0
2940,Gilda (1946),Drama|Film-Noir|Mystery|Romance,4.0,2,0.002976190476190476,1
87430,Green Lantern (2011),Action|Adventure|Sci-Fi,3.6666666666666665,3,0.005952380952380952,0
7078,Jezebel (1938),Drama,4.666666666666667,3,0.005952380952380952,1
26865,Fist of Legend (Jing wu ying xiong) (1994),Action|Drama,0.5,1,0.0,0
45382,Down in the Valley (2005),Drama|Romance,3.0,2,0.002976190476190476,0
26147,"Thousand Clowns, A (1965)",Comedy|Drama|Romance,5.0,1,0.0,1
5189,Humanoids from the Deep (1980),Horror|Sci-Fi,3.0,1,0.0,0
3806,Mackenna's Gold (1969),Western,2.25,2,0.002976190476190476,0
8702,Dream Lover (1994),Drama|Mystery,4.0,1,0.0,1
5755,Happy Birthday to Me (1981),Horror|Mystery,2.0,1,0.0,0
6452,"Long, Hot Summer, The (1958)",Drama,3.0,1,0.0,0
86835,Priest (2011),Action|Horror|Sci-Fi|Thriller,2.5,1,0.0,0
31617,El Cid (1961),Action|Adventure|Drama|Romance|War,4.5,1,0.0,1
1415,"Thieves (Voleurs, Les) (1996)",Crime|Drama|Romance,3.0,3,0.005952380952380952,0
220,Castle Freak (1995),Horror,2.0,2,0.002976190476190476,0
3694,"Toxic Avenger, Part II, The (1989)",Comedy|Horror,2.0,1,0.0,0
4661,Sea of Love (1989),Crime|Drama|Thriller,3.6666666666666665,3,0.005952380952380952,0
6417,Live Wire (1992),Action,2.75,2,0.002976190476190476,0
7345,Agent Cody Banks 2: Destination London (2004),Action|Adventure|Children|Comedy,1.75,2,0.002976190476190476,0
50585,Juarez (1939),Drama|Romance,3.0,1,0.0,0
7820,"Virgin Spring, The (Jungfrukällan) (1960)",Crime|Drama,4.5,2,0.002976190476190476,1
7218,"Ox-Bow Incident, The (1943)",Drama|Western,0.5,1,0.0,0
5233,Road to Utopia (1946),Comedy,3.5,1,0.0,0
3454,Whatever It Takes (2000),Comedy|Romance,2.5,2,0.002976190476190476,0
98056,Amour (2012),Drama|Romance,3.1666666666666665,3,0.005952380952380952,0
1514,Temptress Moon (Feng Yue) (1996),Romance,5.0,1,0.0,1
6332,"Lizzie McGuire Movie, The (2003)",Children|Comedy|Romance,1.0,1,0.0,0
88405,Friends with Benefits (2011),Comedy|Romance,2.5,3,0.005952380952380952,0
45501,"Break-Up, The (2006)",Comedy|Drama|Romance,3.0,3,0.005952380952380952,1
7136,Stolen Kisses (Baisers volés) (1968),Comedy|Drama|Romance,4.0,1,0.0,1
5841,Return to the Blue Lagoon (1991),Adventure|Romance,1.0,1,0.0,0
7231,"Where Angels Go, Trouble Follows (1968)",Comedy,4.5,1,0.0,1
48943,The Butterfly Effect 2 (2006),Adventure|Drama|Romance|Sci-Fi|Thriller,2.75,2,0.002976190476190476,0
57520,One Missed Call (2008),Horror|Mystery|Thriller,4.0,1,0.0,1
2843,"Black Cat, White Cat (Crna macka, beli macor) (1998)",Comedy|Romance,4.375,4,0.008928571428571428,1
73804,Asterix at the Olympic Games (Astérix aux jeux olympiques) (2008),Adventure|Children|Comedy|Fantasy,1.5,1,0.0,0
117857,Hotline (2014),Documentary,3.5,1,0.0,0
66310,Frontière(s) (2007),Drama|Horror|Thriller,3.0,1,0.0,0
6823,Under Suspicion (1992),Crime|Drama|Thriller,2.5,2,0.002976190476190476,0
71500,Trick 'r Treat (2007),Comedy|Horror|Thriller,3.6,5,0.011904761904761904,0
90350,Lemmy (2010),Documentary,4.0,1,0.0,1
112118,Bikini Spring Break (Revenge of the Nerds' Bikini Spring Break) (2012),Comedy,1.0,1,0.0,0
8575,"Happenstance (Battement d'ailes du papillon, Le) (2001)",Comedy|Drama,4.0,1,0.0,1
4976,Iris (2001),Drama,3.8333333333333335,3,0.005952380952380952,1
53024,Jonestown: The Life and Death of Peoples Temple (2006),Documentary,4.0,3,0.005952380952380952,0
4255,Freddy Got Fingered (2001),Comedy,3.5,1,0.0,0
6195,Stone Reader (2002),Documentary,4.5,2,0.002976190476190476,1
5646,Valmont (1989),Drama|Romance,3.25,2,0.002976190476190476,0
66335,Afro Samurai: Resurrection (2009),Animation,3.5,1,0.0,0
79879,Piranha (Piranha 3D) (2010),Action|Horror|Thriller,2.5,1,0.0,0
47894,"Wind That Shakes the Barley, The (2006)",Drama|War,4.0,1,0.0,1
1139,Everything Relative (1996),Drama,2.5,1,0.0,0
92687,"Boys, The (Pojat) (1962)",Drama|War,3.0,1,0.0,0
27436,Mockingbird Don't Sing (2001),Drama,3.0,1,0.0,0
51265,Dead Heat on a Merry-Go-Round (1966),Comedy|Crime,3.0,1,0.0,0
81383,Heartbreaker (L'Arnacoeur) (2010),Comedy|Romance,4.5,1,0.0,1
6211,Ten (2002),Drama,1.0,1,0.0,0
68831,Ghosts of Cité Soleil (2006),Action|Documentary|Drama|Romance|War,3.5,1,0.0,0
90746,"Adventures of Tintin, The (2011)",Action|Animation|Mystery|IMAX,4.0,6,0.01488095238095238,1
72176,Big Fan (2009),Comedy|Crime|Drama,3.0,1,0.0,0
74452,"Wolfman, The (2010)",Horror|Thriller,0.5,1,0.0,0
64249,Shrek the Halls (2007),Adventure|Animation|Comedy|Fantasy,3.0,2,0.002976190476190476,0
86668,Louis Theroux: Law & Disorder (2008),Documentary,4.0,1,0.0,1
26681,Bullet in the Head (1990),Action|Drama|War,3.25,4,0.008928571428571428,0
7260,Latter Days (2003),Comedy|Drama|Romance,4.0,2,0.002976190476190476,0
2928,"Razor's Edge, The (1984)",Drama,3.5,2,0.002976190476190476,0
97057,Kon-Tiki (2012),Adventure|Documentary|Drama,3.5,1,0.0,0
102720,Epic (2013),Adventure|Animation|Fantasy,2.0,1,0.0,0
6483,From Justin to Kelly (2003),Musical|Romance,2.0,1,0.0,0
68945,Neon Genesis Evangelion: Death & Rebirth (Shin seiki Evangelion Gekijô-ban: Shito shinsei) (1997),Action|Animation|Mystery|Sci-Fi,5.0,1,0.0,1
6822,"Ballad of Little Jo, The (1993)",Drama|Western,2.5,1,0.0,0
45106,American Dreamz (2006),Comedy|Drama,1.5,2,0.002976190476190476,0
80917,Monsters (2010),Drama|Sci-Fi,2.0,2,0.002976190476190476,0
69524,Raiders of the Lost Ark: The Adaptation (1989),Action|Adventure|Thriller,4.5,1,0.0,1
7995,"Wild Angels, The (1966)",Action|Drama,3.0,1,0.0,0
6037,Summer Lovers (1982),Comedy|Drama|Romance,4.5,1,0.0,1
3810,White Sands (1992),Drama|Thriller,3.0,2,0.002976190476190476,0
3391,Who's That Girl? (1987),Comedy,3.0,2,0.002976190476190476,1
7206,Mon Oncle (My Uncle) (1958),Comedy,4.25,2,0.002976190476190476,1
26444,"Hitch Hikers Guide to the Galaxy, The (1981)",Adventure|Comedy|Sci-Fi,5.0,1,0.0,1
114713,Annabelle (2014),Horror,0.5,1,0.0,0
87921,"Ward, The (2010)",Horror|Thriller,3.5,1,0.0,0
6855,"Murderous Maids (Blessures assassines, Les) (2000)",Drama,3.0,1,0.0,0
80846,Devil (2010),Horror|Mystery|Thriller,3.5,5,0.011904761904761904,0
1368,"Forbidden Christ, The (Cristo proibito, Il) (1950)",Drama,5.0,1,0.0,1
88837,"Trotsky, The (2009)",Comedy,4.5,1,0.0,1
5625,Moonlight Mile (2002),Drama|Romance,4.0,1,0.0,1
3138,Stealing Home (1988),Drama,2.75,4,0.008928571428571428,0
34008,Caterina in the Big City (Caterina va in città) (2003),Drama|Romance,3.0,1,0.0,0
4373,Pootie Tang (2001),Comedy,2.25,2,0.002976190476190476,1
2526,Meteor (1979),Sci-Fi,3.0,1,0.0,0
26587,"Decalogue, The (Dekalog) (1989)",Crime|Drama|Romance,4.75,2,0.002976190476190476,1
753,"Month by the Lake, A (1995)",Comedy|Drama|Romance,3.0,1,0.0,0
8849,Under the Cherry Moon (1986),Comedy|Drama|Musical|Romance,3.0,1,0.0,0
5990,Pinocchio (2002),Children|Comedy|Fantasy,1.5,1,0.0,0
4802,Operation Petticoat (1959),Action|Comedy|Romance|War,3.5,3,0.005952380952380952,1
5315,Chelsea Walls (2001),Drama,2.0,1,0.0,0
8698,"Comfort of Strangers, The (1990)",Drama,4.0,1,0.0,1
72921,Snow White (1916),Fantasy|Romance,3.5,1,0.0,0
30818,Beyond the Sea (2004),Drama|Musical,2.75,2,0.002976190476190476,0
5472,1776 (1972),Children|Drama|Musical,3.25,2,0.002976190476190476,0
6798,Bugsy Malone (1976),Children|Comedy|Crime|Musical,2.5,1,0.0,0
449,Fear of a Black Hat (1994),Comedy,3.5,4,0.008928571428571428,1
7107,Foul Play (1978),Comedy|Thriller,3.1666666666666665,3,0.005952380952380952,0
31934,"Four Feathers, The (1939)",Adventure|War,3.0,1,0.0,0
27864,She Hate Me (2004),Comedy|Drama,2.5,1,0.0,0
94558,Beyond the Black Rainbow (2010),Mystery|Sci-Fi,2.5,1,0.0,0
7946,Reflections in a Golden Eye (1967),Drama,1.0,1,0.0,0
82242,Rare Exports: A Christmas Tale (Rare Exports) (2010),Action|Comedy,4.0,1,0.0,1
33288,Kes (1969),Drama,2.5,2,0.002976190476190476,0
44937,"Child, The (L'enfant) (2005)",Crime|Drama,2.0,1,0.0,0
2522,Airport '77 (1977),Drama,0.5,1,0.0,0
8793,PTU (2003),Crime|Drama,2.5,1,0.0,0
6522,Man's Favorite Sport? (1964),Comedy,3.0,1,0.0,0
8920,"Country Girl, The (1954)",Drama,4.0,2,0.002976190476190476,1
8690,Slaughterhouse-Five (1972),Comedy|Drama|Sci-Fi|War,4.0,3,0.005952380952380952,1
1601,Hoodlum (1997),Crime|Drama|Film-Noir,3.0,1,0.0,0
7456,Valentin (Valentín) (2002),Drama,3.75,2,0.002976190476190476,0
70846,Lorna's Silence (Le silence de Lorna) (2008),Drama,3.0,1,0.0,0
99787,"Haunted House, A (2013)",Comedy|Horror,0.5,1,0.0,0
100244,"East, The (2013)",Drama,3.25,2,0.002976190476190476,0
97010,Hood of the Living Dead (2005),Horror,3.0,1,0.0,0
488,M. Butterfly (1993),Drama|Romance,4.0,2,0.002976190476190476,1
26775,Johnny Suede (1991),Comedy|Musical|Romance,2.0,1,0.0,0
26220,"Violent City (Family, The) (Città violenta) (1970)",Action|Crime|Drama,4.0,1,0.0,1
4313,"Man Who Cried, The (2000)",Drama,4.5,1,0.0,1
3224,Woman in the Dunes (Suna no onna) (1964),Drama,1.875,4,0.008928571428571428,0
8235,Safety Last! (1923),Action|Comedy|Romance,4.25,2,0.002976190476190476,1
114261,Affluenza (2014),Drama,1.0,1,0.0,0
64197,Hunger (2008),Drama,4.25,4,0.008928571428571428,1
5719,Charlie Chan and the Curse of the Dragon Queen (1981),Comedy|Mystery,3.5,1,0.0,0
5707,Absence of Malice (1981),Drama|Romance,3.75,4,0.008928571428571428,1
3303,Black Tar Heroin: The Dark End of the Street (2000),Documentary,4.0,1,0.0,1
5431,Goin' South (1978),Comedy|Western,1.0,1,0.0,0
2753,"Bedroom Window, The (1987)",Thriller,3.0,2,0.002976190476190476,1
6178,"Patch of Blue, A (1965)",Drama|Romance,4.5,2,0.002976190476190476,1
6509,Ali: Fear Eats the Soul (Angst essen Seele auf) (1974),Drama|Romance,4.5,1,0.0,1
45730,Lady in the Water (2006),Drama|Fantasy|Mystery,3.1666666666666665,3,0.005952380952380952,0
6044,Blind Date (1984),Horror|Thriller,1.0,1,0.0,0
5531,Undisputed (2002),Drama,3.5,1,0.0,0
86345,Louis C.K.: Hilarious (2010),Comedy,4.25,4,0.008928571428571428,1
4960,"Independent, The (2000)",Comedy,4.0,1,0.0,1
4068,Sugar & Spice (2001),Comedy,3.25,4,0.008928571428571428,0
443,"Endless Summer 2, The (1994)",Adventure|Documentary,3.0,3,0.005952380952380952,0
119145,Kingsman: The Secret Service (2015),Action|Adventure|Comedy|Crime,1.5,1,0.0,0
6023,Band of Outsiders (Bande à part) (1964),Comedy|Crime|Drama|Romance,3.5,1,0.0,0
36850,Police Story 2 (Ging chaat goo si juk jaap) (1988),Action|Comedy|Crime|Thriller,4.0,1,0.0,1
95002,Contagion / Bio Slime (2010),Horror,4.0,1,0.0,1
90243,Three Outlaw Samurai (Sanbiki no samurai) (1964),Action|Drama,3.5,2,0.002976190476190476,0
27152,Pitkä kuuma kesä (1999),Comedy|Drama,2.0,1,0.0,0
111360,Lucy (2014),Action|Sci-Fi,3.25,2,0.002976190476190476,0
1647,Playing God (1997),Crime|Drama|Thriller,2.5,4,0.008928571428571428,0
7418,"American Nightmare, The (2000)",Documentary,4.0,1,0.0,1
8381,For Me and My Gal (1942),Drama|Musical|Romance,3.5,1,0.0,0
7442,Young Adam (2003),Crime|Drama|Thriller,4.0,1,0.0,1
847,"Big Squeeze, The (1996)",Comedy|Drama,2.0,1,0.0,0
2204,Saboteur (1942),Mystery|Thriller,4.0,2,0.002976190476190476,1
4580,Cyborg (1989),Action|Sci-Fi,2.8333333333333335,3,0.005952380952380952,0
6488,Jet Lag (Décalage horaire) (2002),Comedy|Romance,2.5,2,0.002976190476190476,0
78557,Aladin (2009),Comedy|Fantasy|Musical|Romance,3.5,1,0.0,0
42721,BloodRayne (2005),Action|Fantasy,0.5,1,0.0,0
115122,What We Do in the Shadows (2014),Comedy|Horror,4.0,1,0.0,1
64900,"Chinese Ghost Story II, A (Sien nui yau wan II yan gaan do) (1990)",Action|Adventure|Fantasy|Horror|Romance,4.0,1,0.0,1
44903,Dementia (a.k.a. Daughter of Horror) (1955),Horror|Mystery,3.0,1,0.0,0
114662,American Sniper (2014),Action|War,3.25,2,0.002976190476190476,0
3540,Passion of Mind (2000),Drama|Mystery|Romance,3.0,2,0.002976190476190476,1
6826,"Shakiest Gun in the West, The (1968)",Comedy|Western,2.5,1,0.0,0
97660,Last Ride (2009),Drama,3.5,1,0.0,0
80858,You Again (2010),Comedy,3.0,1,0.0,0
79274,Batman: Under the Red Hood (2010),Action|Animation,3.75,2,0.002976190476190476,0
6076,Enigma (1983),Drama|Sci-Fi,3.0,1,0.0,0
104913,Rush (2013),Action|Drama,4.5,1,0.0,1
99813,"Batman: The Dark Knight Returns, Part 2 (2013)",Action|Animation,4.5,1,0.0,1
1511,"Chef in Love, A (Shekvarebuli kulinaris ataserti retsepti) (1997)",Comedy|Romance,4.0,1,0.0,1
6980,Mr. Hobbs Takes a Vacation (1962),Comedy,2.5,1,0.0,0
90863,George Harrison: Living in the Material World (2011),Documentary,3.5,1,0.0,0
4602,Harlem Nights (1989),Comedy|Crime|Romance,2.25,2,0.002976190476190476,0
111622,Begin Again (2013),Comedy|Romance,4.166666666666667,3,0.005952380952380952,1
52458,Disturbia (2007),Drama|Thriller,2.2,5,0.011904761904761904,0
6260,"Robe, The (1953)",Drama,2.0,2,0.002976190476190476,0
1058,Bitter Sugar (Azúcar amarga) (1996),Drama,4.0,1,0.0,1
451,Flesh and Bone (1993),Drama|Mystery|Romance,3.6666666666666665,3,0.005952380952380952,1
8814,Without a Paddle (2004),Comedy,3.375,4,0.008928571428571428,0
51174,Factory Girl (2006),Drama,3.5,2,0.002976190476190476,0
111320,Mom's Night Out (2014),Comedy,2.0,1,0.0,0
39529,"Race for Your Life, Charlie Brown (1977)",Adventure|Animation|Children,1.0,1,0.0,0
1400,Somebody is Waiting (1996),Drama,1.0,1,0.0,0
5095,"Scotland, Pa. (2001)",Comedy|Crime,3.5,1,0.0,0
70197,My First War (2008),Documentary,1.5,1,0.0,0
26629,Killer Klowns from Outer Space (1988),Comedy|Horror|Sci-Fi,2.5,2,0.002976190476190476,0
5808,"Weight of Water, The (2000)",Thriller,1.0,1,0.0,0
92048,"Whistleblower, The (2010)",Drama|Thriller,3.5,1,0.0,0
5754,"Hand, The (1981)",Drama|Horror,2.0,1,0.0,0
26784,Night and the City (1992),Crime|Drama,2.5,1,0.0,0
26949,Freakin' Beautiful World (Sairaan kaunis maailma) (1997),Drama,4.0,1,0.0,1
51082,Tyler Perry's Daddy's Little Girls (2007),Comedy|Romance,2.5,1,0.0,0
6713,Millennium Actress (Sennen joyû) (2001),Animation|Drama|Romance,3.8333333333333335,3,0.005952380952380952,1
7991,Death Race 2000 (1975),Action|Sci-Fi,3.3333333333333335,3,0.005952380952380952,0
87383,Curly Top (1935),Children|Musical|Romance,3.0,1,0.0,0
32707,Blue (1993),Drama,4.0,1,0.0,1
4486,Clean and Sober (1988),Drama,3.0,1,0.0,0
70984,Taking Woodstock (2009),Comedy,0.5,1,0.0,0
34767,My Date with Drew (2004),Comedy|Documentary|Romance,3.0,1,0.0,0
91890,"Iron Lady, The (2011)",Drama,3.25,2,0.002976190476190476,1
61742,Maradona by Kusturica (2008),Documentary,0.5,1,0.0,0
89102,Freakonomics (2010),Documentary,2.0,1,0.0,0
6685,Marci X (2003),Comedy|Musical,3.5,1,0.0,0
27255,"Wind Will Carry Us, The (Bad ma ra khahad bord) (1999)",Drama,3.5,2,0.002976190476190476,0
8524,"High and the Mighty, The (1954)",Drama,3.0,2,0.002976190476190476,1
27238,Guest House Paradiso (1999),Comedy|Thriller,3.5,1,0.0,0
51834,Becoming Jane (2007),Drama|Romance,4.0,1,0.0,1
1525,Warriors of Virtue (1997),Action|Adventure|Children|Fantasy,1.75,2,0.002976190476190476,0
4430,Popcorn (1991),Horror,3.0,1,0.0,0
4772,Dinner Rush (2000),Drama,4.0,1,0.0,1
115149,John Wick (2014),Action|Thriller,3.0,2,0.002976190476190476,0
62799,"Express, The (2008)",Drama,4.0,1,0.0,1
31555,Mac and Me (1988),Children|Fantasy|Sci-Fi,4.5,1,0.0,1
25971,Carrie (1952),Drama|Romance,3.5,2,0.002976190476190476,0
6400,Murder on a Sunday Morning (Un coupable idéal) (2001),Documentary,3.5,1,0.0,0
6672,War Photographer (2001),Documentary|War,0.5,1,0.0,0
4130,Maid to Order (1987),Comedy|Fantasy,2.0,1,0.0,0
1926,"Broadway Melody, The (1929)",Musical,3.0,1,0.0,0
27833,Silver City (2004),Comedy|Drama|Mystery|Thriller,3.0,1,0.0,0
94150,Hysteria (2011),Comedy|Romance,3.0,1,0.0,0
51939,TMNT (Teenage Mutant Ninja Turtles) (2007),Action|Adventure|Animation|Children|Comedy|Fantasy,3.0,2,0.002976190476190476,0
74668,District 13: Ultimatum (Banlieue 13 - Ultimatum) (2009),Action|Sci-Fi,2.5,2,0.002976190476190476,0
3046,"Incredibly True Adventure of Two Girls in Love, The (1995)",Comedy|Romance,3.5,4,0.008928571428571428,1
46604,Curse of the Pink Panther (1983),Comedy|Crime|Mystery,2.75,2,0.002976190476190476,0
51520,Teen Wolf Too (1987),Comedy,2.0,1,0.0,0
513,Radioland Murders (1994),Comedy|Mystery|Romance,3.0,2,0.002976190476190476,0
52867,"Ex, The (2007)",Comedy|Romance,3.5,1,0.0,0
58425,Heima (2007),Documentary,4.0,2,0.002976190476190476,1
3679,"Decline of Western Civilization, The (1981)",Documentary|Musical,3.5,1,0.0,0
99728,Gangster Squad (2013),Action|Crime|Drama,3.0,4,0.008928571428571428,0
6775,Life and Debt (2001),Documentary,3.0,1,0.0,0
5636,Welcome to Collinwood (2002),Comedy|Crime,3.0,1,0.0,0
81441,Mitä meistä tuli (2009),Crime|Drama|Thriller,3.5,1,0.0,0
5843,Toy Soldiers (1991),Action|Drama,2.1666666666666665,3,0.005952380952380952,0
8269,Short Time (1990),Comedy,3.0,1,0.0,0
100745,TPB AFK: The Pirate Bay Away from Keyboard (2013),Documentary,4.0,1,0.0,1
5085,Carmen Jones (1954),Drama|Musical,3.5,1,0.0,0
69134,Antichrist (2009),Drama|Fantasy,4.0,1,0.0,1
4522,Masquerade (1988),Mystery|Romance|Thriller,3.0,1,0.0,0
6818,Come and See (Idi i smotri) (1985),Drama|War,3.0,2,0.002976190476190476,1
3772,"Hatchet for the Honeymoon (Rosso segno della follia, Il) (1970)",Fantasy|Horror|Thriller,3.0,1,0.0,0
33421,Dear Wendy (2005),Drama,4.0,2,0.002976190476190476,0
5080,Slackers (2002),Comedy,2.75,2,0.002976190476190476,0
1855,Krippendorf's Tribe (1998),Comedy,1.5,2,0.002976190476190476,0
88879,Gantz (2011),Action|Horror|Sci-Fi,4.0,1,0.0,1
2741,No Mercy (1986),Action|Crime|Thriller,3.0,1,0.0,0
31101,Stander (2003),Action|Crime|Drama,3.0,1,0.0,0
2128,Safe Men (1998),Comedy,3.0,1,0.0,0
5348,Hollywood Ending (2002),Comedy|Drama,3.5,1,0.0,0
7713,Cat People (1942),Drama|Horror|Romance|Thriller,3.5,3,0.005952380952380952,0
310,Rent-a-Kid (1995),Comedy,3.5,1,0.0,0
8731,Moulin Rouge (1952),Drama,4.0,1,0.0,1
4798,Indiscreet (1958),Comedy|Romance,3.5,1,0.0,0
77330,Red Riding: 1980 (2009),Crime|Drama|Mystery,4.0,1,0.0,1
1846,Nil By Mouth (1997),Drama,3.25,2,0.002976190476190476,0
5264,Clockstoppers (2002),Action|Adventure|Sci-Fi|Thriller,3.25,2,0.002976190476190476,0
27109,Lady Snowblood (Shurayukihime) (1973),Action|Crime|Drama|Thriller,4.0,1,0.0,1
525,"Saint of Fort Washington, The (1993)",Drama,4.0,1,0.0,1
27366,Werckmeister Harmonies (Werckmeister harmóniák) (2000),Drama,5.0,1,0.0,1
6950,"Missing, The (2003)",Adventure|Thriller|Western,3.8333333333333335,3,0.005952380952380952,1
93326,This Means War (2012),Action|Comedy|Romance,0.5,1,0.0,0
66744,"Divo, Il (2008)",Drama,4.0,1,0.0,1
6082,"Grey Fox, The (1982)",Romance|Western,3.5,1,0.0,0
96367,Hit and Run (Hit & Run) (2012),Action|Comedy|Romance,2.5,1,0.0,0
7415,"Late Show, The (1977)",Comedy|Crime|Drama|Mystery,3.75,2,0.002976190476190476,1
49817,"Plague Dogs, The (1982)",Adventure|Animation|Drama,4.5,1,0.0,1
105755,"Counselor, The (2013)",Crime|Drama|Thriller,2.0,1,0.0,0
483,King of the Hill (1993),Drama,4.5,2,0.002976190476190476,1
2998,Dreaming of Joseph Lees (1999),Drama|Romance,2.0,1,0.0,0
3929,"Bank Dick, The (1940)",Comedy,2.6,5,0.011904761904761904,1
55286,Things We Lost in the Fire (2007),Drama|Romance,4.0,1,0.0,1
893,Mother Night (1996),Drama,3.0,1,0.0,0
2039,Cheetah (1989),Adventure|Children,2.5,2,0.002976190476190476,1
32013,Loop the Loop (Up and Down) (Horem pádem) (2004),Comedy,3.5,1,0.0,0
7127,Run (1991),Action|Drama|Thriller,3.5,1,0.0,0
4403,"Fall of the House of Usher, The (House of Usher) (1960)",Horror,3.5,1,0.0,0
45506,Twelve and Holding (2005),Drama,3.5,1,0.0,0
6182,"Thrill of It All, The (1963)",Comedy,3.5,1,0.0,0
78105,Prince of Persia: The Sands of Time (2010),Action|Adventure|Fantasy|Romance|IMAX,3.1666666666666665,3,0.005952380952380952,0
2635,"Mummy's Curse, The (1944)",Horror,3.5,1,0.0,0
6221,Gaudi Afternoon (2001),Comedy|Drama|Mystery,1.0,1,0.0,0
603,"Bye Bye, Love (1995)",Comedy,3.5,2,0.002976190476190476,0
59026,99 francs (2007),Comedy,3.5,2,0.002976190476190476,0
30867,Kamikaze Girls (Shimotsuma monogatari) (2004),Comedy,3.0,1,0.0,0
8591,"Philadelphia Experiment, The (1984)",Adventure|Drama|Sci-Fi,3.5,2,0.002976190476190476,0
104129,Man of Tai Chi (2013),Action|IMAX,4.0,1,0.0,1
1891,"Ugly, The (1997)",Horror|Thriller,1.5,1,0.0,0
98956,Barfi! (2012),Comedy|Drama|Romance,5.0,1,0.0,1
1668,One Night Stand (1997),Drama,2.0,1,0.0,0
7115,Deep Red (Profondo rosso) (1975),Horror|Mystery|Thriller,4.0,2,0.002976190476190476,1
102231,Dragon (Wu Xia) (2011),Action|Drama,3.5,1,0.0,0
7831,Another Thin Man (1939),Comedy|Crime|Drama|Mystery|Romance,3.75,2,0.002976190476190476,0
5648,Ernest in the Army (1998),Comedy,1.5,1,0.0,0
51698,"Last Mimzy, The (2007)",Adventure|Children|Sci-Fi,2.6666666666666665,3,0.005952380952380952,0
91681,"Julia's Eyes (Ojos de Julia, Los) (2010)",Horror|Thriller,3.0,1,0.0,0
50851,Cocaine Cowboys (2006),Documentary,4.25,2,0.002976190476190476,1
6983,Jane Eyre (1944),Drama|Romance,3.5,1,0.0,0
34314,Funny Ha Ha (2002),Comedy|Drama,4.0,1,0.0,1
4426,Kiss Me Deadly (1955),Film-Noir,4.5,2,0.002976190476190476,1
26622,Dominick and Eugene (1988),Drama,3.5,1,0.0,0
2342,Hard Core Logo (1996),Comedy|Drama,4.75,2,0.002976190476190476,1
99117,This Is 40 (2012),Drama,3.5,1,0.0,0
7895,Bring Me the Head of Alfredo Garcia (1974),Crime|Drama|Thriller,3.5,2,0.002976190476190476,1
81768,"Man Who Could Work Miracles, The (1936)",Comedy|Fantasy,4.0,1,0.0,1
35681,Koti-ikävä (2005),Drama,3.5,1,0.0,0
4569,Best of the Best 2 (1993),Action,1.5,2,0.002976190476190476,0
2582,Twin Dragons (Shuang long hui) (1992),Action|Comedy,2.6666666666666665,3,0.005952380952380952,0
2106,Swing Kids (1993),Drama|War,3.5,1,0.0,0
2609,"King of Masks, The (Bian Lian) (1996)",Drama,5.0,1,0.0,1
88678,Almanya - Welcome to Germany (Almanya - Willkommen in Deutschland) (2011),Comedy|Drama,3.5,1,0.0,0
1655,Phantoms (1998),Drama|Horror|Thriller,2.0,1,0.0,0
70565,"Goods: Live Hard, Sell Hard, The (2009)",Comedy,3.0,2,0.002976190476190476,0
8924,I Wanna Hold Your Hand (1978),Comedy,3.5,1,0.0,0
88812,30 Minutes or Less (2011),Action|Comedy|Crime,1.75,2,0.002976190476190476,0
5062,Seconds (1966),Mystery|Sci-Fi|Thriller,4.25,4,0.008928571428571428,1
26342,"Farewell, My Lovely (1975)",Crime|Mystery|Thriller,3.5,1,0.0,0
4114,"Good Morning, Babylon (1987)",Drama,4.0,1,0.0,1
8620,"Exterminating Angel, The (Ángel exterminador, El) (1962)",Comedy|Drama|Fantasy|Mystery,4.25,2,0.002976190476190476,1
72209,Astro Boy (2009),Action|Animation|Children|Sci-Fi,2.5,2,0.002976190476190476,0
99058,"Comedy, The (2012)",Drama,4.0,1,0.0,1
3664,Puppet Master 5: The Final Chapter (1994),Horror|Sci-Fi|Thriller,1.0,1,0.0,0
103606,Stuck in Love (2012),Comedy|Drama|Romance,3.5,1,0.0,0
8670,"Testament of Dr. Mabuse, The (Das Testament des Dr. Mabuse) (1933)",Crime|Horror|Mystery|Thriller,3.75,4,0.008928571428571428,1
7757,Jason and the Argonauts (1963),Action|Adventure|Fantasy,3.5,4,0.008928571428571428,0
91323,"Sitter, The (2011)",Comedy,2.0,1,0.0,0
3423,School Daze (1988),Drama,4.0,2,0.002976190476190476,1
3580,Up at the Villa (2000),Drama,4.0,1,0.0,1
2180,Torn Curtain (1966),Thriller,4.0,2,0.002976190476190476,1
44238,Leprechaun 2 (1994),Comedy|Fantasy|Horror,1.0,1,0.0,0
8618,Johnny Guitar (1954),Drama|Western,3.0,1,0.0,0
2212,"Man Who Knew Too Much, The (1934)",Drama|Thriller,4.25,6,0.01488095238095238,1
1497,Double Team (1997),Action,1.25,2,0.002976190476190476,0
7114,"Collector, The (1965)",Drama|Horror|Thriller,1.5,1,0.0,0
101525,"Place Beyond the Pines, The (2012)",Crime|Drama,3.5,4,0.008928571428571428,0
101070,Wadjda (2012),Drama,5.0,1,0.0,1
50245,Alice in the Cities (Alice in den Stadten) (1974),Drama,4.0,1,0.0,1
27821,"Interpreter, The (2005)",Drama|Thriller,2.8333333333333335,3,0.005952380952380952,0
8605,Taxi 3 (2003),Action|Comedy,3.5,1,0.0,0
27884,Word Wars (2004),Comedy|Documentary|Drama,4.5,1,0.0,1
73488,Blood: The Last Vampire (2009),Action|Horror|Thriller,3.5,1,0.0,0
8681,Lancelot of the Lake (Lancelot du Lac) (1974),Drama|War,1.0,1,0.0,0
3446,Funny Bones (1995),Comedy|Drama,3.0,1,0.0,0
78729,24: Redemption (2008),Action|Adventure|Crime|Drama|Thriller,3.5,1,0.0,0
5745,"Four Seasons, The (1981)",Comedy|Drama,2.75,2,0.002976190476190476,0
386,S.F.W. (1994),Drama,3.0,1,0.0,0
49085,"Big City, The (Mahanagar) (1963)",Drama,5.0,1,0.0,1
80094,"Last Exorcism, The (2010)",Horror|Thriller,5.0,1,0.0,1
127246,Act of Aggression (1975),Crime|Drama,3.0,1,0.0,0
99024,Asylum Blackout (2011),Horror|Thriller,4.0,1,0.0,1
26171,Play Time (a.k.a. Playtime) (1967),Comedy,5.0,1,0.0,1
3493,Torso (1973),Horror|Mystery|Thriller,3.0,1,0.0,0
7565,Cat-Women of the Moon (a.k.a. Rocket to the Moon) (1953),Adventure|Sci-Fi,2.0,1,0.0,0
5395,"Gambler, The (1974)",Drama,2.5,2,0.002976190476190476,0
1317,I'm Not Rappaport (1996),Comedy,2.5,2,0.002976190476190476,0
26495,Yellowbeard (1983),Action|Adventure|Comedy,3.0,1,0.0,0
7487,Henry & June (1990),Drama,2.1666666666666665,3,0.005952380952380952,0
56563,Helvetica (2007),Documentary,3.0,1,0.0,0
7167,Japanese Story (2003),Drama,4.0,1,0.0,1
7493,"Three Faces of Eve, The (1957)",Drama,3.5,1,0.0,0
3974,"Little Vampire, The (2000)",Adventure|Children,3.25,2,0.002976190476190476,0
3389,Let's Get Harry (1986),Action|Adventure,4.0,1,0.0,1
139,Target (1995),Action|Drama,4.0,1,0.0,1
50703,"Secret, The (2006)",Documentary,5.0,1,0.0,1
69275,Dead Snow (Død snø) (2009),Action|Adventure|Comedy|Horror,0.5,1,0.0,0
6320,Scenes from a Mall (1991),Comedy,4.0,1,0.0,1
4169,Blow Dry (a.k.a. Never Better) (2001),Comedy,3.0,1,0.0,0
5284,Crush (2001),Comedy|Romance,1.0,1,0.0,0
5543,"Swarm, The (1978)",Action|Horror|Sci-Fi,2.25,2,0.002976190476190476,0
90717,Tower Heist (2011),Action|Comedy|Crime,2.5,1,0.0,0
32239,Save the Green Planet! (Jigureul jikyeora!) (2003),Comedy|Drama|Horror|Sci-Fi|Thriller,2.25,2,0.002976190476190476,1
109578,Non-Stop (2014),Action|Mystery|Thriller,5.0,1,0.0,1
5584,Ernest Goes to Jail (1990),Comedy,2.0,3,0.005952380952380952,0
1602,Leave It to Beaver (1997),Comedy,1.0,1,0.0,0
6316,"Wiz, The (1978)",Adventure|Children|Comedy|Fantasy|Musical,2.25,2,0.002976190476190476,0
5307,Taking Care of Business (1990),Comedy,3.0,1,0.0,0
2856,I Saw What You Did (1965),Thriller,3.5,2,0.002976190476190476,0
27410,Conspiracy (2001),Drama|War,4.5,2,0.002976190476190476,1
77841,St Trinian's 2: The Legend of Fritton's Gold (2009),Adventure|Comedy,4.0,1,0.0,1
4382,Wolves (1999),Documentary|IMAX,3.0,1,0.0,0
5827,"Young Americans, The (1993)",Crime|Drama,2.0,1,0.0,0
89846,Bobby Fischer Against the World (2011),Documentary,2.0,1,0.0,0
4981,Clockwise (1986),Comedy,3.5,1,0.0,0
57637,"Signal, The (2007)",Horror|Sci-Fi|Thriller,2.0,1,0.0,0
2610,Three Seasons (1999),Drama,4.0,1,0.0,1
80727,Middle Men (2010),Comedy|Crime|Drama,5.0,1,0.0,1
2519,House on Haunted Hill (1959),Drama|Horror|Thriller,4.0,1,0.0,1
5884,Chopper Chicks in Zombietown (1989),Comedy|Horror,3.0,1,0.0,0
3485,Autopsy (Macchie Solari) (1975),Horror,3.0,1,0.0,0
67186,"Haunting in Connecticut, The (2009)",Horror|Thriller,2.0,1,0.0,0
111759,Edge of Tomorrow (2014),Action|Sci-Fi|IMAX,4.75,2,0.002976190476190476,1
5794,Good Work (Beau travail) (1999),Drama,1.0,1,0.0,0
32460,Knockin' on Heaven's Door (1997),Action|Comedy|Crime|Drama,4.0,2,0.002976190476190476,1
2244,"Allnighter, The (1987)",Comedy|Romance,1.5,2,0.002976190476190476,0
6964,Dance with a Stranger (1985),Crime|Drama|Thriller,5.0,1,0.0,1
5908,Scarlet Diva (2000),Drama,3.0,1,0.0,0
6105,Moonlighting (1982),Drama,3.5,1,0.0,0
7675,"Canterville Ghost, The (1944)",Comedy|Fantasy,3.5,1,0.0,0
1121,Glory Daze (1995),Drama,0.5,1,0.0,0
76143,"Bone Man, The (Der Knochenmann) (2009)",Crime|Thriller,4.0,1,0.0,1
70994,Halloween II (2009),Horror|Thriller,2.5,1,0.0,0
5141,"Bad News Bears in Breaking Training, The (1977)",Comedy,2.5,3,0.005952380952380952,0
8593,Juice (1992),Action|Crime|Drama|Thriller,3.5,1,0.0,0
48319,Flyboys (2006),Action|Adventure|Drama|War,0.5,1,0.0,0
3619,"Hollywood Knights, The (1980)",Comedy,3.75,2,0.002976190476190476,0
2911,"Grandfather, The (Abuelo, El) (1998)",Drama,3.5,1,0.0,0
6994,"Hard Way, The (1991)",Action|Comedy,2.75,2,0.002976190476190476,0
4861,Mission to Mir (1997),Documentary|IMAX,3.0,1,0.0,0
78278,No One Knows About Persian Cats (Kasi az gorbehaye irani khabar nadareh) (2009),Drama,2.0,1,0.0,0
31867,Man of the House (2005),Action|Comedy,2.0,1,0.0,0
69253,New in Town (2009),Comedy|Romance,3.5,1,0.0,0
94478,Dark Shadows (2012),Comedy|Horror|IMAX,2.0,1,0.0,0
45200,"Coast Guard, The (Hae anseon) (2002)",Drama,3.0,1,0.0,0
3631,It's in the Water (1998),Comedy,2.25,2,0.002976190476190476,0
26365,Futureworld (1976),Sci-Fi|Thriller,4.0,1,0.0,1
4100,Disorderlies (1987),Comedy,1.5,1,0.0,0
27338,"Hole, The (2001)",Crime|Drama|Horror|Mystery|Thriller,2.75,2,0.002976190476190476,1
4972,"Owl and the Pussycat, The (1970)",Comedy,3.75,2,0.002976190476190476,0
108729,Enemy (2013),Mystery|Thriller,3.75,2,0.002976190476190476,1
109731,Legend of the Boneknapper Dragon (2010),Animation|Fantasy,0.5,1,0.0,0
62970,Tin Man (2007),Adventure|Fantasy|Sci-Fi,4.0,2,0.002976190476190476,1
112421,Frank (2014),Comedy|Drama|Mystery,2.5,1,0.0,0
4833,"Changeling, The (1980)",Horror|Mystery|Thriller,3.1666666666666665,3,0.005952380952380952,0
6547,Northfork (2003),Drama|Fantasy,4.0,1,0.0,1
3132,Daddy Long Legs (1919),Comedy|Drama,3.0,1,0.0,0
5601,"Yearling, The (1946)",Children|Drama,4.0,1,0.0,1
26492,Twilight Zone: The Movie (1983),Fantasy|Horror|Sci-Fi|Thriller,2.75,2,0.002976190476190476,0
5643,Powaqqatsi (1988),Documentary,4.5,1,0.0,1
41691,"Generation, A (Pokolenie) (1955)",Drama|War,4.0,1,0.0,1
138,"Neon Bible, The (1995)",Drama,3.5,2,0.002976190476190476,1
51357,Citizen X (1995),Crime|Drama|Thriller,3.5,2,0.002976190476190476,1
3158,"Emperor and the Assassin, The (Jing ke ci qin wang) (1999)",Drama,3.3,5,0.011904761904761904,0
4229,Say It Isn't So (2001),Comedy|Romance,2.357142857142857,7,0.017857142857142856,0
32464,City of Hope (1991),Drama,4.0,1,0.0,1
27046,"Murder of Crows, A (1998)",Action|Crime|Thriller,3.0,1,0.0,0
32162,My Sister Eileen (1955),Comedy|Musical|Romance,2.5,1,0.0,0
46572,Edmond (2005),Drama|Thriller,3.5,1,0.0,0
58975,"Ruins, The (2008)",Horror|Thriller,4.0,1,0.0,1
8757,Lovers and Other Strangers (1970),Comedy,3.5,1,0.0,0
108689,"I, Frankenstein (2014)",Action|Fantasy|Sci-Fi|IMAX,1.0,1,0.0,0
2547,Harvest (1998),Drama,4.0,1,0.0,1
32469,We're No Angels (1955),Comedy|Crime|Drama,3.5,1,0.0,0
554,Trial by Jury (1994),Crime|Drama|Thriller,3.0,4,0.008928571428571428,0
74306,"Sun, The (Solntse) (2005)",Drama,2.0,1,0.0,0
5804,"Santa Clause 2, The (2002)",Children|Comedy|Fantasy|Romance,3.3333333333333335,3,0.005952380952380952,1
68263,Mammoth (Mammut) (2009),Drama,2.5,1,0.0,0
3041,Meatballs Part II (1984),Comedy,2.0,2,0.002976190476190476,0
109487,Interstellar (2014),Sci-Fi|IMAX,4.0,4,0.008928571428571428,0
8295,"Most Dangerous Game, The (1932)",Adventure|Mystery|Thriller,4.5,1,0.0,1
65142,Loft (2008),Crime|Drama|Mystery,3.5,1,0.0,0
4502,Ernest Saves Christmas (1988),Children|Comedy,1.9,5,0.011904761904761904,0
5855,Shock Treatment (1981),Comedy|Musical|Sci-Fi,4.0,1,0.0,1
4570,"Big Picture, The (1989)",Comedy|Drama,4.0,2,0.002976190476190476,1
114180,"Maze Runner, The (2014)",Action|Mystery|Sci-Fi,3.5,2,0.002976190476190476,1
6108,"That Night in Varennes (Nuit de Varennes, La) (1982)",Drama,2.5,1,0.0,0
3557,Jennifer 8 (1992),Mystery|Thriller,3.25,2,0.002976190476190476,0
59590,Young at Heart (a.k.a. Young@Heart) (2007),Documentary|Musical,2.5,1,0.0,0
4241,Pokémon 3: The Movie (2001),Animation|Children,1.625,4,0.008928571428571428,0
26840,Sonatine (Sonachine) (1993),Action|Comedy|Crime|Drama,3.0,1,0.0,0
6002,Love Liza (2002),Drama,4.0,1,0.0,1
40,"Cry, the Beloved Country (1995)",Drama,3.3333333333333335,3,0.005952380952380952,0
4564,Always (1989),Drama|Fantasy|Romance,3.0,7,0.017857142857142856,0
70032,Visioneers (2008),Comedy,3.0,1,0.0,0
67665,Anvil! The Story of Anvil (2008),Documentary|Musical,4.0,1,0.0,1
73145,Under the Bridges (Unter den Brücken) (1945),Comedy|Drama|Romance,3.5,1,0.0,0
45100,Battle in Heaven (Batalla en el cielo) (2005),Comedy|Drama|Romance,4.0,1,0.0,1
93272,Dr. Seuss' The Lorax (2012),Animation|Fantasy|Musical|IMAX,3.5,1,0.0,0
6232,Born Free (1966),Adventure|Children|Drama,3.75,2,0.002976190476190476,1
8387,Police Academy: Mission to Moscow (1994),Comedy|Crime,0.6,5,0.011904761904761904,0
79800,Life During Wartime (2009),Comedy|Drama,3.0,1,0.0,0
2751,From the Hip (1987),Comedy|Drama,4.0,1,0.0,1
4438,"Fist of Fury (Chinese Connection, The) (Jing wu men) (1972)",Action|Drama|Romance|Thriller,4.5,1,0.0,1
3133,Go West (1925),Comedy|Western,3.0,1,0.0,0
53406,Go (2001),Drama,4.25,2,0.002976190476190476,1
55492,"Last Winter, The (2006)",Horror,2.5,1,0.0,0
83082,Mao's Last Dancer (2009),Drama,4.5,1,0.0,1
73023,Crazy Heart (2009),Drama|Romance,4.0,2,0.002976190476190476,0
55926,Hellfighters (1968),Action|Adventure,3.25,2,0.002976190476190476,0
6092,"Last American Virgin, The (1982)",Comedy|Drama,1.0,1,0.0,0
57951,Fool's Gold (2008),Action|Adventure|Comedy|Romance,3.0,1,0.0,0
6559,Little Giants (1994),Children|Comedy,4.0,1,0.0,1
5628,Wasabi (2001),Action|Comedy|Crime|Drama|Thriller,4.0,2,0.002976190476190476,1
40697,Babylon 5,Sci-Fi,3.5,1,0.0,0
79592,"Other Guys, The (2010)",Action|Comedy,3.5,2,0.002976190476190476,0
3913,Barenaked in America (1999),Documentary,1.0,1,0.0,0
6355,"Girls, Les (1957)",Musical,3.5,1,0.0,0
5212,"Octagon, The (1980)",Action,1.5,1,0.0,0
5061,Mrs. Soffel (1984),Drama|Romance,3.0,2,0.002976190476190476,0
47725,Angel-A (2005),Comedy|Drama|Fantasy|Romance,4.0,2,0.002976190476190476,1
4441,Game of Death (1978),Action,3.5,1,0.0,0
5726,Dead & Buried (1981),Horror,2.0,3,0.005952380952380952,0
666,All Things Fair (Lust och fägring stor) (1995),Drama|Romance|War,5.0,1,0.0,1
7930,"People Under the Stairs, The (1991)",Horror|Mystery|Thriller,3.0,1,0.0,0
2914,Molly (1999),Comedy|Drama,3.0,1,0.0,0
79897,Get Low (2009),Comedy|Drama|Mystery,4.0,2,0.002976190476190476,1
3491,My Chauffeur (1986),Comedy,2.6666666666666665,3,0.005952380952380952,0
5003,"Nine Lives of Fritz the Cat, The (1974)",Animation,1.0,1,0.0,0
3725,American Pop (1981),Animation|Musical,2.5,1,0.0,0
4531,Red Heat (1988),Action,2.75,2,0.002976190476190476,0
92206,Hostel: Part III (2011) ,Horror|Thriller,2.0,1,0.0,0
5748,"Inquisitor, The (a.k.a. Under Suspicion) (Garde à vue) (1981)",Crime|Drama,4.5,1,0.0,1
52967,Away from Her (2006),Drama,4.0,1,0.0,1
6027,Dogfight (1991),Drama|Romance,3.0,1,0.0,0
91634,G.I. Joe: The Revenge of Cobra (1984),Action|Animation,3.0,1,0.0,0
85025,"Eagle, The (2011)",Adventure|Drama,2.0,1,0.0,0
81164,"Hole, The (2009)",Horror|Thriller,2.5,1,0.0,0
6010,Double Whammy (2001),Action|Comedy|Drama,2.5,1,0.0,0
3647,Running Free (1999),Adventure|Children|Drama,1.0,1,0.0,0
4996,Little Otik (Otesánek) (2000),Comedy|Drama|Fantasy,1.25,2,0.002976190476190476,0
81535,Saw VII 3D - The Final Chapter (2010),Horror|Mystery|Thriller,0.5,2,0.002976190476190476,0
5230,"Paleface, The (1948)",Comedy|Western,2.75,2,0.002976190476190476,1
2452,"Gate II: Trespassers, The (1990)",Horror,2.0,1,0.0,0
67068,"Quick and the Dead, The (1987)",Western,3.5,1,0.0,0
7011,"Bullfighter, The (Matador) (1986)",Comedy|Crime|Drama,5.0,1,0.0,1
99005,Fire with Fire (2012),Action|Crime|Drama,3.0,1,0.0,0
621,My Favorite Season (1993),Drama,3.0,2,0.002976190476190476,0
26520,Full Moon in Paris (Les nuits de la pleine lune) (1984),Drama|Romance,3.5,1,0.0,0
1463,That Old Feeling (1997),Comedy|Romance,5.0,1,0.0,1
111924,"Grand Seduction, The (2013)",Comedy,4.0,1,0.0,1
7124,Grass (1999),Documentary,3.0,1,0.0,0
3832,"Black Sabbath (Tre volti della paura, I) (1963)",Horror,4.0,1,0.0,1
42732,Last Holiday (2006),Comedy,2.5,2,0.002976190476190476,0
3854,Aimée & Jaguar (1999),Drama|Romance|War,2.5,1,0.0,0
7055,Swing Time (1936),Comedy|Musical|Romance,3.75,2,0.002976190476190476,1
715,"Horseman on the Roof, The (Hussard sur le toit, Le) (1995)",Drama|Romance,4.0,1,0.0,1
26289,Emperor of the North (Emperor of the North Pole) (1973),Action|Drama|Thriller,3.5,1,0.0,0
27838,Mean Creek (2004),Drama|Thriller,4.0,2,0.002976190476190476,1
87298,Everything Must Go (2010),Comedy|Drama,2.5,1,0.0,0
84273,Zeitgeist: Moving Forward (2011),Documentary,2.5,1,0.0,0
6643,Tokyo Story (Tôkyô monogatari) (1953),Drama,2.5,2,0.002976190476190476,0
6668,"Road Home, The (Wo de fu qin mu qin) (1999)",Drama|Romance,4.0,1,0.0,1
58806,Smart People (2008),Comedy|Drama|Romance,3.75,2,0.002976190476190476,1
25839,Nothing Sacred (1937),Comedy|Drama|Romance,3.5,1,0.0,0
8578,Undead (2003),Action|Comedy|Horror|Sci-Fi,4.0,1,0.0,1
8779,Bon Voyage (2003),Comedy|Drama,4.0,1,0.0,1
62383,"20,000 Leagues Under the Sea (1916)",Action|Adventure|Sci-Fi,3.5,1,0.0,0
86059,Hop (2011),Animation|Children|Comedy,2.5,1,0.0,0
4484,Camille Claudel (1988),Drama,3.0,1,0.0,0
6482,Dumb and Dumberer: When Harry Met Lloyd (2003),Comedy,1.0,2,0.002976190476190476,0
64114,Fireproof (2008),Drama|Romance,1.5,1,0.0,0
2931,Time of the Gypsies (Dom za vesanje) (1989),Comedy|Crime|Drama|Fantasy,1.0,1,0.0,0
30894,White Noise (2005),Drama|Horror|Mystery|Sci-Fi|Thriller,2.5,2,0.002976190476190476,0
8485,Samsara (2001),Adventure|Drama|Romance,4.0,1,0.0,1
58904,Chan Is Missing (1982),Crime,4.5,1,0.0,1
391,Jason's Lyric (1994),Crime|Drama,3.5,1,0.0,0
33725,It's All Gone Pete Tong (2004),Comedy|Drama|Musical,3.1666666666666665,3,0.005952380952380952,0
113642,Night Moves (2013),Drama|Thriller,3.5,1,0.0,0
6480,Thoroughly Modern Millie (1967),Comedy|Musical,3.0,1,0.0,0
3604,Gypsy (1962),Musical,2.0,1,0.0,0
8656,"Short Film About Killing, A (Krótki film o zabijaniu) (1988)",Crime|Drama,4.0,2,0.002976190476190476,1
37287,Gertrud (1964),Drama,3.1666666666666665,3,0.005952380952380952,0
65126,Choke (2008),Comedy|Drama,2.75,2,0.002976190476190476,0
110880,New Orleans Uncensored (1955),Crime|Drama|Film-Noir|Thriller,2.5,1,0.0,0
7940,"Magician, The (Ansiktet) (1958)",Drama,3.5,1,0.0,0
7035,Streets of Fire (1984),Action|Romance,3.25,2,0.002976190476190476,0
8982,I Am David (2003),Drama,3.0,1,0.0,0
48268,Empire Falls (2005),Drama|Romance,3.0,1,0.0,0
72386,Broken Embraces (Los abrazos rotos) (2009),Drama|Romance|Thriller,3.5,1,0.0,0
8978,Christmas with the Kranks (2004),Children|Comedy,1.0,1,0.0,0
717,Mouth to Mouth (Boca a boca) (1995),Comedy,3.0,1,0.0,0
5832,Left Behind II: Tribulation Force (2002),Drama,2.0,1,0.0,0
112515,"Babadook, The (2014)",Drama|Horror|Thriller,3.75,2,0.002976190476190476,1
92422,"Woman in Black, The (2012)",Drama|Horror|Thriller,3.0,2,0.002976190476190476,0
5096,Baby's Day Out (1994),Comedy,1.0,1,0.0,0
88345,Mike's New Car (2002),Animation|Comedy,3.0,1,0.0,0
65601,My Bloody Valentine 3-D (2009),Horror|Thriller,3.0,1,0.0,0
78316,Letters to Juliet (2010),Drama|Romance,3.5,3,0.005952380952380952,1
48879,Catch a Fire (2006),Drama|Thriller,3.5,2,0.002976190476190476,0
6088,Jekyll & Hyde... Together Again (1982),Comedy|Sci-Fi,2.0,1,0.0,0
2812,In Too Deep (1999),Action|Thriller,2.0,1,0.0,0
4559,Vice Versa (1988),Comedy,5.0,1,0.0,1
114439,"November Man, The (2014)",Action|Crime|Thriller,2.0,1,0.0,0
4628,New York Stories (1989),Comedy|Drama,3.25,2,0.002976190476190476,0
111443,Chef (2014),Comedy,3.0,1,0.0,0
2264,We're No Angels (1989),Comedy|Crime,3.25,2,0.002976190476190476,0
54331,You Kill Me (2007),Comedy|Crime|Thriller,3.0,1,0.0,0
4259,"Luzhin Defence, The (2000)",Drama|Romance,4.5,2,0.002976190476190476,1
4837,Cruising (1980),Crime|Drama|Thriller,1.5,2,0.002976190476190476,0
2573,Tango (1998),Drama|Musical,1.0,1,0.0,0
93336,"Night Out, A (1915)",Comedy,1.0,1,0.0,0
332,Village of the Damned (1995),Horror|Sci-Fi,3.0,6,0.01488095238095238,1
7730,Matinee (1993),Comedy|Drama,3.0,3,0.005952380952380952,0
8794,"Unfinished Piece for a Player Piano, An (Neokonchennaya pyesa dlya mekhanicheskogo pianino) (1977)",Drama,4.0,1,0.0,1
57538,Over Her Dead Body (2008),Comedy|Fantasy|Romance,3.25,2,0.002976190476190476,1
2446,In Dreams (1999),Horror|Thriller,3.6666666666666665,3,0.005952380952380952,0
2972,Red Sorghum (Hong gao liang) (1987),Drama|War,3.0,2,0.002976190476190476,1
54251,Dorian Blues (2004),Comedy,3.0,1,0.0,0
6035,Pépé le Moko (1937),Crime|Drama|Romance,4.0,1,0.0,1
97828,Hamoun (1990),Drama,5.0,1,0.0,1
70334,Hannah Montana: The Movie (2009),Comedy|Drama|Musical|Romance,2.5,1,0.0,0
102407,"Great Gatsby, The (2013)",Drama,4.0,4,0.008928571428571428,0
6039,"Woman in Red, The (1984)",Comedy|Romance,3.5,2,0.002976190476190476,1
71252,"Final Destination, The (Final Destination 4) (Final Destination in 3-D, The) (2009)",Horror|Thriller,3.8333333333333335,3,0.005952380952380952,0
8582,Manufacturing Consent: Noam Chomsky and the Media (1992),Documentary|War,2.25,2,0.002976190476190476,1
3056,Oxygen (1999),Crime|Drama|Thriller,4.0,1,0.0,1
6680,Live Nude Girls Unite! (2000),Documentary,3.0,1,0.0,0
7984,From Beyond (1986),Horror|Sci-Fi,3.6666666666666665,3,0.005952380952380952,1
105593,Filth (2013),Comedy|Crime|Drama,3.5,2,0.002976190476190476,0
78160,Ricky Gervais Live: Animals (2003),Comedy,4.0,1,0.0,1
101088,Stoker (2013),Drama|Mystery|Thriller,3.5,2,0.002976190476190476,0
3605,King Creole (1958),Crime|Drama|Musical,2.0,1,0.0,0
925,Golden Earrings (1947),Adventure|Romance|War,1.0,1,0.0,0
104069,Louis C.K.: Oh My God (2013),Comedy,4.0,1,0.0,1
8013,I'm with Lucy (2002),Comedy|Romance,2.5,1,0.0,0
61646,DarkBlueAlmostBlack (Azuloscurocasinegro) (2006),Drama|Romance,4.0,1,0.0,1
1323,Amityville 3-D (1983),Horror,1.75,2,0.002976190476190476,0
106330,Last Vegas (2013),Comedy|Drama|Romance,3.0,1,0.0,0
41724,Wal-Mart: The High Cost of Low Price (2005),Documentary,3.5,3,0.005952380952380952,0
39886,Nine Lives (2005),Drama,1.5,1,0.0,0
820,"Death in the Garden (Mort en ce jardin, La) (1956)",Drama,4.0,1,0.0,1
84696,Burke and Hare (2010),Comedy|Thriller,3.0,1,0.0,0
46803,Young Mr. Lincoln (1939),Drama,4.0,1,0.0,1
341,Double Happiness (1994),Drama,4.0,1,0.0,1
2988,Melvin and Howard (1980),Drama,3.6666666666666665,3,0.005952380952380952,0
3036,"Quest for Fire (Guerre du feu, La) (1981)",Adventure|Drama,3.2,5,0.011904761904761904,0
4429,Moby Dick (1956),Drama,2.5,1,0.0,0
110453,Draft Day (2014),Drama,4.0,1,0.0,1
110548,"Loving Story, The (2011)",Documentary,3.0,1,0.0,0
2177,Family Plot (1976),Comedy|Thriller,1.5,2,0.002976190476190476,0
90576,What's Your Number? (2011),Comedy|Romance,3.5,2,0.002976190476190476,0
1695,Artemisia (1997),Drama,3.625,4,0.008928571428571428,0
4517,Lady in White (a.k.a. The Mystery of the Lady in White) (1988),Horror|Mystery|Thriller,3.0,2,0.002976190476190476,0
8968,After the Sunset (2004),Action|Adventure|Comedy|Crime|Thriller,2.1666666666666665,3,0.005952380952380952,0
71878,"Stepfather, The (2009)",Horror|Thriller,1.5,1,0.0,0
27550,Hell House (2001),Documentary,3.5,1,0.0,0
1016,"Shaggy Dog, The (1959)",Children|Comedy,2.75,2,0.002976190476190476,0
2481,My Name Is Joe (1998),Drama|Romance,3.75,2,0.002976190476190476,1
1404,Night Falls on Manhattan (1996),Crime|Drama,3.5,2,0.002976190476190476,1
4284,Frankie and Johnny (1966),Comedy,1.5,1,0.0,0
7257,"Big Bounce, The (2004)",Comedy|Crime|Thriller,1.0,2,0.002976190476190476,0
2620,This Is My Father (1998),Drama|Romance,3.0,1,0.0,0
4236,Keep the River on Your Right: A Modern Cannibal Tale (2000),Documentary,4.0,1,0.0,1
26887,"Langoliers, The (1995)",Drama|Fantasy|Horror|Mystery|Sci-Fi|Thriller,1.75,2,0.002976190476190476,0
99809,"Waiting Room, The (2012)",Documentary,4.0,1,0.0,1
113705,"Two Days, One Night (Deux jours, une nuit) (2014)",Drama,4.5,1,0.0,1
5160,Night of the Zombies (a.k.a. Hell of the Living Dead) (Virus) (1980),Action|Horror|Thriller,3.0,1,0.0,0
6162,Gerry (2002),Adventure|Drama,3.75,2,0.002976190476190476,1
8634,Tank (1984),Action|Comedy|Drama,3.0,1,0.0,0
8153,Lust for Life (1956),Drama,4.0,1,0.0,1
73929,Legion (2010),Action|Fantasy|Horror|Thriller,1.75,2,0.002976190476190476,0
103444,Woody Allen: A Documentary (2012),Documentary,4.0,1,0.0,1
2704,"Lovers on the Bridge, The (Amants du Pont-Neuf, Les) (1991)",Drama|Romance,3.0,1,0.0,0
498,Mr. Jones (1993),Drama|Romance,3.0,2,0.002976190476190476,0
91974,Underworld: Awakening (2012),Action|Fantasy|Horror|IMAX,2.75,2,0.002976190476190476,0
101739,Evil Dead (2013),Horror,2.0,1,0.0,0
9008,"Invisible Man Returns, The (1940)",Horror|Sci-Fi,2.5,1,0.0,0
4990,Jimmy Neutron: Boy Genius (2001),Adventure|Animation|Children|Comedy,2.5,6,0.01488095238095238,0
6736,See No Evil (1971),Crime|Drama|Horror|Thriller,2.0,1,0.0,0
47330,Dirty Mary Crazy Larry (1974),Action|Crime|Drama|Romance,3.0,1,0.0,0
462,"Good Man in Africa, A (1994)",Action|Adventure,1.5,2,0.002976190476190476,0
31042,Hell's Angels (1930),Drama|War,4.0,2,0.002976190476190476,1
3715,Burglar (1987),Comedy|Crime,1.5,2,0.002976190476190476,0
4845,Corky Romano (2001),Comedy|Crime,4.0,1,0.0,1
83270,Made in Dagenham (2010),Comedy|Drama,4.0,1,0.0,1
70990,If These Walls Could Talk (1996),Drama,3.0,1,0.0,0
74727,Gentlemen of Fortune (Dzhentlmeny udachi) (1972),Comedy|Crime|Drama|Mystery,4.0,1,0.0,1
27744,"Facing Windows (Finestra di fronte, La) (2003)",Drama|Romance,2.5,1,0.0,0
7976,Ken Park (2002),Drama,5.0,1,0.0,1
4784,"French Lieutenant's Woman, The (1981)",Drama,4.5,2,0.002976190476190476,1
87194,"Way, The (2010)",Drama,3.5,1,0.0,0
59,"Confessional, The (Confessionnal, Le) (1995)",Drama|Mystery,4.0,1,0.0,1
4885,Domestic Disturbance (2001),Thriller,2.0,1,0.0,0
65188,Dear Zachary: A Letter to a Son About His Father (2008),Documentary,4.0,1,0.0,1
5346,Wild Orchid (1990),Drama|Romance,2.0,1,0.0,0
4122,Ironweed (1987),Drama,2.0,1,0.0,0
7229,Money for Nothing (1993),Comedy|Crime,3.0,1,0.0,0
111249,Belle (2013),Drama,3.0,1,0.0,0
8691,His Brother (Son frère) (2003),Drama,3.0,1,0.0,0
88003,"Perfect Day, A (Un giorno perfetto) (2008)",Drama,2.5,1,0.0,0
6034,"Paradise, Hawaiian Style (1966)",Comedy|Musical,3.0,1,0.0,0
6581,"Private Life of Sherlock Holmes, The (1970)",Comedy|Drama|Mystery,4.0,1,0.0,1
7292,Best Defense (1984),Comedy|War,2.0,1,0.0,0
31251,Iceman (1984),Drama|Sci-Fi,3.25,2,0.002976190476190476,0
5947,Evelyn (2002),Drama,4.0,2,0.002976190476190476,1
44301,Lights in the Dusk (Laitakaupungin valot) (2006),Crime|Drama,4.5,1,0.0,1
6394,Big Jake (1971),Western,4.0,1,0.0,1
60818,Hogfather (Terry Pratchett's Hogfather) (2006),Adventure|Fantasy|Thriller,3.3333333333333335,3,0.005952380952380952,0
40491,"Match Factory Girl, The (Tulitikkutehtaan tyttö) (1990)",Comedy|Drama,5.0,1,0.0,1
5023,"Waterdance, The (1992)",Drama,4.0,1,0.0,1
5590,"Mack, The (1973)",Crime,2.0,1,0.0,0
6228,"Talk of the Town, The (1942)",Comedy|Romance|Thriller,4.0,1,0.0,1
1026,So Dear to My Heart (1949),Children|Drama,3.0,2,0.002976190476190476,0
71108,"White Ribbon, The (Das weiße Band) (2009)",Drama|Mystery,4.5,1,0.0,1
8918,Eulogy (2004),Comedy|Crime|Drama,3.5,1,0.0,0
69746,Watchmen: Tales of the Black Freighter (2009),Action|Adventure|Animation|Horror,3.0,1,0.0,0
48678,Feast (2005),Action|Comedy|Horror|Thriller,4.0,1,0.0,1
6902,Interstate 60 (2002),Adventure|Comedy|Drama|Fantasy|Mystery|Sci-Fi|Thriller,3.0,2,0.002976190476190476,0
99397,Lipton Cockton in the Shadows of Sodoma (1995),Drama|Mystery|Sci-Fi,5.0,1,0.0,1
2254,Choices (1981),Drama,3.0,2,0.002976190476190476,0
78268,Tales from the Golden Age (Amintiri din epoca de aur) (2009),Comedy,3.5,1,0.0,0
74750,[REC]² (2009),Horror|Thriller,0.5,1,0.0,0
84092,Decision at Sundown (1957),Western,3.0,1,0.0,0
27564,Sex Is Comedy (2002),Comedy|Drama|Romance,4.0,1,0.0,1
1755,Shooting Fish (1997),Comedy|Romance,3.1666666666666665,3,0.005952380952380952,1
4538,Salome's Last Dance (1988),Comedy|Drama,2.0,1,0.0,0
42018,Mrs. Henderson Presents (2005),Comedy|Drama,4.166666666666667,3,0.005952380952380952,1
5687,Take Care of My Cat (Goyangileul butaghae) (2001),Drama,2.0,1,0.0,0
91446,Run for Cover (1955),Western,3.0,1,0.0,0
25800,Lady for a Day (1933),Comedy,3.5,1,0.0,0
27005,"Interview, The (1998)",Crime|Drama|Mystery|Thriller,4.0,1,0.0,1
2101,Squanto: A Warrior's Tale (1994),Adventure|Drama,2.0,1,0.0,0
25970,Carbine Williams (1952),Crime|Drama,2.0,1,0.0,0
53046,Desperation (2006),Drama|Fantasy|Horror|Mystery|Thriller,2.0,1,0.0,0
109895,Bad Words (2013),Comedy,4.5,1,0.0,1
50796,Blood and Chocolate (2007),Drama|Fantasy|Horror|Romance,2.0,1,0.0,0
98203,"Twilight Saga: Breaking Dawn - Part 2, The (2012)",Adventure|Drama|Fantasy|Romance|IMAX,1.5,1,0.0,0
34057,Godzilla vs. Hedorah (Gojira tai Hedorâ) (Godzilla vs. The Smog Monster) (1971) ,Horror|Sci-Fi,3.0,1,0.0,0
71810,Legionnaire (1998),Action|Adventure|Drama|War,3.5,1,0.0,0
3419,Something for Everyone (1970),Comedy|Crime,1.0,1,0.0,0
8893,Basket Case 2 (1990),Comedy|Horror,1.5,1,0.0,0
124,"Star Maker, The (Uomo delle stelle, L') (1995)",Drama,4.0,3,0.005952380952380952,0
92008,Haywire (2011),Action|Thriller,3.0,1,0.0,0
3674,For the Love of Benji (1977),Adventure|Children|Comedy|Drama,2.25,2,0.002976190476190476,0
30996,Little Miss Marker (1934),Comedy|Drama,4.5,1,0.0,1
34271,Hustle & Flow (2005),Crime|Drama,3.1,5,0.011904761904761904,0
33815,"Perfect Man, The (2005)",Comedy|Drama|Romance,3.0,1,0.0,0
4288,Pola X (1999),Drama|Romance,2.0,1,0.0,0
824,Kaspar Hauser (1993),Drama|Mystery,4.0,1,0.0,1
6914,Preaching to the Perverted (1997),Comedy|Drama,1.5,1,0.0,0
7320,Dirty Dancing: Havana Nights (2004),Romance,1.75,2,0.002976190476190476,0
66130,Chocolate (2008),Action|Drama,3.25,2,0.002976190476190476,0
7941,Smiles of a Summer Night (Sommarnattens leende) (1955),Comedy|Romance,5.0,1,0.0,1
1482,"Van, The (1996)",Comedy|Drama,3.0,1,0.0,0
66200,Two Lovers (2008),Drama|Romance,4.0,1,0.0,1
4609,Jacknife (1989),Drama,3.0,1,0.0,0
2256,Parasite (1982),Horror|Sci-Fi,4.0,1,0.0,1
6346,Absolute Beginners (1986),Musical,4.0,1,0.0,1
6727,Targets (1968),Crime|Thriller,3.0,1,0.0,0
77800,Four Lions (2010),Comedy|Drama,3.0,2,0.002976190476190476,0
74508,Persuasion (2007),Drama|Romance,2.0,1,0.0,0
74139,"Red Baron, The (Der rote Baron) (2008)",Action|Drama|Romance|War,4.0,1,0.0,1
4212,Death on the Nile (1978),Crime|Mystery,3.75,2,0.002976190476190476,1
5353,Butterflies Are Free (1972),Comedy|Drama,4.0,2,0.002976190476190476,1
2185,I Confess (1953),Thriller,4.333333333333333,3,0.005952380952380952,1
72302,Outskirts (Okraina) (1933),Drama|War,4.0,1,0.0,1
1550,Trial and Error (1997),Comedy|Romance,3.0,1,0.0,0
102371,"Awful Dr. Orlof, The (Gritos en la Noche) (1962)",Horror|Thriller,3.0,1,0.0,0
1421,Grateful Dead (1995),Documentary,5.0,1,0.0,1
4659,Scandal (1989),Drama,3.0,1,0.0,0
9018,Control Room (2004),Documentary|War,4.5,1,0.0,1
96728,"Master, The (2012)",Drama,4.25,2,0.002976190476190476,1
3660,Puppet Master (1989),Horror|Sci-Fi|Thriller,3.0,1,0.0,0
52891,"Flying Scotsman, The (2006)",Drama,3.0,1,0.0,0
1671,Deceiver (1997),Crime|Drama|Thriller,4.25,2,0.002976190476190476,1
4810,I Never Promised You a Rose Garden (1977),Drama,3.5,1,0.0,0
25810,"Lost Patrol, The (1934)",Adventure|Drama|War,3.0,1,0.0,0
71468,Ink (2009),Action|Fantasy|Sci-Fi,2.0,1,0.0,0
101964,Mugabe and the White African (2009),Documentary,4.0,1,0.0,1
70898,Post Grad (2009),Comedy,2.0,1,0.0,0
3437,Cool as Ice (1991),Drama,1.0,2,0.002976190476190476,0
4991,Joe Somebody (2001),Comedy|Drama|Romance,2.5,1,0.0,0
3294,Eaten Alive (1977),Horror,3.0,1,0.0,0
8521,Dr. Jekyll and Mr. Hyde (1931),Drama|Horror,4.0,1,0.0,1
89588,Follow Me Quietly (1949),Crime|Drama|Film-Noir|Mystery,2.0,1,0.0,0
8884,"Man with One Red Shoe, The (1985)",Comedy|Thriller,4.0,2,0.002976190476190476,1
5516,Read My Lips (Sur mes lèvres) (2001),Crime|Drama|Thriller,4.0,1,0.0,1
78703,TiMER (2009),Comedy|Drama|Fantasy|Romance,3.5,1,0.0,0
31921,"Seven-Per-Cent Solution, The (1976)",Adventure|Comedy|Crime|Drama|Mystery|Thriller,3.5,1,0.0,0
5428,Cheech & Chong's The Corsican Brothers (1984),Comedy,1.5,1,0.0,0
68967,"Summer Hours (Heure d'été, L') (2008)",Drama,4.0,1,0.0,1
5001,Sahara (1943),Action|Drama|War,4.0,1,0.0,1
2790,"Final Conflict, The (a.k.a. Omen III: The Final Conflict) (1981)",Horror|Thriller,5.0,1,0.0,1
295,"Pyromaniac's Love Story, A (1995)",Comedy|Romance,3.0,1,0.0,0
2512,"Ballad of Narayama, The (Narayama bushiko) (1983)",Drama,4.333333333333333,3,0.005952380952380952,1
8926,Circle of Iron (1978),Action|Adventure|Fantasy|Mystery,4.0,1,0.0,1
26386,High Anxiety (1977),Comedy|Thriller,3.5,1,0.0,0
7198,"Pick-up Artist, The (1987)",Comedy|Romance,2.5,2,0.002976190476190476,0
1841,"Gingerbread Man, The (1998)",Drama|Thriller,2.75,2,0.002976190476190476,0
6280,"Man Apart, A (2003)",Action|Crime|Drama|Thriller,2.875,4,0.008928571428571428,0
73639,"Actress, the Dollars and the Transylvanians, The (Artista, dolarii si Ardelenii) (1979)",Western,3.5,1,0.0,0
3064,Poison Ivy: New Seduction (1997),Drama|Thriller,2.75,2,0.002976190476190476,0
4987,Spacehunter: Adventures in the Forbidden Zone (1983),Sci-Fi,1.0,1,0.0,0
107141,Saving Mr. Banks (2013),Comedy|Drama,3.5,2,0.002976190476190476,0
95744,2 Days in New York (2012),Comedy,1.5,1,0.0,0
4439,Christiane F. (a.k.a. We Children from Bahnhof Zoo) (Christiane F. - Wir Kinder vom Bahnhof Zoo) (1981),Drama,3.5,1,0.0,0
54193,Broken English (2007),Comedy|Drama|Romance,4.5,1,0.0,1
44241,Leprechaun 3 (1995),Comedy|Fantasy|Horror,3.0,1,0.0,0
65552,Replicant (2001),Action|Sci-Fi|Thriller,0.5,1,0.0,0
4217,4 Little Girls (1997),Documentary,3.75,2,0.002976190476190476,0
6325,"Real Cancun, The (2003)",Documentary,2.0,2,0.002976190476190476,0
110110,Starred Up (2013),Drama,5.0,1,0.0,1
101962,Wolf Children (Okami kodomo no ame to yuki) (2012),Animation|Fantasy,4.5,1,0.0,1
4513,"House on Carroll Street, The (1988)",Thriller,3.0,1,0.0,0
4267,One Night at McCool's (2001),Comedy,3.0,2,0.002976190476190476,0
7194,Bonjour tristesse (1958),Drama,3.5,2,0.002976190476190476,0
74488,Ondine (2009),Drama|Fantasy|Romance,3.75,2,0.002976190476190476,1
7244,"Beast of Yucca Flats, The (1961)",Horror|Sci-Fi,2.75,2,0.002976190476190476,1
83,Once Upon a Time... When We Were Colored (1995),Drama|Romance,3.0,2,0.002976190476190476,0
96863,"Paperboy, The (2012)",Thriller,2.0,1,0.0,0
114678,Hector and the Search for Happiness (2014),Adventure|Comedy|Drama,3.0,1,0.0,0
7085,Send Me No Flowers (1964),Comedy|Romance,3.5,1,0.0,0
6772,To Be and to Have (Être et avoir) (2002),Documentary,3.75,2,0.002976190476190476,1
44759,Basic Instinct 2 (2006),Crime|Drama|Mystery|Thriller,2.25,2,0.002976190476190476,0
2893,Plunkett & MaCleane (1999),Action|Adventure|Drama,2.0,1,0.0,0
1167,Dear God (1996),Comedy,3.1666666666666665,3,0.005952380952380952,1
47723,Way Out West (1937),Comedy|Western,3.0,1,0.0,0
25929,Nightmare Alley (1947),Drama|Film-Noir,4.0,1,0.0,1
54732,Balls of Fury (2007),Comedy,2.5,1,0.0,0
105325,Bad Milo (Bad Milo!) (2013),Comedy|Horror,1.0,1,0.0,0
32381,Bells Are Ringing (1960),Comedy|Musical|Romance,2.5,1,0.0,0
52321,Seraphim Falls (2006),Action|Adventure|Drama|War|Western,3.5,2,0.002976190476190476,0
60133,Brick Lane (2007),Drama,4.0,1,0.0,1
53127,Bug (2007),Drama|Horror|Thriller,1.5,1,0.0,0
102662,Company of Heroes (2013),Action|War,2.5,1,0.0,0
78174,Sex and the City 2 (2010),Comedy|Drama|Romance,2.25,2,0.002976190476190476,0
65350,"General Died at Dawn, The (1936)",Adventure|Crime|Thriller,4.0,1,0.0,1
25865,"Letter, The (1940)",Drama|Film-Noir,2.0,1,0.0,0
99043,Trishna (2011),Drama,3.0,1,0.0,0
73590,Quiet Chaos (Caos calmo) (2008),Drama|Romance,3.5,1,0.0,0
2767,Illuminata (1998),Comedy,2.5,2,0.002976190476190476,0
7096,Rivers and Tides (2001),Documentary,3.5,1,0.0,0
7079,"Hunchback of Notre Dame, The (1939)",Drama,3.5,1,0.0,0
69027,OSS 117 - Lost in Rio (OSS 117: Rio ne répond plus) (2009),Adventure|Comedy,3.5,1,0.0,0
26349,Night Moves (1975),Crime|Thriller,4.0,1,0.0,1
3914,"Broken Hearts Club, The (2000)",Drama,3.0,2,0.002976190476190476,0
4794,Opera (1987),Crime|Horror|Mystery,4.0,1,0.0,1
3774,House Party 2 (1991),Comedy|Drama|Romance,1.5,2,0.002976190476190476,0
3636,Those Who Love Me Can Take the Train (Ceux qui m'aiment prendront le train) (1998),Drama,4.0,1,0.0,1
3641,"Woman of Paris, A (1923)",Drama,3.5,1,0.0,0
1860,Character (Karakter) (1997),Drama,3.5,2,0.002976190476190476,0
81018,"Illusionist, The (L'illusionniste) (2010)",Animation,4.0,1,0.0,1
64283,Women of the Night (Yoru no onnatachi) (1948),Drama,4.0,1,0.0,1
8534,Two Brothers (Deux frères) (2004),Adventure|Children|Drama,3.5,1,0.0,0
65868,Repo! The Genetic Opera (2008),Fantasy|Horror|Musical,4.0,1,0.0,1
8754,"Prime of Miss Jean Brodie, The (1969)",Drama,4.0,1,0.0,1
573,"Ciao, Professore! (Io speriamo che me la cavo) (1992)",Drama,3.6666666666666665,3,0.005952380952380952,0
5879,Eight Crazy Nights (Adam Sandler's Eight Crazy Nights) (2002),Animation|Comedy|Musical,2.0,1,0.0,0
5993,Max (2002),Drama,3.3333333333333335,3,0.005952380952380952,0
8603,Coming Out (1989),Drama,4.5,1,0.0,1
108928,"Monuments Men, The (2014)",Action|Drama|War,4.0,1,0.0,1
2979,Body Shots (1999),Drama,2.0,1,0.0,0
3776,Melody Time (1948),Animation|Children|Musical,4.0,1,0.0,1
71677,Gigante (2009),Comedy|Drama,4.0,1,0.0,1
42163,Richard Pryor: Live in Concert (1979),Comedy|Documentary,4.25,2,0.002976190476190476,1
8609,Our Hospitality (1923),Comedy,4.0,2,0.002976190476190476,1
5677,Abandon (2002),Drama|Thriller,3.0,1,0.0,0
6056,Chaos (2001),Comedy|Crime|Drama,3.5,1,0.0,0
3588,"King of Marvin Gardens, The (1972)",Crime|Drama,3.5,2,0.002976190476190476,0
65986,Branded (1950),Western,3.0,1,0.0,0
4381,"Closet, The (Placard, Le) (2001)",Comedy,3.5,2,0.002976190476190476,1
6282,Cet amour-là (2001),Drama|Romance,1.5,1,0.0,0
26497,Another Country (1984),Drama|Romance,3.5,1,0.0,0
3655,Blow-Out (La grande bouffe) (1973),Drama,2.5,2,0.002976190476190476,0
80553,Howl (2010),Drama,4.0,1,0.0,1
31026,"Phantom of the Opera, The (1989)",Drama|Horror|Musical,2.75,2,0.002976190476190476,0
69873,"Corridors of Time: The Visitors II, The (Couloirs du temps: Les visiteurs 2, Les) (1998)",Children|Comedy|Fantasy|Sci-Fi,2.0,1,0.0,0
1160,Six of a Kind (1934),Comedy,2.0,1,0.0,0
5722,"Goat, The (a.k.a. Knock On Wood) (Chèvre, La) (1981)",Comedy,3.5,1,0.0,0
3279,Knockout (2000),Action|Drama,4.0,1,0.0,1
92938,Ghost Rider: Spirit of Vengeance (2012),Action|Fantasy|Thriller,2.5,1,0.0,0
73168,Carriers (2009),Drama|Horror|Thriller,2.5,1,0.0,0
1490,B*A*P*S (1997),Comedy,5.0,1,0.0,1
26828,Mr. Nanny (1993),Action|Children|Comedy,1.5,1,0.0,0
89478,Vigilante (1983),Action|Crime|Drama,2.5,1,0.0,0
97132,Urbanized (2011),Documentary,3.5,1,0.0,0
4645,Cure (1997),Crime|Horror|Thriller,4.5,1,0.0,1
40010,Duck Season (Temporada de patos) (2004),Comedy,4.5,1,0.0,1
4414,X: The Man with the X-Ray Eyes (1963),Sci-Fi|Thriller,3.0,1,0.0,0
77596,Lebanon (2009),Drama|War,3.0,1,0.0,0
3058,"Ape, The (1940)",Horror|Sci-Fi,3.0,1,0.0,0
7056,"Public Enemy, The (1931)",Action|Crime|Drama,4.0,1,0.0,1
2341,Dancing at Lughnasa (1998),Drama,4.0,1,0.0,1
8420,Possessed (1947),Drama|Film-Noir,4.5,1,0.0,1
4186,"Fortune Cookie, The (1966)",Comedy|Drama|Romance,3.5,1,0.0,0
3839,Phantasm IV: Oblivion (1998),Horror,5.0,1,0.0,1
27816,Saints and Soldiers (2003),Action|Adventure|Drama|War,3.0,1,0.0,0
70849,"Doulos, Le (1962)",Crime|Thriller,3.5,1,0.0,0
5411,Summer Holiday (1963),Musical|Romance,1.0,1,0.0,0
56515,"Devil Came on Horseback, The (2007)",Documentary,3.0,1,0.0,0
89898,Generation P (2011),Comedy|Drama|Sci-Fi,2.0,1,0.0,0
106441,"Book Thief, The (2013)",Children|Drama|War,4.0,4,0.008928571428571428,1
8927,Cannonball (1976),Action|Comedy|Drama,3.0,1,0.0,0
5486,Who Is Cletis Tout? (2001),Comedy,3.5,1,0.0,0
5200,"Man Who Saw Tomorrow, The (1980)",Documentary,4.0,1,0.0,1
129428,The Second Best Exotic Marigold Hotel (2015),Comedy|Drama,3.0,1,0.0,0
68462,Euphoria (Eyforiya) (2006),Drama|Romance,2.5,1,0.0,0
2201,"Paradine Case, The (1947)",Drama,3.0,1,0.0,0
81257,In a Better World (Hævnen) (2010),Drama,5.0,1,0.0,1
6977,New Jack City (1991),Action|Crime|Drama,2.5,1,0.0,0
74698,Tooth Fairy (2010),Comedy|Fantasy,0.5,1,0.0,0
8923,Tess (1979),Drama|Romance,4.0,2,0.002976190476190476,1
2880,Armour of God (Long xiong hu di) (1987),Action|Adventure|Comedy,3.0,1,0.0,0
48061,Snoopy Come Home (1972),Animation|Children|Comedy|Musical,4.0,1,0.0,1
48698,Deliver Us from Evil (2006),Documentary,3.5,1,0.0,0
7261,Barbershop 2: Back in Business (2004),Comedy,2.75,2,0.002976190476190476,0
31948,"Phone Box, The (Cabina, La) (1972)",Comedy|Drama|Mystery|Thriller,5.0,1,0.0,1
73829,Mega Shark vs. Giant Octopus (2009),Action|Horror,2.5,1,0.0,0
4152,Vatel (2000),Drama,5.0,1,0.0,1
6899,Alien from L.A. (1988),Sci-Fi,2.0,1,0.0,0
26903,Whisper of the Heart (Mimi wo sumaseba) (1995),Animation|Drama|Romance,1.5,1,0.0,0
3937,Runaway (1984),Sci-Fi|Thriller,3.5,2,0.002976190476190476,0
6918,"Unvanquished, The (Aparajito) (1957)",Drama,3.5,1,0.0,0
71466,City Island (2009),Comedy|Drama,3.5,2,0.002976190476190476,0
997,Caught (1996),Drama|Thriller,3.0,1,0.0,0
1906,Mr. Jealousy (1997),Comedy|Romance,3.0,2,0.002976190476190476,1
3961,Ghoulies (1985),Horror,4.0,1,0.0,1
4565,American Ninja (1985),Action|Adventure,2.0,2,0.002976190476190476,0
2350,Heart Condition (1990),Comedy,1.0,1,0.0,0
2638,"Mummy's Tomb, The (1942)",Horror,4.0,1,0.0,1
27751,'Salem's Lot (2004),Drama|Horror|Mystery|Thriller,1.5,1,0.0,0
4331,Semi-Tough (1978),Comedy,3.0,2,0.002976190476190476,1
56846,Rabbit Without Ears (Keinohrhasen) (2007),Comedy|Romance,2.0,1,0.0,0
5434,"Sorry, Wrong Number (1948)",Drama|Film-Noir|Thriller,4.0,1,0.0,1
6786,Kiss of the Spider Woman (1985),Drama,4.25,2,0.002976190476190476,0
26245,"Go-Between, The (1970)",Drama|Romance,4.5,1,0.0,1
4755,Wish Upon a Star (1996),Comedy,2.0,1,0.0,0
6816,Three O'Clock High (1987),Comedy,3.6666666666666665,3,0.005952380952380952,1
26241,"Devils, The (1971)",Drama,2.0,1,0.0,0
82324,Bal (Honey) (2010),Drama,4.5,1,0.0,1
730,Low Life (1994),Drama,3.0,1,0.0,0
3964,"Adventures of Ichabod and Mr. Toad, The (1949)",Animation|Children,4.0,1,0.0,1
1871,"Friend of the Deceased, A (Priyatel pokonika) (1997)",Comedy|Drama,3.0,1,0.0,0
32395,Attack of the Mushroom People (Matango) (1963),Fantasy|Horror|Sci-Fi|Thriller,3.5,1,0.0,0
30783,Blood and Black Lace (Sei donne per l'assassino) (1964),Horror|Thriller,4.0,1,0.0,1
4927,"Last Wave, The (1977)",Fantasy|Mystery|Thriller,4.0,1,0.0,1
734,Getting Away With Murder (1996),Comedy,1.0,1,0.0,0
3808,"Two Women (Ciociara, La) (1960)",Drama|War,4.0,1,0.0,1
4463,1969 (1988),Drama|War,3.5,1,0.0,0
1410,"Evening Star, The (1996)",Comedy|Drama,2.5,2,0.002976190476190476,0
6641,Code Unknown (Code inconnu: Récit incomplet de divers voyages) (2000),Drama,2.5,1,0.0,0
26870,Major League II (1994),Comedy,2.5,1,0.0,0
4829,Lady in a Cage (1964),Drama|Thriller,2.5,1,0.0,0
2654,"Wolf Man, The (1941)",Drama|Fantasy|Horror,4.5,2,0.002976190476190476,1
1640,How to Be a Player (1997),Comedy,3.0,1,0.0,0
8188,Sansho the Bailiff (Sanshô dayû) (1954),Drama,5.0,1,0.0,1
25833,Camille (1936),Drama|Romance,3.0,1,0.0,0
4532,Return of the Living Dead Part II (1988),Comedy|Horror,2.0,1,0.0,0
6892,"Singing Detective, The (2003)",Comedy|Drama|Musical|Mystery,3.0,1,0.0,0
3338,For All Mankind (1989),Documentary,4.5,2,0.002976190476190476,1
806,American Buffalo (1996),Crime|Drama,2.5,1,0.0,0
3587,Inferno (1980),Horror,5.0,1,0.0,1
26476,Merry Christmas Mr. Lawrence (1983),Drama|War,3.5,1,0.0,0
6986,Ben-Hur: A Tale of the Christ (1925),Adventure|Drama,3.0,1,0.0,0
43744,Imagine Me & You (2005),Comedy|Drama|Romance,4.25,2,0.002976190476190476,1
96693,Trouble with the Curve (2012),Drama,3.5,1,0.0,0
104283,"Wind Rises, The (Kaze tachinu) (2013)",Animation|Drama|Romance,3.5,1,0.0,0
100714,Before Midnight (2013),Drama|Romance,5.0,1,0.0,1
26242,Duel (1971),Action|Mystery|Thriller,4.0,4,0.008928571428571428,1
1168,Bad Moon (1996),Action|Adventure|Horror,5.0,1,0.0,1
5265,Death to Smoochy (2002),Comedy|Crime|Drama,1.6666666666666667,3,0.005952380952380952,0
1112,Palookaville (1996),Action|Comedy|Drama,4.0,2,0.002976190476190476,1
7562,Dobermann (1997),Action|Crime,5.0,1,0.0,1
85177,$ (Dollars) (1971),Comedy|Crime|Drama,0.5,1,0.0,0
103624,Fruitvale Station (2013),Drama,3.5,1,0.0,0
3320,Mifune's Last Song (Mifunes sidste sang) (1999),Comedy|Drama|Romance,4.0,2,0.002976190476190476,1
7756,Alexander Nevsky (Aleksandr Nevskiy) (1938),Action|Drama|War,4.0,1,0.0,1
54934,"Brothers Solomon, The (2007)",Comedy,2.5,1,0.0,0
92535,Louis C.K.: Live at the Beacon Theater (2011),Comedy,3.6666666666666665,3,0.005952380952380952,1
7894,"Duck, You Sucker (a.k.a. Fistful of Dynamite, A) (Giù la testa) (1971)",Action|Adventure|War|Western,3.3333333333333335,3,0.005952380952380952,1
59995,Boy A (2007),Crime|Drama,3.6666666666666665,3,0.005952380952380952,0
6311,"Other Side of Heaven, The (2001)",Adventure|Drama,3.5,1,0.0,0
4078,Amazing Grace and Chuck (1987),Drama,4.0,1,0.0,1
6506,Fulltime Killer (Chuen jik sat sau) (2001),Action|Thriller,4.0,1,0.0,1
5969,My Girl 2 (1994),Comedy|Drama|Romance,3.0,1,0.0,0
93363,John Carter (2012),Action|Adventure|Sci-Fi|IMAX,4.0,2,0.002976190476190476,1
2358,Savior (1998),Drama|War,3.5,1,0.0,0
5658,Hanky Panky (1982),Comedy,3.0,1,0.0,0
32862,With Six You Get Eggroll (1968),Comedy|Romance,3.0,1,0.0,0
26464,Blue Thunder (1983),Action|Crime|Drama,3.5,1,0.0,0
94837,Hemingway & Gellhorn (2012),Drama|Romance|War,1.0,1,0.0,0
62137,Nights in Rodanthe (2008),Drama|Romance,3.0,1,0.0,0
2487,"Blood, Guts, Bullets and Octane (1998)",Action|Comedy,1.0,1,0.0,0
4515,Imagine: John Lennon (1988),Documentary,2.5,1,0.0,0
67168,Dance of the Dead (2008),Adventure|Comedy|Horror,3.5,1,0.0,0
48711,Facing the Giants (2006),Action|Drama,3.5,1,0.0,0
5339,Husbands and Wives (1992),Comedy|Drama,3.75,4,0.008928571428571428,1
105037,"To Do List, The (2013)",Comedy,3.0,1,0.0,0
4092,Cherry 2000 (1987),Romance|Sci-Fi,2.5,2,0.002976190476190476,0
6000,"House on the Edge of the Park, The (Casa sperduta nel parco, La) (1980)",Horror|Thriller,4.0,1,0.0,1
61071,"Sisterhood of the Traveling Pants 2, The (2008)",Adventure|Comedy|Drama|Romance,4.5,1,0.0,1
93988,North & South (2004),Drama|Romance,5.0,1,0.0,1
8456,Investigation of a Citizen Above Suspicion (Indagine su un cittadino al di sopra di ogni sospetto) (1970),Crime|Drama|Thriller,5.0,1,0.0,1
95519,Dragon Ball Z: Bojack Unbound (Doragon bôru Z 9: Ginga girigiri!! Butchigiri no sugoi yatsu) (1993),Action|Adventure|Animation|Fantasy,2.0,1,0.0,0
91653,We Bought a Zoo (2011),Comedy|Drama,4.5,1,0.0,1
7232,Heat and Dust (1983),Drama,3.5,1,0.0,0
7349,Broken Wings (Knafayim Shvurot) (2002),Drama,4.0,1,0.0,1
1666,Hugo Pool (1997),Romance,1.0,1,0.0,0
118177,Baffled! (1973),Mystery|Sci-Fi|Thriller,2.0,1,0.0,0
6263,Basic (2003),Drama|Thriller|War,2.6666666666666665,3,0.005952380952380952,0
50658,49 Up (2005),Documentary,3.0,1,0.0,0
3459,Gothic (1986),Drama|Horror,2.0,1,0.0,0
56165,P2 (2007),Horror|Thriller,4.0,1,0.0,1
3626,8 ½ Women (a.k.a. 8 1/2 Women) (a.k.a. Eight and a Half Women) (1999),Comedy,1.0,1,0.0,0
31785,Frozen Land (Paha maa) (2005),Drama,2.0,1,0.0,0
4324,"Kentuckian, The (1955)",Drama|Western,3.0,1,0.0,0
109971,Ocho apellidos vascos (2014),Comedy,4.5,1,0.0,1
54276,No Reservations (2007),Comedy|Drama|Romance,4.333333333333333,3,0.005952380952380952,1
41425,"Dying Gaul, The (2005)",Drama|Romance,2.5,1,0.0,0
33585,9 Songs (2004),Drama|Romance,2.0,1,0.0,0
3933,"Killer Shrews, The (1959)",Horror|Sci-Fi,2.0,1,0.0,0
81725,How I Ended This Summer (Kak ya provyol etim letom) (2010),Drama,4.0,1,0.0,1
6510,"Bodies, Rest & Motion (1993)",Drama|Romance,4.0,1,0.0,1
7826,"Secret Life of Walter Mitty, The (1947)",Comedy|Romance|Thriller,3.5,2,0.002976190476190476,0
2878,Hell Night (1981),Horror,2.0,1,0.0,0
6631,Man's Best Friend (1993),Horror|Sci-Fi|Thriller,3.5,1,0.0,0
8934,Bebe's Kids (1992),Animation|Children|Comedy,2.0,1,0.0,0
27762,Comic Book: The Movie (2004),Comedy,2.0,1,0.0,0
4138,My Demon Lover (1987),Comedy|Horror,2.0,1,0.0,0
660,August (1996),Drama,4.0,3,0.005952380952380952,0
5888,Brother (Brat) (1997),Crime|Drama,4.25,2,0.002976190476190476,0
4942,"Angry Red Planet, The (1959)",Sci-Fi,1.5,1,0.0,0
27040,Rogue Trader (1999),Crime|Drama,4.0,1,0.0,1
8765,This Gun for Hire (1942),Crime|Film-Noir|Thriller,4.0,1,0.0,1
26094,"Eclisse, L' (Eclipse) (1962)",Drama,3.25,2,0.002976190476190476,1
3792,Duel in the Sun (1946),Western,5.0,1,0.0,1
32296,Miss Congeniality 2: Armed and Fabulous (2005),Adventure|Comedy|Crime,0.5,1,0.0,0
50162,Arthur and the Invisibles (2007),Action|Children|Fantasy,3.0,1,0.0,0
74416,Fish Tank (2009),Drama,3.0,1,0.0,0
115617,Big Hero 6 (2014),Action|Animation|Comedy,3.0,1,0.0,0
6229,Two-Lane Blacktop (1971),Drama,4.0,1,0.0,1
7297,Kitchen Stories (Salmer fra kjøkkenet) (2003),Comedy|Drama,3.0,1,0.0,0
4411,Sons of Katie Elder (1965),Western,4.0,1,0.0,1
2200,Under Capricorn (1949),Drama,4.0,1,0.0,1
92152,"Turn Me On, Dammit! (Få meg på, for faen) (2011)",Comedy,4.0,1,0.0,1
82534,"Company Men, The (2010)",Drama,3.5,1,0.0,0
7749,Weekend (a.k.a. Le Week-end) (Week End) (1967),Drama,4.0,1,0.0,1
108656,Report to the Commissioner (1975),Crime|Drama,3.0,1,0.0,0
6111,Paradise (1982),Adventure|Romance,0.5,1,0.0,0
41627,Samurai Rebellion (Jôi-uchi: Hairyô tsuma shimatsu) (1967),Action|Drama,4.5,1,0.0,1
7586,Soldier of Orange (a.k.a. Survival Run) (Soldaat van Oranje) (1977),Drama|Thriller|War,4.0,1,0.0,1
27801,Ong-Bak: The Thai Warrior (Ong Bak) (2003),Action|Thriller,3.5,4,0.008928571428571428,0
95237,Detention (2012),Comedy|Horror,0.5,1,0.0,0
101137,Dead Man Down (2013),Action|Crime|Drama|Romance|Thriller,4.0,1,0.0,1
5958,"Wild Thornberrys Movie, The (2002)",Animation|Children|Comedy,3.0,1,0.0,0
6284,DysFunktional Family (2003),Comedy|Documentary,3.5,1,0.0,0
4788,Moscow Does Not Believe in Tears (Moskva slezam ne verit) (1979),Drama|Romance,3.8333333333333335,3,0.005952380952380952,0
4384,Lumumba (2000),Drama,2.5,1,0.0,0
4680,Vampire's Kiss (1989),Comedy|Fantasy|Horror,3.5,2,0.002976190476190476,1
106214,What If ... (2010),Drama,3.0,1,0.0,0
3962,Ghoulies II (1987),Comedy|Horror,3.0,1,0.0,0
7646,Rose Red (2002),Horror|Mystery|Thriller,2.5,1,0.0,0
5675,Swept Away (2002),Comedy|Romance,1.5,1,0.0,0
6142,Time Walker (a.k.a. Being From Another Planet) (1982),Horror|Sci-Fi,1.0,1,0.0,0
8532,"Door in the Floor, The (2004)",Drama,3.0,1,0.0,0
48856,"Guide to Recognizing Your Saints, A (2006)",Crime|Drama,3.0,1,0.0,0
26306,Theatre of Blood (1973),Comedy|Horror|Mystery,4.0,1,0.0,1
105653,Escape Plan (2013),Action|Mystery|Thriller,3.5,1,0.0,0
86931,This Above All (1942),Drama|Romance|War,2.0,1,0.0,0
25752,"Freshman, The (1925)",Comedy,4.0,1,0.0,1
4301,Calle 54 (2000),Documentary|Musical,4.5,2,0.002976190476190476,1
7018,Presumed Innocent (1990),Crime|Drama|Thriller,4.0,2,0.002976190476190476,0
6021,"American Friend, The (Amerikanische Freund, Der) (1977)",Crime|Drama|Mystery|Thriller,4.0,1,0.0,1
6562,Spencer's Mountain (1963),Comedy|Drama,1.5,1,0.0,0
32168,Or (a.k.a. My Treasure) (2004),Drama,4.0,1,0.0,1
3711,Sarafina! (1992),Drama,3.0,1,0.0,0
81156,Jackass 3D (2010),Action|Comedy|Documentary,4.0,1,0.0,1
31660,Steamboy (Suchîmubôi) (2004),Action|Animation|Drama|Sci-Fi,5.0,1,0.0,1
82169,"Chronicles of Narnia: The Voyage of the Dawn Treader, The (2010)",Adventure|Children|Fantasy,2.0,1,0.0,0
72224,Gentlemen Broncos (2009),Comedy,2.5,1,0.0,0
2930,Return with Honor (1998),Documentary,5.0,1,0.0,1
5605,Ratcatcher (1999),Drama,5.0,1,0.0,1
567,Kika (1993),Comedy|Drama,2.0,1,0.0,0
4740,Maybe Baby (2000),Comedy|Romance,3.5,1,0.0,0
50153,Code Name: The Cleaner (2007),Action|Comedy|Crime,2.5,1,0.0,0
27166,Venus Beauty Institute (Vénus beauté) (1999),Comedy|Drama|Romance,3.5,1,0.0,0
5589,Indian Summer (1993),Comedy|Drama,4.0,1,0.0,1
86300,"Princess of Montpensier, The (La princesse de Montpensier) (2010)",Action|Drama|Romance,3.0,1,0.0,0
6410,Car Wash (1976),Comedy,3.0,1,0.0,0
7122,King of Hearts (1966),Comedy|Drama|War,4.0,1,0.0,1
27759,"Book of Fate, The (Kohtalon kirja) (2003)",Action|Horror|Sci-Fi|War|Western,1.0,1,0.0,0
8967,Seed of Chucky (Child's Play 5) (2004),Comedy|Horror,4.0,1,0.0,1
6081,"Never Play Clever Again (Gendarme et les gendarmettes, Le) (1982)",Comedy|Crime,0.5,1,0.0,0
763,"Last of the High Kings, The (a.k.a. Summer Fling) (1996)",Comedy|Drama,3.0,1,0.0,0
5583,"Devil Bat, The (1940)",Crime|Horror|Mystery|Sci-Fi,4.0,1,0.0,1
49389,"Great Train Robbery, The (1903)",Crime|Western,3.5,1,0.0,0
115611,Felix the Cat: The Movie (1988),Adventure|Animation|Children|Fantasy|Musical|Sci-Fi,0.5,1,0.0,0
5448,Hey Arnold! The Movie (2002),Adventure|Animation|Children|Comedy,3.5,1,0.0,0
33126,"Frisco Kid, The (1979)",Comedy|Western,1.0,1,0.0,0
98296,Deadfall (2012),Crime|Drama|Thriller,3.5,1,0.0,0
981,Dangerous Ground (1997),Drama,1.0,1,0.0,0
111251,"Immigrant, The (2013)",Drama|Romance,3.0,1,0.0,0
66330,Fireflies in the Garden (2008),Drama,0.5,1,0.0,0
60291,Gonzo: The Life and Work of Dr. Hunter S. Thompson (2008),Documentary,4.0,1,0.0,1
7059,National Velvet (1944),Children|Drama,5.0,1,0.0,1
4303,Sordid Lives (2000),Comedy,2.75,2,0.002976190476190476,0
6671,"Angel at My Table, An (1990)",Drama,4.0,1,0.0,1
27391,"Laramie Project, The (2002)",Crime|Drama,4.5,1,0.0,1
5610,"Banger Sisters, The (2002)",Comedy|Drama,2.0,2,0.002976190476190476,0
935,"Band Wagon, The (1953)",Comedy|Musical,4.0,2,0.002976190476190476,0
6072,"Unfaithful Wife, The (Femme infidèle, La) (1969)",Drama|Thriller,3.0,1,0.0,0
58078,"Air I Breathe, The (2007)",Crime|Drama|Romance|Thriller,2.5,1,0.0,0
101823,Poor White Trash (2000),Comedy|Crime,2.5,1,0.0,0
1612,"Kiss Me, Guido (1997)",Comedy,3.5,1,0.0,0
80586,Flipped (2010),Comedy|Drama|Romance,3.5,1,0.0,0
77910,American Gothic (1988),Horror,1.0,1,0.0,0
54372,Tell No One (Ne le dis à personne) (2006),Crime|Drama|Mystery|Thriller,3.75,2,0.002976190476190476,1
3734,Prince of the City (1981),Drama,2.0,1,0.0,0
2465,Deadly Friend (1986),Horror,1.1666666666666667,3,0.005952380952380952,0
81158,Restrepo (2010),Documentary|War,3.5,1,0.0,0
59985,Chaos Theory (2007),Comedy|Drama|Romance,3.5,2,0.002976190476190476,0
27155,"Batman/Superman Movie, The (1998)",Action|Adventure|Animation|Children|Fantasy|Sci-Fi,1.5,1,0.0,0
77752,Getting Any? (Minnâ-yatteruka!) (1994),Comedy,2.5,1,0.0,0
3415,"Mirror, The (Zerkalo) (1975)",Drama,3.0,1,0.0,0
6290,House of 1000 Corpses (2003),Horror,3.0,1,0.0,0
40946,Sarah Silverman: Jesus Is Magic (2005),Comedy|Musical,4.0,1,0.0,1
2196,Knock Off (1998),Action,1.0,2,0.002976190476190476,0
106785,Homefront (2013),Action|Crime|Thriller,3.0,1,0.0,0
1746,Senseless (1998),Comedy,3.5,1,0.0,0
6123,Sunless (Sans Soleil) (1983),Documentary,3.5,1,0.0,0
91628,New Year's Eve (2011),Comedy|Romance,2.0,1,0.0,0
66090,Eden Lake (2008),Horror|Thriller,3.5,1,0.0,0
76151,Zizek! (2005),Documentary,4.0,1,0.0,1
3944,Bootmen (2000),Comedy|Drama,3.5,1,0.0,0
70295,"Beaches of Agnes, The (Plages d'Agnès, Les) (2008)",Documentary,4.5,1,0.0,1
27537,Nothing (2003),Comedy|Fantasy|Mystery|Sci-Fi,2.5,1,0.0,0
119,"Steal Big, Steal Little (1995)",Comedy,4.0,1,0.0,1
6430,Ziggy Stardust and the Spiders from Mars (1973),Documentary|Musical,5.0,1,0.0,1
38701,Don't Come Knocking (2005),Drama|Western,4.0,1,0.0,1
32493,End of the Century: The Story of the Ramones (2003),Documentary|Musical,3.5,1,0.0,0
6585,White Lightning (1973),Action|Crime|Drama,3.5,2,0.002976190476190476,0
1872,Go Now (1995),Drama,2.0,1,0.0,0
25996,"Star Is Born, A (1954)",Drama|Musical,3.0,1,0.0,0
94266,"Five-Year Engagement, The (2012)",Comedy|Romance,2.0,1,0.0,0
71619,Coco Before Chanel (Coco avant Chanel) (2009),Drama,3.5,1,0.0,0
967,"Outlaw, The (1943)",Western,2.0,1,0.0,0
6371,Pokémon Heroes (2003),Animation|Children,0.5,1,0.0,0
67850,Fitna (2008),Documentary,0.5,1,0.0,0
69926,"Strawberry Blonde, The (1941)",Comedy|Romance,3.5,1,0.0,0
3161,Onegin (1999),Drama|Romance,4.0,3,0.005952380952380952,1
2491,Simply Irresistible (1999),Comedy|Romance,1.75,2,0.002976190476190476,0
45179,"Glass Key, The (1942)",Crime|Drama|Film-Noir|Mystery,3.0,1,0.0,0
50442,Alpha Dog (2007),Crime|Drama,3.0,1,0.0,0
60384,Z Channel: A Magnificent Obsession (2004),Documentary,3.5,1,0.0,0
5182,Hawk the Slayer (1980),Action|Fantasy,1.0,1,0.0,0
81312,Borderland (2007),Crime|Horror|Thriller,3.0,1,0.0,0
101285,Spring Breakers (2013),Comedy|Crime|Drama,4.5,1,0.0,1
61108,Bathory (2008),Drama|Fantasy,0.5,1,0.0,0
101142,"Croods, The (2013)",Adventure|Animation|Comedy,3.5,1,0.0,0
5653,Django (1966),Western,4.5,1,0.0,1
96834,Knuckleball! (2012),Documentary,4.0,1,0.0,1
108280,Black Rock (2012),Horror|Thriller,3.5,1,0.0,0
106438,Philomena (2013),Comedy|Drama,4.0,1,0.0,1
96020,Sidewalls (Medianeras) (2011),Drama,3.5,1,0.0,0
7833,Shadow of the Thin Man (1941),Comedy|Crime|Mystery,3.0,1,0.0,0
60418,Kabluey (2007),Comedy|Drama,3.5,1,0.0,0
2818,Iron Eagle IV (1995),Action|War,0.75,2,0.002976190476190476,0
7763,Winter Sleepers (Winterschläfer) (2000),Drama|Romance,3.0,1,0.0,0
88989,Kairat (1992),Drama,4.0,1,0.0,1
6613,"Day of the Dolphin, The (1973)",Drama,4.0,1,0.0,1
2515,Children of the Corn II: The Final Sacrifice (1993),Horror,2.0,1,0.0,0
92357,Cameraman: The Life and Work of Jack Cardiff (2010),Documentary,3.0,1,0.0,0
44685,Riot On! (2004),Documentary,2.0,1,0.0,0
43836,"Pink Panther, The (2006)",Adventure|Comedy|Crime,3.5,1,0.0,0
77427,"Human Centipede, The (First Sequence) (2009)",Horror,2.5,2,0.002976190476190476,0
78465,Three Little Words (1950),Comedy|Musical|Romance,4.5,1,0.0,1
1749,"Leading Man, The (1996)",Romance,4.0,3,0.005952380952380952,1
71876,Amelia (2009),Drama,3.25,2,0.002976190476190476,0
87079,Trust (2010),Drama|Thriller,3.0,1,0.0,0
51503,Wise Guys (1986),Comedy|Crime,3.0,1,0.0,0
32335,Wild Horses (Caballos salvajes) (1995),Drama,4.5,1,0.0,1
74456,Babysitter Wanted (2008),Horror|Thriller,1.0,1,0.0,0
31260,Boys Town (1938),Drama,3.0,1,0.0,0
1899,Passion in the Desert (1998),Adventure|Drama,5.0,1,0.0,1
6012,"Guy Thing, A (2003)",Comedy|Romance,3.0,2,0.002976190476190476,0
82182,If I Had a Million (1932),Comedy|Drama,3.5,1,0.0,0
3568,Smiling Fish and Goat on Fire (1999),Comedy|Romance,3.5,1,0.0,0
26237,Zabriskie Point (1970),Drama|Romance,4.0,1,0.0,1
83059,White Material (2009),Drama|Mystery|Thriller|War,4.0,1,0.0,1
101076,G.I. Joe: Retaliation (2013),Action|Adventure|Sci-Fi|Thriller|IMAX,3.5,1,0.0,0
43652,"Comedians of Comedy, The (2005)",Comedy|Documentary,4.0,1,0.0,1
5498,Red Beard (Akahige) (1965),Drama,4.5,2,0.002976190476190476,1
8576,Kopps (2003),Action|Comedy,3.0,2,0.002976190476190476,0
58332,Diary of the Dead (2007),Horror|Sci-Fi,3.5,2,0.002976190476190476,0
96501,Little White Lies (Les petits mouchoirs) (2010),Comedy|Drama,3.5,1,0.0,0
5111,"Good Son, The (1993)",Drama|Thriller,4.0,1,0.0,1
2975,"Best Man, The (1999)",Comedy|Drama,4.0,1,0.0,1
5749,Ghost Story (1981),Drama|Horror,1.0,1,0.0,0
6103,Monsignor (1982),Drama|War,3.0,1,0.0,0
105954,All Is Lost (2013),Action|Adventure|Drama,3.5,1,0.0,0
4780,Liam (2000),Drama,5.0,1,0.0,1
45047,Corvette Summer (1978),Adventure|Comedy,2.0,1,0.0,0
7306,"Herod's Law (Ley de Herodes, La) (2000)",Comedy|Crime|Mystery,2.5,1,0.0,0
6272,Eye of God (1997),Drama,4.5,1,0.0,1
56744,Longford (2006),Crime|Drama,4.0,1,0.0,1
5227,Barabbas (1961),Adventure|Drama,2.5,1,0.0,0
27156,"Neon Genesis Evangelion: The End of Evangelion (Shin seiki Evangelion Gekijô-ban: Air/Magokoro wo, kimi ni) (1997)",Action|Animation|Drama|Fantasy|Sci-Fi,4.0,1,0.0,1
2758,Plenty (1985),Drama,2.5,1,0.0,0
84187,Evangelion: 2.0 You Can (Not) Advance (Evangerion shin gekijôban: Ha) (2009),Action|Animation|Drama|Sci-Fi,5.0,1,0.0,1
1583,"Simple Wish, A (1997)",Children|Fantasy,5.0,1,0.0,1
97757,'Hellboy': The Seeds of Creation (2004),Action|Adventure|Comedy|Documentary|Fantasy,5.0,1,0.0,1
55094,In the Valley of Elah (2007),Drama|Mystery,3.75,2,0.002976190476190476,1
3455,Buddy Boy (1999),Drama|Thriller,2.5,1,0.0,0
5409,Rapid Fire (1992),Action,3.5,1,0.0,0
1656,Swept from the Sea (1997),Drama|Romance,3.0,1,0.0,0
26750,Quigley Down Under (1990),Adventure|Drama|Western,3.5,1,0.0,0
73101,Looking for Eric (2009),Comedy|Drama|Fantasy,4.0,1,0.0,1
98922,Rebellion (L'ordre et la morale) (2011),Action|Drama,3.0,1,0.0,0
4249,Kingdom Come (2001),Comedy,3.0,1,0.0,0
6094,Liquid Sky (1982),Comedy|Sci-Fi,4.5,2,0.002976190476190476,1
8137,"Wasp Woman, The (1959)",Horror|Sci-Fi,2.5,1,0.0,0
71453,"Blood of the Beasts (Sang des bêtes, Le) (1949)",Documentary|Drama,4.0,1,0.0,1
5379,"Believer, The (2001)",Drama,4.0,1,0.0,1
25855,"Roaring Twenties, The (1939)",Crime|Drama|Thriller,4.5,1,0.0,1
31038,Smooth Talk (1985),Drama|Romance,4.0,1,0.0,1
73411,MGS: Philanthropy (2009),Action|Adventure|Sci-Fi|War,4.0,1,0.0,1
51314,Golden Door (Nuovomondo) (2006),Adventure|Drama|Romance,3.0,1,0.0,0
26139,In Harm's Way (1965),Drama|War,4.5,1,0.0,1
31270,Shivers (They Came from Within) (1975),Drama|Horror|Sci-Fi,4.0,1,0.0,1
27834,"Return, The (Vozvrashcheniye) (2003)",Drama,3.75,2,0.002976190476190476,1
8056,Harper (1966),Crime|Drama|Mystery,3.0,1,0.0,0
104303,Jobs (2013),Drama,2.5,1,0.0,0
104944,Short Term 12 (2013),Drama,5.0,1,0.0,1
89072,Stake Land (2010),Horror,3.5,1,0.0,0
4098,"Dead, The (1987)",Drama,4.0,1,0.0,1
6574,Eve of Destruction (1991),Action|Sci-Fi|Thriller,1.0,1,0.0,0
92439,"Art of Getting By, The (2011)",Drama|Romance,4.0,1,0.0,1
48342,Conversations with Other Women (2005),Comedy|Drama|Romance,4.0,1,0.0,1
1456,"Pest, The (1997)",Comedy,1.0,1,0.0,0
56060,I Served the King of England (Obsluhoval jsem anglického krále) (2006),Comedy|Drama|Romance|War,3.5,1,0.0,0
81784,Morning Glory (2010),Comedy|Drama|Romance,5.0,1,0.0,1
48660,"Elementary Particles, The (Elementarteilchen) (2006)",Drama|Romance,4.0,1,0.0,1
5416,Cherish (2002),Comedy|Drama|Thriller,3.0,2,0.002976190476190476,0
93859,"Desert of Forbidden Art, The (2010)",Adventure|Documentary|Drama|War,2.0,1,0.0,0
85401,Super (2010),Action|Comedy|Drama,3.5,1,0.0,0
888,Land Before Time III: The Time of the Great Giving (1995),Adventure|Animation|Children|Musical,1.0,1,0.0,0
112788,Sex Tape (2014),Comedy,3.0,1,0.0,0
5007,Topkapi (1964),Adventure|Comedy|Thriller,4.0,1,0.0,1
570,"Slingshot, The (Kådisbellan) (1993)",Comedy|Drama,3.0,1,0.0,0
94503,"Decoy Bride, The (2011)",Comedy|Romance,3.5,1,0.0,0
77672,Ca$h (2010),Crime|Thriller,4.5,1,0.0,1
77421,Cyrus (2010),Comedy|Drama|Romance,3.0,1,0.0,0
1723,Twisted (1996),Comedy|Drama,1.0,1,0.0,0
1351,Blood and Wine (Blood & Wine) (1996),Crime|Drama|Thriller,3.0,1,0.0,0
4691,Def-Con 4 (1985),Action|Sci-Fi,2.0,1,0.0,0
124647,Spark: A Burning Man Story (2013),Action|Documentary|Drama,3.5,1,0.0,0
65235,"Grocer's Son, The (Fils de l'épicier, Le) (2007)",Drama|Romance,3.0,1,0.0,0
96537,Backwoods (Bosque de sombras) (2006),Drama|Thriller,3.5,1,0.0,0
57543,Fallen Art (Sztuka spadania) (2004),Action|Animation|Comedy,5.0,1,0.0,1
4407,Salvador (1986),Drama|Thriller|War,5.0,1,0.0,1
39410,Protocols of Zion (2005),Documentary,2.5,1,0.0,0
47970,"Last Kiss, The (2006)",Comedy|Drama,2.75,2,0.002976190476190476,0
670,"World of Apu, The (Apur Sansar) (1959)",Drama,3.5,2,0.002976190476190476,0
26965,"Boxer, The (1997)",Drama|Thriller,3.0,1,0.0,0
4683,"Wizard, The (1989)",Adventure|Children|Comedy|Drama,2.0,1,0.0,0
5681,Fidel (2001),Documentary,2.5,1,0.0,0
72041,Tormented (2009),Comedy|Horror,0.5,1,0.0,0
6401,Rio Lobo (1970),Adventure|Romance|War|Western,2.25,2,0.002976190476190476,1
75947,Mondo Cane (1962),Documentary,4.5,1,0.0,1
2045,"Far Off Place, A (1993)",Adventure|Children|Drama|Romance,3.0,1,0.0,0
80941,Dirty Girl (2010),Comedy|Drama,3.0,1,0.0,0
68194,"Damned United, The (2009)",Drama,4.0,1,0.0,1
8963,It's All About Love (2003),Drama|Romance|Sci-Fi|Thriller,0.5,1,0.0,0
4514,Howling IV: The Original Nightmare (1988),Horror,1.0,1,0.0,0
7181,Ship of Fools (1965),Drama,4.0,1,0.0,1
52938,"Adventures of Mark Twain, The (1986)",Adventure|Animation|Children,3.5,1,0.0,0
89570,Restless (2011),Drama,4.5,1,0.0,1
74630,Tom Thumb (1958),Children|Fantasy|Musical,3.0,1,0.0,0
26524,"Times of Harvey Milk, The (1984)",Documentary,3.5,2,0.002976190476190476,0
3637,Vagabond (Sans toit ni loi) (1985),Drama,4.0,1,0.0,1
8868,Head in the Clouds (2004),Drama|Romance|War,2.5,1,0.0,0
39307,Dreamer: Inspired by a True Story (2005),Children|Drama,2.5,1,0.0,0
2956,Someone to Watch Over Me (1987),Action|Crime|Thriller,4.0,1,0.0,1
4702,Thomas in Love (Thomas est Amoureux) (2000),Comedy|Drama,2.0,1,0.0,0
26603,Prince of Darkness (1987),Fantasy|Horror|Sci-Fi|Thriller,1.0,1,0.0,0
82852,Little Fockers (2010),Comedy,0.5,1,0.0,0
4297,Pelle the Conqueror (Pelle erobreren) (1987),Drama,5.0,1,0.0,1
95427,"Silent Scream, The (1980)",Horror|Thriller,3.5,1,0.0,0
103685,"Field in England, A (2013)",Drama|Fantasy|Thriller|War,5.0,1,0.0,1
31502,Salem's Lot (1979),Drama|Horror|Mystery|Thriller,3.5,1,0.0,0
103235,"Best Offer, The (Migliore offerta, La) (2013)",Thriller,3.5,1,0.0,0
4696,"Zorro, the Gay Blade (1981)",Comedy,1.25,2,0.002976190476190476,0
26078,Advise and Consent (1962),Drama,4.0,1,0.0,1
755,Kim (1950),Children|Drama,3.0,1,0.0,0
6911,"Jolson Story, The (1946)",Musical,3.0,1,0.0,0
8823,"Sting II, The (1983)",Comedy|Crime,3.0,2,0.002976190476190476,0
504,No Escape (1994),Action|Drama|Sci-Fi,1.0,1,0.0,0
78467,Jonah Hex (2010),Action|Drama|Thriller|Western,1.5,1,0.0,0
3335,Jail Bait (1954),Crime|Drama,0.5,1,0.0,0
118700,Selma (2014),Drama,3.0,1,0.0,0
70048,"Dark Backward, The (1991)",Comedy,3.5,1,0.0,0
8658,Zandalee (1991),Drama|Thriller,3.0,1,0.0,0
4049,Rancho Deluxe (1975),Comedy|Western,4.0,1,0.0,1
57478,"Laugh, Clown, Laugh (1928)",Drama,5.0,1,0.0,1
7707,"He Said, She Said (1991)",Comedy|Drama|Romance,4.0,1,0.0,1
44225,Aquamarine (2006),Children|Comedy|Fantasy,0.5,1,0.0,0
69306,"Taking of Pelham 1 2 3, The (2009)",Crime|Drama|Thriller,4.0,1,0.0,1
7489,"Nasty Girl, The (schreckliche Mädchen, Das) (1990)",Comedy|Drama,4.0,2,0.002976190476190476,1
4908,"Little Soldier, The (Petit soldat, Le) (1963)",Drama|War,5.0,1,0.0,1
2554,Children of the Damned (1963),Horror|Sci-Fi|Thriller,4.5,1,0.0,1
5778,Pieces (Mil gritos tiene la noche) (One Thousand Cries Has the Night) (1982),Horror|Mystery|Thriller,4.0,1,0.0,1
30846,"Assassination of Richard Nixon, The (2004)",Crime|Drama|Thriller,3.5,1,0.0,0
9000,That's Entertainment! III (1994),Documentary,3.0,1,0.0,0
5607,"Son of the Bride (Hijo de la novia, El) (2001)",Comedy|Drama,5.0,1,0.0,1
3514,Joe Gould's Secret (2000),Drama,5.0,2,0.002976190476190476,1
53131,Rise (2007),Action|Horror|Mystery|Thriller,1.5,1,0.0,0
8025,"Thief, The (Vor) (1997)",Drama,4.0,1,0.0,1
8663,Live Forever (2003),Comedy|Documentary,4.0,1,0.0,1
99251,Malibu High (1979),Comedy|Crime,3.5,1,0.0,0
26394,"Turning Point, The (1977)",Drama|Romance,4.0,1,0.0,1
44943,9/11 (2002),Documentary,5.0,1,0.0,1
3302,Beautiful People (1999),Comedy,4.0,2,0.002976190476190476,1
54780,"Nanny Diaries, The (2007)",Comedy|Drama|Romance,3.0,1,0.0,0
53450,"Legend of Sleepy Hollow, The (1980)",Comedy|Fantasy|Horror,3.0,1,0.0,0
27800,Interstella 5555: The 5tory of the 5ecret 5tar 5ystem (2003),Adventure|Animation|Fantasy|Musical|Sci-Fi,4.0,1,0.0,1
60816,"Colour of Magic, The (Terry Pratchett's The Colour of Magic) (2008)",Adventure|Comedy|Fantasy,4.0,1,0.0,1
32743,Ringu 0: Bâsudei (2000),Drama|Horror|Thriller,3.5,1,0.0,0
80363,Resident Evil: Afterlife (2010),Action|Horror|Sci-Fi|Thriller|IMAX,2.5,1,0.0,0
26064,"Bad Sleep Well, The (Warui yatsu hodo yoku nemuru) (1960)",Drama|Thriller,3.5,1,0.0,0
3187,Trans (1998),Drama,4.0,1,0.0,1
5468,20 Million Miles to Earth (1957),Sci-Fi,2.0,1,0.0,0
107436,Haunter (2013),Horror|Mystery|Thriller,3.0,1,0.0,0
8989,Damn Yankees! (1958),Comedy|Musical,3.5,1,0.0,0
2281,Monument Ave. (1998),Action|Crime|Drama,2.0,1,0.0,0
1360,Identification of a Woman (Identificazione di una donna) (1982),Drama,5.0,1,0.0,1
759,Maya Lin: A Strong Clear Vision (1994),Documentary,4.0,2,0.002976190476190476,1
6208,Teenagers from Outer Space (1959),Horror|Sci-Fi,1.0,1,0.0,0
48231,Taxidermia (2006),Comedy|Drama|Horror,4.5,1,0.0,1
4136,"Month in the Country, A (1987)",Drama,4.0,1,0.0,1
7353,Clifford (1994),Comedy,1.0,1,0.0,0
7846,Tremors 3: Back to Perfection (2001),Comedy|Horror|Sci-Fi,3.0,1,0.0,0
82447,"Tomorrow, When the War Began (2010)",Action|Adventure|Drama,4.0,1,0.0,1
25804,Wild Boys of the Road (1933),Adventure|Drama|Romance,3.5,1,0.0,0
5963,"Children's Hour, The (1961)",Drama,2.5,1,0.0,0
34198,Russian Dolls (Les poupées russes) (2005),Comedy|Romance,3.0,1,0.0,0
5575,Alias Betty (Betty Fisher et autres histoires) (2001),Crime|Drama,4.5,1,0.0,1
31367,"Chase, The (1994)",Action|Adventure|Comedy|Crime|Romance|Thriller,2.0,1,0.0,0
4471,Arthur 2: On the Rocks (1988),Comedy|Romance,1.0,1,0.0,0
3180,Play it to the Bone (1999),Comedy|Drama,2.75,2,0.002976190476190476,1
62974,"Adventures of Tom Sawyer, The (1938)",Adventure,3.0,1,0.0,0
31255,Ice Station Zebra (1968),Action|Thriller,4.0,1,0.0,1
3687,Light Years (Gandahar) (1988),Adventure|Animation|Fantasy|Sci-Fi,3.5,1,0.0,0
1493,Love and Other Catastrophes (1996),Romance,2.5,1,0.0,0
115210,Fury (2014),Action|Drama|War,4.0,1,0.0,1
2503,"Apple, The (Sib) (1998)",Drama,4.0,1,0.0,1
27866,In My Father's Den (2004),Drama,5.0,1,0.0,1
3339,Cross of Iron (1977),War,3.75,2,0.002976190476190476,0
48308,Household Saints (1993),Drama,5.0,1,0.0,1
6882,Returner (Ritaanaa) (2002),Action|Adventure|Sci-Fi,4.0,1,0.0,1
40617,Creep (2004),Horror|Thriller,3.5,1,0.0,0
91199,Weekend (2011),Drama|Romance,3.5,1,0.0,0
95313,Jack-Jack Attack (2005),Adventure|Animation|Children|Comedy,2.5,1,0.0,0
7840,Gunga Din (1939),Adventure|Comedy|War,4.0,1,0.0,1
5484,Happy Times (Xingfu shiguang) (2000),Comedy|Drama,2.0,1,0.0,0
8141,Sodom and Gomorrah (1962),Adventure|Drama,2.5,1,0.0,0
111795,Million Dollar Arm (2014),Comedy|Drama,2.0,1,0.0,0
2855,Nightmares (1983),Horror,2.5,1,0.0,0
3663,Puppet Master 4 (1993),Horror|Sci-Fi|Thriller,3.0,1,0.0,0
31032,"Last Horror Movie, The (2003)",Horror|Thriller,3.5,1,0.0,0
6592,"Secret Lives of Dentists, The (2002)",Drama,2.0,1,0.0,0
31188,"Milky Way, The (Voie lactée, La) (1969)",Comedy|Drama,4.5,1,0.0,1
7280,Blacula (1972),Horror,3.0,1,0.0,0
4826,"Big Red One, The (1980)",Action|Adventure|Drama|War,4.5,2,0.002976190476190476,1
6960,Marquis (1989),Drama,0.5,1,0.0,0
80166,"Switch, The (2010)",Comedy|Romance,2.5,1,0.0,0
54270,Skinwalkers (2007),Horror|Thriller,1.5,1,0.0,0
4289,"City of Women, The (Città delle donne, La) (1980)",Comedy|Drama,3.5,1,0.0,0
120757,Beck - Rum 302 (2015),Crime|Mystery|Thriller,2.5,1,0.0,0
4490,"Couch Trip, The (1988)",Comedy,3.0,1,0.0,0
78544,Ricky Gervais Live 3: Fame (2007),Comedy,2.0,1,0.0,0
2514,Pet Sematary II (1992),Comedy|Horror,2.0,1,0.0,0
49013,"Santa Clause 3: The Escape Clause, The (2006)",Comedy|Fantasy,3.0,2,0.002976190476190476,0
109183,Date and Switch (2014),Comedy,3.0,1,0.0,0
118496,A Cinderella Story: Once Upon a Song (2011),Children|Comedy|Romance,4.5,1,0.0,1
7102,Dragnet (1987),Comedy|Crime|Drama,3.75,2,0.002976190476190476,1
90965,Sasha (Sascha) (2010),Comedy|Drama,3.5,1,0.0,0
7227,"Trouble with Angels, The (1966)",Comedy,4.0,2,0.002976190476190476,0
3761,"Bound by Honor (a.k.a. Blood In, Blood Out) (1993)",Action|Crime|Drama|Thriller,4.5,1,0.0,1
8375,"Hunting of the President, The (2004)",Documentary,4.0,1,0.0,1
7310,Raw Deal (1986),Action,1.0,1,0.0,0
4840,"Last Metro, The (Dernier métro, Le) (1980)",Drama|Romance,3.0,1,0.0,0
26005,Samurai II: Duel at Ichijoji Temple (Zoku Miyamoto Musashi: Ichijôji no kettô) (1955),Action|Adventure|Drama,4.0,1,0.0,1
93693,Casa de mi Padre (2012),Comedy,3.0,1,0.0,0
566,Naked in New York (1994),Comedy|Romance,4.0,1,0.0,1
1430,Underworld (1996),Comedy|Thriller,2.0,1,0.0,0
26429,Love at First Bite (1979),Comedy|Horror|Romance,2.0,1,0.0,0
78959,Endgame (2009),Drama,4.0,1,0.0,1
74679,In the Shadow of Doubt (Epäilyksen varjossa) (2010),Documentary,3.0,1,0.0,0
7077,Way Down East (1920),Drama|Romance,5.0,1,0.0,1
52283,"Reaping, The (2007)",Horror|Thriller,3.0,1,0.0,0
47937,Severance (2006),Comedy|Horror|Thriller,4.5,1,0.0,1
26344,French Connection II (1975),Action|Crime|Drama|Thriller,5.0,1,0.0,1
74532,Cop Out (2010),Action|Comedy|Crime,3.0,3,0.005952380952380952,0
7211,People Will Talk (1951),Comedy|Romance,4.0,1,0.0,1
4392,Alice (1990),Comedy|Drama|Fantasy|Romance,3.0,1,0.0,0
2274,Lilian's Story (1995),Drama,3.25,2,0.002976190476190476,0
42602,"Boys of Baraka, The (2005)",Documentary,3.0,1,0.0,0
27326,Devdas (2002),Musical|Romance,3.0,1,0.0,0
2154,How Stella Got Her Groove Back (1998),Drama|Romance,5.0,1,0.0,1
108754,Xingu (2012) ,Adventure|Drama,3.0,1,0.0,0
1692,Alien Escape (1995),Horror|Sci-Fi,3.0,1,0.0,0
67792,"Black Balloon, The (2008)",Drama,5.0,1,0.0,1
6134,Starstruck (1982),Comedy|Musical,4.0,1,0.0,1
100240,"Woman's Face, A (En kvinnas ansikte) (1938) ",Drama,3.0,1,0.0,0
32525,"Earrings of Madame de..., The (Madame de...) (1953)",Drama,4.5,1,0.0,1
77206,Diary of a Wimpy Kid (2010),Children|Comedy,2.5,1,0.0,0
4505,For Keeps (1988),Drama|Romance,2.5,2,0.002976190476190476,0
59105,Where in the World Is Osama Bin Laden? (2008),Documentary,3.0,2,0.002976190476190476,0
66198,"International, The (2009)",Drama|Thriller,4.0,1,0.0,1
77414,"Last Song, The (2010)",Drama|Romance,5.0,1,0.0,1
7030,Radio Flyer (1992),Drama,1.75,2,0.002976190476190476,0
343,"Baby-Sitters Club, The (1995)",Children,3.0,1,0.0,0
25868,Ball of Fire (1941),Comedy|Romance,4.0,1,0.0,1
2057,"Incredible Journey, The (1963)",Adventure|Children,3.0,1,0.0,0
8905,1492: Conquest of Paradise (1992),Adventure|Drama,4.0,1,0.0,1
84304,What Women Want (a.k.a. I Know a Woman's Heart) (2011),Comedy|Romance,3.0,2,0.002976190476190476,1
94980,Stavisky... (1974),Crime|Drama,3.0,1,0.0,0
6269,Stevie (2002),Documentary,5.0,1,0.0,1
2612,Mildred Pierce (1945),Drama|Film-Noir,4.0,1,0.0,1
26313,California Split (1974),Comedy|Drama,4.5,1,0.0,1
90524,Abduction (2011),Action|Drama|Mystery|Thriller,2.5,1,0.0,0
7392,Bandolero! (1968),Western,3.5,1,0.0,0
33294,Vampire Hunter D (1985),Animation|Fantasy|Horror,3.0,1,0.0,0
6101,Missing (1982),Drama|Mystery|Thriller,4.0,1,0.0,1
89554,Zindagi Na Milegi Dobara (2011),Adventure|Comedy|Drama|Romance,4.5,1,0.0,1
45503,Peaceful Warrior (2006),Drama,5.0,1,0.0,1
102802,"Lords of Salem, The (2012)",Horror|Thriller,4.0,1,0.0,1
96304,Hara-Kiri: Death of a Samurai (2011),Drama,4.5,1,0.0,1
50147,Black Christmas (2006),Action|Horror|Thriller,3.0,1,0.0,0
39419,Where the Truth Lies (2005),Drama|Thriller,2.5,1,0.0,0
5354,Cactus Flower (1969),Comedy,2.75,2,0.002976190476190476,0
93855,God Bless America (2011),Comedy|Drama,1.0,1,0.0,0
3308,"Flamingo Kid, The (1984)",Comedy|Drama,2.0,2,0.002976190476190476,0
8885,"Sentinel, The (1977)",Drama|Horror|Mystery|Thriller,3.5,1,0.0,0
87928,Tapped (2009),Documentary,3.0,1,0.0,0
6642,Showdown in Little Tokyo (1991),Action|Crime,2.5,1,0.0,0
5721,"Chosen, The (1981)",Drama,4.0,1,0.0,1
26302,Scarecrow (1973),Drama,3.5,1,0.0,0
92904,We Were Here (2011),Documentary,3.5,1,0.0,0
2190,Why Do Fools Fall In Love? (1998),Drama,1.0,1,0.0,0
92507,Safe House (2012),Action|Crime|Mystery|Thriller,3.0,1,0.0,0
111375,Walk of Shame (2014),Comedy,4.0,1,0.0,1
430,Calendar Girl (1993),Comedy|Drama,1.5,1,0.0,0
32302,"League of Ordinary Gentlemen, A (2004)",Documentary,4.0,1,0.0,1
404,Brother Minister: The Assassination of Malcolm X (1994),Documentary,4.0,1,0.0,1
6832,Regarding Henry (1991),Drama,4.0,1,0.0,1
6525,Nuts (1987),Drama,4.0,1,0.0,1
101360,"Call, The (2013)",Drama|Thriller,3.0,1,0.0,0
1669,"Tango Lesson, The (1997)",Romance,1.0,1,0.0,0
6267,Assassination Tango (2002),Drama|Thriller,2.0,1,0.0,0
112399,Finding Vivian Maier (2013),Documentary,3.0,1,0.0,0
8782,Thunderbirds (2004),Action|Adventure|Fantasy|Sci-Fi,2.0,2,0.002976190476190476,0
3610,Roustabout (1964),Drama|Musical|Romance,3.0,1,0.0,0
6884,Veronica Guerin (2003),Crime|Drama|Thriller,3.5,2,0.002976190476190476,0
27376,"Tunnel, The (Tunnel, Der) (2001)",Action|Drama|Thriller,4.0,1,0.0,1
3539,"Filth and the Fury, The (2000)",Documentary,4.0,1,0.0,1
47868,Ronja Robbersdaughter (Ronja Rövardotter) (1984),Adventure|Children|Drama,3.5,1,0.0,0
6649,Tunes of Glory (1960),Drama,4.5,1,0.0,1
5337,Delirious (1991),Comedy,2.0,1,0.0,0
6958,"Haunted Mansion, The (2003)",Children|Comedy|Fantasy|Horror,2.5,1,0.0,0
52589,"Resurrected, The (1992)",Horror,3.0,1,0.0,0
82053,Casino Jack (2010),Comedy|Crime,2.0,1,0.0,0
9005,Fire in the Sky (1993),Drama|Mystery|Sci-Fi,4.0,1,0.0,1
4116,Hollywood Shuffle (1987),Comedy,4.0,1,0.0,1
2305,Slam (1998),Drama,5.0,1,0.0,1
6896,Shoah (1985),Documentary|War,5.0,2,0.002976190476190476,1
384,Bad Company (1995),Action|Crime|Drama,3.0,1,0.0,0
1905,Marie from the Bay of Angels (Marie Baie Des Anges) (1997),Drama,4.0,1,0.0,1
70817,Shadow Warriors 2 (Assault on Devil's Island) (1997),Action|Adventure|Thriller,1.5,1,0.0,0
5818,"Crime of Father Amaro, The (Crimen del padre Amaro, El) (2002)",Drama|Romance,3.0,1,0.0,0
85072,"Wild and Wonderful Whites of West Virginia, The (2009)",Documentary,4.0,1,0.0,1
27482,Cube 2: Hypercube (2002),Horror|Mystery|Sci-Fi,3.0,1,0.0,0
3570,"Last September, The (1999)",Drama,5.0,1,0.0,1
6828,"Sunday in the Country, A (Un dimanche à la campagne) (1984)",Drama,3.0,1,0.0,0
48059,"Boy Named Charlie Brown, A (1969)",Animation|Children|Comedy|Drama,4.0,1,0.0,1
2800,Little Nemo: Adventures in Slumberland (1992),Adventure|Animation|Children|Drama|Fantasy,4.0,1,0.0,1
91416,Miss Bala (2011),Action|Adventure|Drama|Thriller,4.0,1,0.0,1
46156,"Ax, The (couperet, Le) (2005)",Comedy|Crime,5.0,1,0.0,1
3026,Slaughterhouse (1987),Comedy|Horror,5.0,1,0.0,1
34482,"Browning Version, The (1951)",Drama,4.0,1,0.0,1
6913,Frankenstein and the Monster from Hell (1974),Horror,2.0,1,0.0,0
3136,"James Dean Story, The (1957)",Documentary,3.5,1,0.0,0
97673,56 Up (2012),Documentary,4.0,1,0.0,1
5317,"Girls Can't Swim (Filles ne savent pas nager, Les) (2000)",Drama,2.0,2,0.002976190476190476,0
5323,Jason X (2002),Horror|Sci-Fi|Thriller,1.75,2,0.002976190476190476,0
48741,"U.S. vs. John Lennon, The (2006)",Documentary,4.0,1,0.0,1
27006,RKO 281 (1999),Drama,5.0,1,0.0,1
36363,Kin-Dza-Dza! (1986),Comedy|Drama|Sci-Fi,5.0,1,0.0,1
6609,"Gospel According to St. Matthew, The (Vangelo secondo Matteo, Il) (1964)",Drama,5.0,1,0.0,1
27347,Good Advice (2001),Comedy|Romance,3.5,1,0.0,0
26003,Night and Fog (Nuit et brouillard) (1955),Crime|Documentary|War,4.0,1,0.0,1
102070,Grabbers (2012),Comedy|Horror|Sci-Fi,3.0,1,0.0,0
100617,Patton Oswalt: No Reason to Complain (2004),Comedy,2.5,1,0.0,0
5768,Modern Problems (1981),Comedy|Fantasy,2.0,1,0.0,0
65939,Kummeli Goldrush (Kummeli kultakuume) (1997),Comedy,4.5,1,0.0,1
6763,Duplex (2003),Comedy|Crime,2.0,1,0.0,0
402,Open Season (1996),Comedy,1.0,1,0.0,0
6450,"Heaven Knows, Mr. Allison (1957)",Drama|War,3.0,1,0.0,0
26695,"Krays, The (1990)",Drama,2.5,1,0.0,0
4952,Morons From Outer Space (1985),Comedy|Sci-Fi,1.0,1,0.0,0
56719,Vitus (2006),Drama,5.0,1,0.0,1
101060,"Last Exorcism Part II, The (2013)",Horror|Thriller,4.0,1,0.0,1
7089,Amarcord (1973),Comedy|Drama,5.0,1,0.0,1
37335,Come Drink with Me (Da zui xia) (1966),Action|Adventure|Crime,3.5,1,0.0,0
82202,"Tourist, The (2010)",Drama|Thriller,3.0,1,0.0,0
33681,"Adventures of Sharkboy and Lavagirl 3-D, The (2005)",Action|Adventure|Children|Fantasy,2.0,1,0.0,0
31903,Zelary (2003),Drama|Romance,2.0,1,0.0,0
8859,SuperBabies: Baby Geniuses 2 (2004),Comedy,0.5,1,0.0,0
56274,Margot at the Wedding (2007),Drama,3.0,1,0.0,0
5116,Designing Woman (1957),Comedy,3.5,1,0.0,0
66354,Jesus Christ Superstar (2000),Drama|Musical,3.0,1,0.0,0
95170,Beauty and the Beast: The Enchanted Christmas (1997),Animation|Children|Fantasy|Musical,1.5,1,0.0,0
7074,"Navigator, The (1924)",Comedy,4.0,1,0.0,1
54290,Bratz: The Movie (2007),Comedy,4.5,1,0.0,1
2345,Desert Bloom (1986),Drama,5.0,1,0.0,1
27488,Stark Raving Mad (2002),Action|Comedy|Crime,3.0,1,0.0,0
94810,Eva (2011),Drama|Fantasy|Sci-Fi,3.5,1,0.0,0
43932,Pulse (2006),Action|Drama|Fantasy|Horror|Mystery|Sci-Fi|Thriller,1.5,1,0.0,0
3318,Deterrence (1999),Drama|Thriller,4.0,1,0.0,1
1890,Little Boy Blue (1997),Drama,4.0,1,0.0,1
1413,"Whole Wide World, The (1996)",Drama,1.0,1,0.0,0
51249,First Man Into Space (1959),Drama|Horror|Sci-Fi,2.0,1,0.0,0
1632,"Smile Like Yours, A (1997)",Comedy|Romance,3.0,1,0.0,0
6428,Two Mules for Sister Sara (1970),Comedy|War|Western,3.5,1,0.0,0
5936,"Come Back to the Five and Dime, Jimmy Dean, Jimmy Dean (1982)",Drama,3.5,1,0.0,0
4353,Uncommon Valor (1983),Action|War,2.5,1,0.0,0
7067,Juliet of the Spirits (Giulietta degli spiriti) (1965),Comedy|Drama|Fantasy|Romance,4.5,1,0.0,1
4495,Crossing Delancey (1988),Comedy|Romance,5.0,1,0.0,1
4530,Permanent Record (1988),Drama,2.0,1,0.0,0
3758,Communion (1989),Drama|Sci-Fi|Thriller,3.0,1,0.0,0
101222,Elevator (2011) ,Thriller,2.5,1,0.0,0
63433,Farscape: The Peacekeeper Wars (2004),Action|Adventure|Sci-Fi,2.25,2,0.002976190476190476,1
6198,American Heart (1992),Crime|Drama,4.0,1,0.0,1
980,"Yes, Madam (a.k.a. Police Assassins) (a.k.a. In the Line of Duty 2) (Huang gu shi jie) (1985)",Action,4.0,1,0.0,1
3722,American Virgin (2000),Comedy,2.0,1,0.0,0
56700,"Flock, The (2007)",Crime|Drama|Mystery|Thriller,1.0,1,0.0,0
5739,Faces of Death 6 (1996),Documentary|Horror,0.5,1,0.0,0
93006,"Very Potter Musical, A (2009)",Comedy|Musical,3.5,1,0.0,0
113696,Are You Here (2014),Comedy,3.0,1,0.0,0
103543,"Lifeguard, The (2013)",Comedy|Drama,4.0,1,0.0,1
26691,I Hired a Contract Killer (1990),Comedy|Drama,3.5,1,0.0,0
60654,"Last Mistress, The (vieille maîtresse, Une) (2007)",Drama,2.5,1,0.0,0
84863,Spider Lilies (Ci qing) (2007),Drama|Romance,3.0,1,0.0,0
823,"Collector, The (La collectionneuse) (1967)",Drama,3.0,1,0.0,0
8123,Sammy and Rosie Get Laid (1987),Comedy|Drama,3.5,1,0.0,0
8875,"Come Back, Little Sheba (1952)",Drama,3.5,1,0.0,0
53133,Gracie (2007),Drama,3.0,1,0.0,0
55681,Valhalla (1986),Adventure|Animation|Children|Fantasy,4.0,1,0.0,1
101283,"Incredible Burt Wonderstone, The (2013)",Comedy,2.0,1,0.0,0
85686,Breathing Room (2008),Horror|Mystery|Thriller,4.5,1,0.0,1
93568,Punksters & Youngsters (Punk - Tauti joka ei tapa) (2008),Documentary,4.5,1,0.0,1
44856,"Curse of the Werewolf, The (1961)",Drama|Horror|Romance,3.0,1,0.0,0
6424,Oscar (1991),Comedy|Crime|Mystery|Romance,3.0,1,0.0,0
56350,That Hamilton Woman (1941),Drama|Romance|War,3.5,1,0.0,0
8168,"Lift, De (1983)",Horror|Thriller,3.5,1,0.0,0
8045,Hamburger Hill (1987),Action|Drama|War,3.0,1,0.0,0
27044,Breast Men (1997),Comedy|Drama,1.0,1,0.0,0
55190,Love and Other Disasters (2006),Comedy|Romance,3.0,1,0.0,0
5297,"Cat's Meow, The (2002)",Drama|Thriller,4.0,1,0.0,1
3838,Phantasm III: Lord of the Dead (1994),Horror,2.0,1,0.0,0
4750,3 Ninjas Knuckle Up (1995),Action|Children,3.0,1,0.0,0
102033,Pain & Gain (2013),Action|Comedy|Crime,3.0,1,0.0,0
3236,Zachariah (1971),Comedy|Musical|Western,3.0,1,0.0,0
4605,How to Get Ahead in Advertising (1989),Comedy|Fantasy,3.0,1,0.0,0
5696,Urban Cowboy (1980),Drama,2.0,1,0.0,0
55417,Irina Palm (2007),Drama,4.0,1,0.0,1
8921,"Rose Tattoo, The (1955)",Drama|Romance,3.5,1,0.0,0
59440,Bella (2006),Drama|Romance,3.5,1,0.0,0
100089,Star Wars Uncut: Director's Cut (2012),Action|Animation|Comedy|Sci-Fi|Western,5.0,1,0.0,1
90531,Shame (2011),Drama,4.0,1,0.0,1
68522,Earth (2007),Documentary,4.0,1,0.0,1
2219,Murder! (1930),Mystery|Thriller,3.0,1,0.0,0
5175,Hidden Agenda (1990),Drama|Thriller,4.0,1,0.0,1
57848,Canvas (2006),Drama,3.5,1,0.0,0
86094,24 City (Er shi si cheng ji) (2008),Drama,3.5,1,0.0,0
77893,Merantau (2009),Action|Drama,3.5,2,0.002976190476190476,0
4195,"Abominable Dr. Phibes, The (1971)",Horror|Mystery,4.0,1,0.0,1
82633,"Kuroneko (Black Cat from the Grove, The) (Yabu no naka no kuroneko) (1968)",Drama|Fantasy|Horror|Romance,0.5,1,0.0,0
479,Judgment Night (1993),Action|Crime|Thriller,3.0,2,0.002976190476190476,0
55901,"You, the Living (Du levande) (2007)",Comedy|Drama|Musical,3.5,1,0.0,0
4831,Can't Stop the Music (1980),Comedy|Musical,4.0,1,0.0,1
27397,Joint Security Area (Gongdong gyeongbi guyeok JSA) (2000),Crime|Drama|Mystery|Thriller|War,4.5,1,0.0,1
4962,Texas Rangers (2001),Adventure|Western,3.0,1,0.0,0
52561,Summer Palace (Yihe yuan) (2006),Drama|Romance,3.5,1,0.0,0
40755,Forty Guns (1957),Drama|Western,3.5,1,0.0,0
96467,Sleepwalk with Me (2012),Comedy|Drama,4.0,1,0.0,1
6181,"Red Badge of Courage, The (1951)",Drama|War,2.0,1,0.0,0
3202,Even Dwarfs Started Small (Auch Zwerge haben klein angefangen) (1971),Drama|Horror,4.5,1,0.0,1
7019,Project X (1987),Comedy|Drama,4.0,1,0.0,1
3031,Repossessed (1990),Comedy,2.5,1,0.0,0
74553,"Secret of Kells, The (2009)",Animation|Fantasy,5.0,1,0.0,1
7302,"Thief of Bagdad, The (1924)",Action|Adventure|Fantasy,5.0,1,0.0,1
72583,Brightness (Yeelen) (1987),Fantasy,4.0,1,0.0,1
6243,Ringu 2 (Ring 2) (1999),Horror|Mystery,2.5,1,0.0,0
3171,Room at the Top (1959),Drama,5.0,1,0.0,1
2785,Tales of Terror (1962),Horror,4.0,1,0.0,1
6703,"Order, The (2003)",Horror|Mystery|Thriller,3.5,1,0.0,0
3291,Trois (2000),Thriller,1.0,1,0.0,0
4237,"Gleaners & I, The (Les glaneurs et la glaneuse) (2000)",Documentary,4.5,1,0.0,1
3240,"Big Tease, The (1999)",Comedy,2.0,1,0.0,0
5100,"Man Who Loved Women, The (1983)",Comedy,4.0,1,0.0,1
74282,Anne of Green Gables: The Sequel (a.k.a. Anne of Avonlea) (1987),Children|Drama|Romance,4.5,1,0.0,1
87192,Attack the Block (2011),Action|Comedy|Sci-Fi,3.25,2,0.002976190476190476,0
5815,Half Past Dead (2002),Action|Crime|Thriller,2.0,1,0.0,0
7068,Last Year at Marienbad (L'Année dernière à Marienbad) (1961),Drama|Mystery|Romance,1.5,1,0.0,0
99910,"Last Stand, The (2013)",Action|Crime|Thriller,3.5,1,0.0,0
47670,"Syrian Bride, The (2004)",Drama,3.5,1,0.0,0
6670,Comic Book Villains (2002),Comedy,2.5,1,0.0,0
26347,"Irony of Fate, or Enjoy Your Bath! (Ironiya sudby, ili S legkim parom!) (1975)",Comedy|Drama|Romance,4.0,1,0.0,1
1988,Hello Mary Lou: Prom Night II (1987),Horror,2.0,1,0.0,0
7094,Attraction (2000),Drama|Romance|Thriller,3.0,1,0.0,0
6687,My Boss's Daughter (2003),Comedy|Romance,2.0,2,0.002976190476190476,0
57536,Strange Wilderness (2008),Comedy,5.0,1,0.0,1
7987,Dolls (1987),Horror,2.5,1,0.0,0
86166,Crisis (Kris) (1946),Drama,3.0,1,0.0,0
8600,Angels with Dirty Faces (1938),Crime|Drama,3.5,1,0.0,0
120807,John Mulaney: New In Town (2012),Comedy,3.5,1,0.0,0
90603,Batman: Year One (2011),Action|Animation|Crime,3.5,1,0.0,0
5399,River of No Return (1954),Adventure|Western,3.0,1,0.0,0
6258,"Dames du Bois de Boulogne, Les (Ladies of the Bois de Boulogne, The) (Ladies of the Park) (1945)",Drama|Romance,3.5,1,0.0,0
6008,"Son, The (Le fils) (2002)",Drama,4.5,1,0.0,1
7040,To Live and Die in L.A. (1985),Action|Crime|Drama|Thriller,4.0,1,0.0,1
99112,Jack Reacher (2012),Action|Crime|Thriller,2.5,1,0.0,0
826,Women Robbers (Diebinnen) (1995),Drama,1.0,1,0.0,0
61075,Elegy (2008),Drama|Romance,4.0,1,0.0,1
33081,Love Comes Softly (2003),Drama|Romance|Western,4.0,1,0.0,1
102194,Mud (2012),Adventure|Crime|Drama,3.5,1,0.0,0
7919,Drunken Angel (Yoidore tenshi) (1948),Drama|Film-Noir,4.5,1,0.0,1
52831,Maniac Cop (1988),Action|Crime|Horror|Thriller,3.0,1,0.0,0
5075,Waydowntown (2000),Comedy,3.0,1,0.0,0
7650,"Witchfinder General (Conquerer Worm, The) (1968)",Horror,3.5,1,0.0,0
7890,The Left Handed Gun (1958),Crime|Drama|Western,3.5,1,0.0,0
25972,Clash by Night (1952),Drama|Film-Noir,3.5,1,0.0,0
2845,Whiteboyz (1999),Comedy|Drama,2.0,1,0.0,0
1767,Music From Another Room (1998),Drama|Romance,3.5,1,0.0,0
83538,"Léon Morin, Priest (Léon Morin, prêtre) (1961)",Drama,3.0,1,0.0,0
8365,"Mother, The (2003)",Drama,4.0,1,0.0,1
74450,Valentine's Day (2010),Comedy|Romance,2.5,2,0.002976190476190476,0
82059,Farewell (L'affaire Farewell) (2009),Thriller,3.0,1,0.0,0
1869,Black Dog (1998),Action|Thriller,1.0,1,0.0,0
7613,White Palace (1990),Drama,5.0,1,0.0,1
53769,In Search of a Midnight Kiss (2007),Comedy|Romance,3.5,1,0.0,0
91831,"Devil Inside, The (2012)",Horror|Thriller,0.5,1,0.0,0
94473,Sweet Bunch (Glykia symmoria) (1983),Crime|Drama|Thriller,1.5,1,0.0,0
5730,Enter the Ninja (a.k.a. Ninja I) (1981),Action|Drama,3.0,1,0.0,0
1473,Best Men (1997),Action|Comedy|Crime|Drama,4.0,1,0.0,1
6556,"Sea Is Watching, The (Umi wa miteita) (2002)",Romance,2.5,1,0.0,0
108548,"Big Bang Theory, The (2007-)",Comedy,2.5,1,0.0,0
70697,G-Force (2009),Action|Adventure|Children|Fantasy,4.0,1,0.0,1
75805,"Bounty Hunter, The (2010)",Action|Comedy|Romance,0.5,1,0.0,0
71910,"Tournament, The (2009)",Action,3.0,1,0.0,0
101577,"Host, The (2013)",Action|Adventure|Romance,2.0,1,0.0,0
8268,Point of No Return (1993),Action|Thriller,4.5,1,0.0,1
6928,"Die, Mommie, Die (2003)",Comedy,3.5,1,0.0,0
6091,Labyrinth of Passion (Laberinto de Pasiones) (1982),Comedy,0.5,1,0.0,0
746,Force of Evil (1948),Film-Noir,3.0,1,0.0,0
1532,Sprung (1997),Comedy,2.0,1,0.0,0
89973,Here Comes Peter Cottontail (1971),Animation|Children|Musical,0.5,1,0.0,0
102469,Wish You Were Here (2012),Drama|Mystery,2.5,1,0.0,0
5239,Rude Boy (1980),Documentary|Drama,3.5,1,0.0,0
5161,Intersection (1994),Drama|Romance,3.0,1,0.0,0
1529,Nowhere (1997),Comedy|Drama,5.0,1,0.0,1
6990,"Great Train Robbery, The (a.k.a. First Great Train Robbery, The) (1979)",Action|Adventure|Comedy|Crime|Drama,4.5,1,0.0,1
74370,"House of the Devil, The (2009)",Horror|Thriller,3.0,1,0.0,0
7045,"Witches, The (1990)",Children|Fantasy,5.0,1,0.0,1
6560,Loose Cannons (1990),Action|Comedy,1.0,1,0.0,0
2521,Airport 1975 (1974),Action|Drama|Thriller,5.0,1,0.0,1
86293,Arthur (2011),Comedy,2.0,1,0.0,0
7082,That Touch of Mink (1962),Comedy|Romance,4.0,1,0.0,1
90458,God's Little Acre (1958),Comedy|Drama|Romance,3.0,1,0.0,0
72104,Balance (1989),Animation|Drama|Mystery|Sci-Fi|Thriller,4.0,1,0.0,1
62235,Red (2008),Drama|Thriller,4.5,1,0.0,1
97024,Rust and Bone (De rouille et d'os) (2012),Drama|Romance,3.5,1,0.0,0
3622,"Twelve Chairs, The (1970)",Comedy,4.0,1,0.0,1
7577,"Magic Flute, The (Trollflöjten) (1975)",Comedy|Fantasy|Musical|Romance,4.0,1,0.0,1
651,"Superweib, Das (1996)",Comedy,4.0,1,0.0,1
5290,First Men in the Moon (1964),Adventure|Sci-Fi,3.0,1,0.0,0
100556,"Act of Killing, The (2012)",Documentary,4.0,1,0.0,1
4917,MacArthur (1977),Drama,3.0,1,0.0,0
7208,Dr. Jekyll and Mr. Hyde (1941),Drama|Horror,3.0,1,0.0,0
7753,Tuesdays with Morrie (1999),Drama,3.5,1,0.0,0
5334,Cadillac Man (1990),Comedy|Crime,3.25,2,0.002976190476190476,1
3126,"End of the Affair, The (1955)",Drama,4.0,1,0.0,1
94953,Wanderlust (2012),Comedy,3.0,1,0.0,0
98933,Yossi (Ha-Sippur Shel Yossi) (2012),Drama|Romance,4.0,1,0.0,1
6411,Come September (1961),Comedy,4.5,1,0.0,1
64032,Four Christmases (2008),Comedy,3.0,1,0.0,0
81083,Kaboom (2010),Comedy|Sci-Fi,3.0,1,0.0,0
50158,Stomp the Yard (2007),Drama|Musical,3.0,1,0.0,0
82150,Bunny and the Bull (2009),Adventure|Comedy|Drama,4.0,1,0.0,1
3709,Sleepwalkers (1992),Horror,1.0,1,0.0,0
49132,Shut Up & Sing (2006),Documentary,2.0,1,0.0,0
86778,"Pool, The (Swimming Pool - Der Tod feiert mit) (2001) ",Horror|Thriller,0.5,1,0.0,0
86355,Atlas Shrugged: Part 1 (2011),Drama|Mystery|Sci-Fi,2.5,1,0.0,0
49746,Waterloo Bridge (1931),Drama|War,3.0,1,0.0,0
61401,"Spirit, The (2008)",Action|Comedy|Fantasy|Thriller,4.5,1,0.0,1
7308,King Solomon's Mines (1985),Adventure|Comedy,2.5,1,0.0,0
8518,Anna Christie (1930),Drama,3.5,1,0.0,0
3992,Malèna (2000),Drama|Romance|War,3.5,1,0.0,0
6526,Rhapsody in August (Hachi-gatsu no kyôshikyoku) (1991),Drama,0.5,1,0.0,0
25962,King Solomon's Mines (1950),Action|Adventure|Romance,3.5,1,0.0,0
7388,"Brother Sun, Sister Moon (Fratello sole, sorella luna) (1972)",Drama,2.5,1,0.0,0
89427,Shark Night 3D (2011),Horror|Thriller,1.5,1,0.0,0
4355,Youngblood (1986),Action|Drama,4.0,1,0.0,1
4208,Unmade Beds (1997),Documentary,5.0,1,0.0,1
6462,"Undefeated, The (1969)",Western,3.5,1,0.0,0
96857,Red Lights (2012),Drama|Mystery|Thriller,3.0,1,0.0,0
44929,Candy (2006),Drama|Romance,4.5,1,0.0,1
51418,Breaking and Entering (2006),Drama,3.0,1,0.0,0
7000,Hudson Hawk (1991),Action|Adventure|Comedy,2.0,1,0.0,0
2187,Stage Fright (1950),Mystery|Romance|Thriller,3.0,1,0.0,0
43853,"Business, The (2005)",Action|Comedy|Crime|Drama|Thriller,3.0,1,0.0,0
87042,Wanda (1970),Drama,3.0,1,0.0,0
93790,Detachment (2011),Drama,3.5,1,0.0,0
3757,Asylum (1972),Horror,3.0,1,0.0,0
56389,My Blueberry Nights (2007),Drama|Romance,3.0,1,0.0,0
5788,All or Nothing (2002),Drama,5.0,1,0.0,1
6298,Malibu's Most Wanted (2003),Comedy|Crime,2.5,1,0.0,0
4632,"Package, The (1989)",Action|Thriller,2.0,1,0.0,0
5737,Faces of Death 4 (1990),Documentary|Horror,5.0,1,0.0,1
